memory_initialization_radix=2;
memory_initialization_vector=0011000100110011001000100000000100001110000011011110110111101100 1111000011100001000100100011010000101111111011110000111000001110 1110111100001110000011111101111111100010000000100001000011110001 1101111100001110111011101101110111110010001000100011001000110011 1101110111101111111100010000111111110001001000000000111011110000 1111000100100001111011111110111100100011000111110000001000011111 0011001111111110111011111101110111110010001100100001000000000000 0011001000001111101110001000101011110011001000000001000111110000 0000000000000011001000010000101111011110000000010000111100000010 1100000000010010000100001010111000100011000011011110111000010011 0000111111101110111100010010001011110000000100010000000000000000 0010000111101101111000010001000111111111111011111111111100001111 1111000000000000000100010001001000100010001100100011001000010001 0001000100011111111111111110000100010001000100001111111100011111 1110111111101110111000000000111111011111111100000000001000000000 1111110111011111111111110001000111100001101011101101111010101001 0001001000100010001100001111111011101110111011111110110111111111 1101111000000010000000000001000000000000000011101111111011111110 0000000100100010001000100001000100100001000100000000000000000000 1110000100100010001000010000111100001111000000001111111100000000 0000111100001111110111101111000011111110000011110000000100000000 0011111111111111000000000000111011101110000000100011000100000000 1111000100000001111111111110110111110000000100001111000000000000 1111000000010010000011011001101100000001001000101111111010100000 0000111111011110110110111011110100000010001101000100001100001111 0000000000001111110111001100000000110011001000100001111100100001 0000000000100000111100010000000000011111111111110000000100010000 1111110111001010101011001101110111101110111100010001001000010010 0010111110111011110011100000111111111110110111011110111100000000 0000111011000001000000000000111111111110111111110000111000010000 0011001100110011001100010000000100001111000011111110111011101111 0000000000100010000100100001000100010001000011110000111100010001 1110000000010000000100010000111111101110111011110011000100010001 0000000011101101110111101100110011001100001000100001000111101110 1111000011110000111100010000000100010010000100001111000000000010 1100110111111101100110111110111100000001000011011111111100100010 1100111000000000000100000000111100010010001100110000111100000000 1111000011110001000011101101000000000001000111101101110011100001 1111000000001111111011101111000100010010000000001110000000010001 1111111011110000111111100000000100100010001000000000000000000000 1101110011101110000011111111111111111111001100110100001100100010 1111000000000001000100011101110111110001000100000000000000100001 0001000000010000000100000001000100000000000011101110000011110000 0001000100001110111100000010000111111111111111101010110000100010 0001000100010001000100100100000111101101101111011101111011110000 1101110011011111000000000010111110001000101000000001111111110001 1110111111101111111111110001000000100011001100000000001000010000 1110000000001100100010111011111111110000000100011111111111111111 0011111110111101111100010001001000100010000100000001000011111110 1101111100011110111011101101000000100001111111100010001111111110 0000001000010000111111111101111011101111000100010010000000000010 0000000100000000000011101011111100010010001000100000000111111111 0011111111011100111011101111111011101110000000010001000100011111 1110110011100000111111101110101111001110000000010000111111110001 0000000100010000000100011111111100001111000100001111000011111110 1110111000001111111011110000111100000000111100001101110111110000 0001000000011111111100001111110011011110000000000000111111011100 0001000111111111000000011101110011110010001100101111110010111101 0000000100011111000000000001000011111111111011111101110111101110 1111000000010001000011110000001000010000111111111110111100000010 1110111100010001000100010000111111110000000011111110101010001011 1111000000000010000011111111000100010000111111011110110100000000 1110111011111110111100001110111100010000000011111110111011101111 0000111011110000000100100001000100100010000000000000000100100010 1111000000010000111111111111000011111110110111111111111000001111 1110111011101111111111101011111011001101110100010001111011011101 0001000100010001111100000000000111110001000100001111111011110000 0001001000001111101110111101000000100001000100001111111100000001 0000000100000001111111110001000001000000100100100001000000010010 1110000000110001000000011111111000000000000100011101111011101101 1101110100010010000111110010000100000001000100010001000100010010 0000111100001111000000000000000100110001001000001111111100000011 0010000000001111000111010000111111111101111000000000110100000011 1111000000010010001100001101111011001110000100000010001000110001 1110111100000000000000001110110011010000111100000001000100010010 0000000000010010111111111111111100000001000011110000111011011111 1110111000000000000100001111000000000000110111000001001000000001 1110111000000001000100100000000011101101110111110000000100001111 0000000111111111000000010001001000011111000011111110111111100000 0010000000010010110100000000000100011110100011110001111000000001 0000001000010000001000001110000011110000000100100010000000001111 1101110111101101111011001110000100011110111111110010001011110100 0000000100011111111000000001000000001111111111010000000100010010 1111111111111110111111110001000100001111110100000001000100010010 1100110011100010111111100001101111011001110011011111000100011110 0011111100010010111111011110111111110001001000000000111100001101 0001111111100000000111111111000011111111111111111101111000010001 0001000111111101110010101010110011111110111111101110110111001101 0000001000110000000000011111110100010001111000000011001011110001 0000001000000010010000110001111110111100000000001110111011011111 1101111011110000000100010000110111001110000000010001111111001100 0010001000110001000011111111111100000001000011101111000000000001 1110001000010000111111110010000000000000111010101111000000000001 0000111011010000111100001111111110111111000000010001000100001110 0010010000011100101111101110000000010011000111111111110111000000 1100111100011111110000000010000100001111100011000000001000011111 1111111100000001001000100000111011101111000000010010000011111111 0001000100010000111100010001111111100000000011100000111011111111 0001111011011101110011110000111111101101111011011101110010011111 0000000000010000111111110000111011110001111111100001000011101111 0001000100000010111111111011000000110000110100000001000000011100 1101111011011110111100100000111000001111000000101110000000100001 1101111011011111111100100011001000110010001000110001000100110011 0010001000100001111111101111110111001100000000000000000000000011 1101111100000001111110111110111111110000111011010000111100011101 1101111100010000110111110011010001010011001100011101111111110000 0011001000010001000100001101110010011101111010111011101010011111 1011110010111011110111010000111011101111111111100000000111110001 0000110110110000111111101111111000010010000100100010000100000010 1111111111111111001000100010001000010000000100011111000100100000 1110110011100000000000001101110011101111000100010011001100110010 1101110100000001111111011110000100100000000011110000000011010010 1110110111011110111111111111111011011110111110111100111010111101 0011000111111101101111001100110110101011110000011111111111101111 0010001000000000111000000000111111101111000111110000111100000001 0000110111011111111011010000100011001110111011001111000000000011 0001111111101110111111010000000000010010110100001111111100000000 0011001011111101111000001101111100100000110011111101000100110001 0000000100100001001000011111111011110001000000100100001100010011 0010000011111101110100010010000000000000111111100000000000100010 0000110111110001000011011110111111010000111111110001001011110010 0000000100100000000011111100110111111111111100000000000100100001 0000000100110011111110111101000011110000111111101110111111101111 0011000011001101111011110001001100010001001011111111000100010011 1110110100011111000100110000111111101101000100100001001000100000 1110000000000010001000011010110000000000000100011111111000100000 0011111011001110000100010001001100011111110110111100000100100011 0000111111000010000000000010111110101100111000000010000011111111 1111000101000100000111101100000000000010001011111110111011101110 0001111100000001000100010000111011110000010000001011111011101110 1111111111011100111011100000000000001101111100001111111000010010 0001111011111110111100100010000100000001000100001111000100010011 0001000000100001111110111111111000001010111100100001111100000010 0010000000000010000111001011110100110001101111000001111111100000 0001111011110000111111110001111011111111110011010010000111111110 0010001000010010000100010000000000010010001000011111111011101110 1101111000001111110111100010000010111001000100101101110100000001 1111111110011111001100110000101111100001000100000010001011111011 1111000100000000000011111111000100000001001000010001000011110001 1111111111110000001011111110000011111111110111110001111111101111 1110111011110000111011010001001000001100101100010010000100000001 0000110111001111111111111100000000010000111000000010000011110000 0001000000011111110100000010000100001101111100001011111111111111 1110001000100000100011110010001011101001000000011111111100010010 1110111011100000110011011111111011011110000000010001111100010001 1111000011111111111111101100111100011111111000000000111111100001 0001000000000001000111111111111100000001110111110010000000000001 1110111111111111111111000000001000001110111100010000110100000010 1111000000001101100111110000111110001110000100011010110100000000 1110000011110000000111000000001100011001111000010000000000100000 1101111011101110111111011100000100011110111000000000111100001111 0000111100000010000100010000111111011101110111000000000100001111 1110111100011101101100100010111011100001000011001111000000000010 0001000111001110111100001110001000011111110100001111000010111110 0001000100000000111100010010000100000001111111011111000100100001 1100110000010010111111100010001011101111000100010100001100010000 1111000000000000110011011111001000001110000000010001000000001111 0001110111101111110110011111000100011110111111101101111100000000 1111000100010000111100010010000011001101000000000011000111101101 0001000100001110101111111111110111010011001000001101111011100000 0010111111001101111011100010001011110000000011101110000100100010 0000111111110001000111100000001011111110000000000001000000011111 1111000011100000000011001100000000011111000000100000111011011011 1111000000000001111111110001000111111111000100010000111111111110 0010111100001111111100000000000011110000111011111111000000010001 0000000000101110110100010010101100000001000000100010001011110001 0010000100010000111011101110101010011011111011101101110011101111 0001000011111101110111111111111111111111111100000001001000010001 0000111111010001010000001111001100011111111100011111110100010000 1110000000011111110100100011000111110000001000100000110110011101 1111111100010001001011101101111011111011110011101110000000010001 0001000111101100000000010010000100010001001000100001000011100000 1110000100011111000000110001111000010010111100000010000011011111 1111000000001011111000001101101111100000111011111110101111010000 0000000011011101000100101101000100001110001100100001110011110000 1110111100000001000111101011000000100001111000011111111100100001 1110001000010001001000011111000100101110110100000001000000010001 1110000100011111111100010000111100011111111000010000000111110000 1100110011101101101011011100110111101111111111101111111111011111 0001001011111101000000011101111100001111111100010001111111100001 1111111010110000000000001101100011100010001010100001000011101111 0001000100001110101000110010110111100000000100001111000000000001 0001111111111110100100000001000011101100110100000001001100110011 0010000100011111111111101110111011011110000011110001000011110001 1110111111010000001101000010001011110001000000100001000100001110 1011101111001110111011100011001000001111000100010001000000010010 0001001000000010001100101111111011111110101111001111000011111101 1111000111111011110100000001001011110010010000010010000100100001 1111000100001011110100000010000011001111000100000000000111110000 0000000100101110111100010001110110101100111111110000000100010000 0010010000001110000000001110111000000001000111110000000011111111 0000000011100001000111111101110000010000111111100001000100000001 1110000000010010001000100001000000010000111011100001000100001111 1110001100100001000100000001001000001111000000000001111100000000 0001111100000000111100001111111111111111000100010010000000010001 1111001111111100111100011111000011011111000000000000000000001111 0010000110111101000000000001111111001011110111101111111111111101 1100000100100011111011001110111100000010111111011010110111110000 1111000000010001000011011110111111110001000111110001000100100001 1101111011111111111011011101111011111111111111111111000000000001 0000000111111111000100001101111111101110111011110000000011111110 1110111111010000001000000000111111000000001100100010111011100010 1011111011111111111011101100111100000000001000100001000000000001 0000001001000001001000010000000000100000000011101110111100010011 1101000100100001111011100000000011111110111011100000001100100010 1110101000000000111100000000110100000001000011110000111011011110 0001000100000001000100001111000100100001111111011100111000010010 0010000111111100110100100010111111101010100000000001000100011110 0001000100100000000000010001000000010000000100010001111111110000 0000111100010000111100000000000000001111000000001111111100010000 1111000011110001111111110000000011111111111111110000111100010011 1110000100101110111011011111000100010001111011011110000100100011 0010111011001011111110101100111011101011111011111111111100010001 0010000111011111000011101011101100100010110111000010000100000001 0010000100001011111011111110000000010010000111110010001000010000 1111111111111110111011101111111111110000110110111101111111110001 1111110111111111101111100010001100011100111100011111000000010000 1111000000001111110111011001111011011011100110111011111100010010 1110111000000010000100010001000000000000000100001110111000010000 0010001000010010000110101000101011010001000011111111000111111111 0000000000000000111011110000000000010100000011010001000111110000 1101110011010001001100100000000100010000110100000010000000010010 1111000000100011110110111100111000011011110100100010000100010000 0010000111111101101111010001001111111101111011110000000000100001 0000110100000000000100100000111111111110110111110000111100000001 0000000011111111001001000001000000110010001000010001000100010000 0001001000101111000000100010000100100011001000110011000100100001 0000111111110000111111101110111111101101110011101111000000000000 1111000000010000110011110000000011101110001000011111111111001010 0010111111110001000111010000001000011111000000001111111111110000 0010000011111111111111011010110111101110111011111011110011001100 0001000100001111111111101111000000010010000011111111111000000000 1101111100010000111100010010111100010011000100001110111111100000 0000111100100010001011101111000000001110111100000001000111011001 1011110010111011101111100000110100000011000111111111111100000010 0000000000010010000100000010000100000000000000010010000000010000 0001111100010010000000000010001011101111111111111111111000010001 0000110111101111110110001110111111101110000011011100101011011111 0000001000101111111100100010000011101110110111100000111100010000 0000000100011111111000000001111010110010000100001111001000001101 1101111100001110111011110001000100000001000011111110000000100010 1111000011111111111111101111000011110000000111110000111100000000 0001111000000000111000000000111011101110111011110000111100011111 1100101011101111111100000001000011101111000000010000000100100010 0000000011111110111011001100110011101110111111110001001000010000 0001001011101100000011111110111011000000000100000000111111100001 1110000011101101111111101100110100010001000000000001000000000001 0010000100010000111011100000000000011111110010111110111111110000 1110111111110001111111001111000100100000000011101111000100100001 1110111100000000001011111101111111111011100011011110000000010000 0001000000000001001000100010001000101111110111100000001000011110 0010001000010010000111101001100010111110000100011110111100000000 1100110011110000000000010000111111110010001000001111111011010000 0001000111101010000000000000000000000001111011110000000100100010 0001111100000000111111101100110100010011111111011110000000000010 1110111100010001111111011011000000010000000011011101000100010000 0100001011110000001000010010001000001111111011100001000100010001 0010001111111111111100000010010000110000111100010000000100100010 1111000000000001000100010000000000001111000000010001110111011110 0010000100010010001000001110110111011111000100001110111111110000 0001110100011111000000000000000011110000000011011101001011101111 1110000100010001000000000010000011010001000011111110111111100010 0010000000000000111100000001000100010000000100001111111011100001 1111111100100001000111111111000111110000111111101110111011001101 1110001011111111000000110010000000010000001100100010001000010000 0000110100000010110111101100111100011111111100000011001100110011 0001001000100010001100110001111100000001000011111101101010011001 1111001000101101100110011110111111110000000000000000000000100001 0010001000001111111011100001000011101110111011011111111111110001 0000000000100000000000010001111111001111111011101111111100000000 0001000111111101000000010001111100000000110111101110000000010000 0011111100000000000100011111000000001111101110101110000111111111 0010001000100001000100010001000100010001001100010001000100010000 0000001101010100001000100010001100100000000000011111000011110000 0001000100100010000111110001000011111100110111101101110111110000 0010001000011110111000010001111111111101111100001111000000001110 0010001000001101000000001010000000000010000000010011001100111111 1111010100101011111000101111110100011111111000000000111011100010 1101000000110000111000001111110111101111110011110000110111100000 0010001100100010111111110000000100010001000100010001000011110000 0010110111010000110111001111111011000000000111101110111100011100 1101000000010000111000010011001100110000000100100010001000000011 0001111111110010001011111110111011111111111111110000111111110000 0001000111111010110111100000000111101111000100010000111100010000 1111000100001111000000011111111000010001000000001111110100100100 1111001000011101000000000000000000001101000000010000111011001111 0110001111000000000011101110000100010001001111111110111100010000 0010000010100001000111111011000000010001000011011111001100101111 0010001000000011010000000000000000001111000011110000000000000000 0001001011100000110110011100111111111101111100001110110111001101 0000001100001110000000000000111011111111111111110000000000010001 0010000000001111000000000000000000010001000100000000111100100011 0001000011011110001000000001000111100001000100001011111000001111 1101111100000000000111110001001100011101001000101111110111101110 1111111100000000000011111110000011101110000000001110111000000001 1101100111001101110111001101111111110000111011101111110111001110 1111111111111111111000010001111100000011001100000001001000000000 0100000011111111111111111111000100101110101111011111001000110011 1100110111101100110111101111111011110001000100000001000011101101 0001111100000001111100100010000100000000000100010000000100100100 0000111100010001000000001111111111011110000011111011111000010000 0000111111110001111111000000000010111000111100000000111100001101 1110000011101110000100010001111011010001111010001011111111111101 0001000100001111000000010001000011110001111110001011001000010001 1110111011111111111100010001000000000011010000100001001000001110 0000000111100001000000000010001000010001000100001110000000011111 1111110100001111000011111110000100001111110110101101000000100011 1110110111011111111000000001000100000000000011011011000000100000 0000110111100000000011111110101000011110100110001011111010001101 0001000100100001111000000001000011011011111011011110000000000001 0001000000001111101111011101110111101111000100000000000100010001 0000000100010000000011111111111111111110111111101110111111111111 0000111000001111000100100010001000010000000000010001000111111110 1100000000101010110111101011111100000000000100010001000111110000 0001000100010000000100001111111111110000000000000000001000100001 0001000011110000000000000001001000100010001100010000000000001110 0001111100001111111100001111000011001110000100100001001000010000 1111000000010000101010001000100010001000101010111111000100100010 0001000000010001111100000000111100001110110011011110111111011111 1111110000000000001000001111111011011110111011110010000111100000 0000000000010000001000010000000000000001000111110001000011111111 1111000000100001000100010001001000010000000111101111000100010001 0000000100100001000011111111111011100000001000010000000100010001 0000000011111111111100000001000100000010001000000000000100011110 0001001111001101111010111010001000010011011110111011111111101111 0100001000001111111111101111111111100000000100011110110100000001 1011111011011011111011111110111011101101110011101111111111010000 0001000100001101110011101111000011110000000000001110111111110000 0011000011110011001000001001111000010010000100000001001000000010 1111000100100010000000011111101110001110000000010000000000000010 0001000100010010000100001110111100100000111100000000000000000001 0010000111011001101000010010111100000000111111101110000000010000 1110110100001111111100100010111010111110000000011111000000001111 1111000111111111001000010001111111011111000011111111110000000001 0001000010101011000000100000111100010011001011011100110111110001 0010111110110010000111110000000000010001000011110001000100001110 0011001100110010000100001100110000001110000100010010000000010010 0000001100100000110100010010000011110000001000110001000000010001 1111110111111110111000001110000000000000000100110000000100011111 0011000111001100001001000001111111110000000011111111000100000000 1111101111011111000011011111000000011010110011100000000000100010 0000000011110000000011110000000000010000111111100000111111111111 0010001100100001001100100001111111011100111011101111111011101101 1100110011001100101011011110000000100010000100110000111011111110 0001000100100010000011110000000011011101000100010001111111110001 0001000000100010010100001111111010001011000100100010000000001100 1101110011001010101111011110110100000001010001000010001100110011 1111000100010000000100010010001000100001000000001111110111001101 0000000000000000001100011111000000001111101111110010001000001111 0000000000010000000111101000100010101101000000100001000000000000 1110000000001110111100000010010101010000000011111110110111000000 1110111111110000001000010010001011011000101111100000001100010001 0010000011111110111011101100111011100000001100110010000000000000 0000111011011100111011101110000100110001000100110011000100001110 1010101010001000110011111111000100100001111111110000000100010000 1110110011101110111111110000001000110001000000010010001000011111 0011000111000000000000101011001000100000110111111100111000010010 0011001111011000000100111101110011111101111100100000101111101110 0001000100001110111100011110101111110000000000000001111111111111 0011001000000000111011100000000011011110111100000000000011111110 0010111100000011000011110011001011100000000011100001001011110000 0010001100111101111000100011001100101111111100110011001000000001 0000111000000010000100000001111110111011111000000000001000101111 0011000110111111000111110001000111110000001000010001000000001111 0000000011100000001011111110111111110001000100001101111100100001 1111000111111011000100011111000000001011111000010000111111111100 0001110011110010000011001101000011100001001111111110000111101110 1111110100000010000010111100000100100000111010001010000100010001 0000111100010010000111100000000111111110111111110000001000101111 0001000111111111000111011101001011111110111111110001000000010000 0000111111110001000000000000111111110000110111100000000000100010 0001111011000010010011111110000011111111000111101111000100110001 0011000100011101110100001100100011110010000011101011000000011101 0000000111111111110111010001001011111100001000101111101000010000 1100111111111110110011100010001011111101000100100000111000000001 0010001000100001000100001111000000000000000000000000111100000001 0001111000000011001000010001000100000011000111010000001011111100 1011111000010010000110100000000100011111001000100000000100100011 0010001000010001000100010010111100010010000011111111111111101100 1110110011110001111100010010000111110000000100100001001001000011 1100110110111101000100010000001011101111000100011111000000100010 1000100010011001100000000010000111011101001000011111000000011110 0000111100001111111111101110111010111111000111000001001011111110 0010000011110000000111011100101000010010110111101110001000000000 0000111100000010000100010010000000000001001111111111111011111101 0001000000000001000000000100010011101111000000001111111000011111 1111000111111111111111010000001000100000111100001101000000100010 0000111100000001000000000010111111110000000011111111000000010000 0011001000010001111000000010000111111111110000100101000010101010 0001000100100001000111111110000000100001101111010010000011110000 0001001000100010000011111110111100010010111111010000001000010000 1111110111110001001000100010000000000001001000001101110111101101 1111111100001011111011110001000011111110000001000001000000001111 0001001011101111111100001111110111110000111111111111001100101101 0001111100010010000100000000111100000001001000101101110011001101 1101101111100000111111101110111111111100101111001111001000001110 1111000100010000111111101111001000101101110011101110000011111101 0010000100100001001011111110000100010001111100000001111011011011 1111111100010000000000000000000111111111111100011111000000011110 0011000100100001110000000001000011001000111000100000111110001001 0000111011101111111111111111110100000000000100100000000100010001 1110101111100010010011111111111100100011000100100001000100100000 0000001000000000001100000000000100000001000000001110110111101101 1111000000000000000011010001001000001110000000110010000011111111 0001000100100001110000010000000011111111110100100001111100010000 0010111110110001001100101101110000010000111111111111111011110000 0001000011011110111111111111111100111111111011110000111000000001 0001111100000000000000000000111100000010001000100011001000010001 1110111011101111000011101110111111011111111010111100000000001111 0011000011101111110011001111000000011111000011101111000100011110 1110000000010000111111101111111011001111000100100011001000100010 0000111100000000000100010001000100010010000111110000111010111100 0010000011100001000011011111111100010011000100000000000011110011 0000111011011101111011111111111111101001000100010000000100000000 0010000000110010000011111110111100000001000100101111000111100000 1111001000100000111011000000000100011111000011101011000000010001 0001000100110001000111101111111011101101111000000001000100100001 0000111100001110111100001111110011001101000000000000000000000010 1101111011111111111111100010000100000001000000010001000000010011 0001000000010000000000001111110111110010001000010000111100000010 0000000100100010001100001101101010100010000000000000001000100000 1111000100001111111100000001000111111111111111101110000100100000 1111000000001111111111111110111111111111000100011111000000000010 0000001000110001000100000001000100100001001011100000111100010000 1111000100010000111100001100110111101111111111111110111100010010 1011000000000010001000000000001001000011001100001111000000010100 0001000100000000111100001111000000010010000011111101110011101111 0011000100010000111100000001111111011110111111111111000100010101 0100001011011101111000000001000100000000001000100000001100101110 0000000000001101100010001111000000000001001000001110111011110010 0011000100001101111000000001000100001110100111010000001000010000 1111000111110000001000011110110110010000000100010010000011001111 1111111111101110111100000000001000100001000011111110110110111100 0000000100001111111111101111111011100000000011011000101011011100 1110111011101111111111110000111111111110110111011110000000001100 0010001000011111111100000001000011101110111011011111000100001111 1010111100001111110011100000111111101001110011111101111100000001 0010111011000100000110101101000100011111111011110001111011000001 0001111111010001001000100000111100000001000111100001000111100000 0001111011011111111111110000000000010000111111111111001000010001 1100000000011110101100000001000111110000001000000000000000110001 1100110011001100110111000000111100010000000011111111111100000010 0001000011101111110111010000000100000000000100100000000100010000 1110110111011111000111011111001000101110110011011110111011111111 0000110011010010000011011101111111111101000000001110111111011111 0010111000000010000111111001111011111111111000010010000011100000 1110000000110001110100100010000011101111110111101111001000010000 1110000100011101101111100001000010111110000100001111111000010001 0001000011101110000011100000000000000001001000100001111111111111 0010101011101101000000011111001000011101111000010010000011110000 0010001011110000001011101110000100010001000011110000000100010010 1111110111100000000111110001001111101101111100001110111100010010 0010000011001100100010111011110111110000001000101101000000000000 0010000011110000000100001111001011110000000100000001000100000001 1111111100000010001000010001000100010001000111110001001000000000 0001000111111111111111101111000011111110111100010010000100000000 0000000100010000000111110001110100001111111100010000000000010001 1011110011010001111100011111111011111111111011100000000000011111 0000000000010010001000001110111011011011101111101111111100000000 0000111111110000111111111110111000010010000100110010000000100000 1101111011101110111100000001000100010001000000000001111100000010 1110111011110001000100010001000100010000000000010000000011100010 0001000011111110111010111110110000000010001000100001000100010011 1111110111101110110100000001000100011111000100000000000100010001 0000000000100010000100001111111011101111111000000001111011110000 0010001000010001000011100001110111100001000000010010111011000000 0000000000000000111100011111111100001111111000000010000100000000 0001001000001110111011100001111000010000000100110010000000000001 1111000111101111000011111010101011110011001010111110001100010000 0000001000100000111100000000000011011110111100100001101100100000 1111111111111111111011101101101110001101111111110000111000010011 0010001000100001000100000001000100001110111111100000001000011101 0001111111101111111111100000111100000011000011000010010011111110 1010110100010010101110100000000100101110000000010001001000110010 0001111100000001000100100010000100011111111011010000001000011110 0000000000010000000011110000111111001111010000100000000100111111 1111111011010001000000001111111011001110000100101100000000100010 1100111011111100110100000000000011101011111111111110111000010001 0011000111110001001000101101110010110000000100010000000111011110 0001000011110000001011111000110000010010000110011101000100000000 1110110111011111000000000001000000010001000111110000001000100000 1111111011111111000011110000001000000000001111111111001000101111 0000000011101110111111101101110111001011111000010000000011111110 0000111111110000001011111111111111110000001000000001000100001110 1101001011111101110011010000001011011100110100010001111111011111 0000111100001111000000001111000100110001111111101111110000000010 1111100110111100111100001100110100011111111011110000000011111111 0011000000000000000000001111111011101111111111011110111000000000 0011001000001111111111100001001111111111001001001110110111111111 0001000011001101111111101110111111010011001000100001000111010000 0001000000010001000000000000000100010001001011111111110111110000 1111111000010011001000000000000111111111111000000010001100100011 1111111000010000111111101110000000001101111100100010000000100001 1010101111110001000011011000111000000000111100010001111000000000 0000000100000000000111110001001011001110111100011111001000000001 0000000000001101110100000001000010111011111000010000111100010000 0000001000010000111100000001001000100001000000011111110111001110 1111000000010001000111110000000000001110111011010000111000000001 1110111011110000111111101111000011011110111100000001111111110000 1110111100000000111100010001001000011110111100010000111100010010 0011001111010001000011110001000000100010001000000000001100000001 0010001100100000000000001100111000011101111000010000000000001111 0000000100001111110111111111110000010010000000000000111110111111 0010001100100001000100010000111011100000000000010000000000001101 0001110000000010110010110001001000001101111011011110000100001111 1111000100100010001100111100101100010001000100100010000011011110 0000110111100000000100100001111110111100111111111101111000001110 0000000000000000111110111011000000000000000100010001000000011111 1100000011110001000111111110000000010000000000011110000100101111 1101110111000000111100010000000100010000110011001101110000010010 0010001100110010000011011111111111100001001000001111000100001111 0010111100000010111100010001000011110001000111111111000011011111 1101101111100001001100010000111011011111111100011111111111011111 0010111111011111111111011010101011011011110111101111111100101110 0001001000100010001000101011110010111110000000001111001000100000 1111000000000000000111011111000100011111000111111111001000101110 1010000100001110110111000000001000000000111000010010111111011011 1111101011110000000100001110111000000001000011111111000000001111 0001111111011111000100011111110111010001000011001110000100000001 0001111111101111000011101100110011111111111111111100110111111110 0000000000010011000100001111001000100000001000010000001000011111 0000111100010010011001010000111111101111111111111100110011101101 0000000111111110110111001110000000001110111000001111111111101101 1101110011100001001100100000000000100000001000100010000100100010 1101111011100000000100011111000100100000000011111111111111110000 1111101011100000000000001101110000000000111111001101110111001100 1110110100010000000100001110000100001101111100001111111111101110 1111000100001110111000000001001000010011111000100000111111010000 0010000100001111000000010010001100010001000100010001000100001111 0010000011101110000100100001000100010000111100000000000000011111 1111111111110000110111111111110100010000111111101011111011101101 1110111011101111000000101111000100101111000011111111000000011111 0010111111101100101111100000001011111100111101000010000000001111 0001001000100000111011001101000000100001110111111110001000011101 0010001000100010001011101100111011110000000000000000000100011110 0001000100100000111111101111000100100000000100001111000000010001 0000111100001110111111011111000100000000111100000001111100000001 1111111110101010000011100000111011010000000100011111000100100011 1111111100000000110111011101111011111110111011111111000000000000 0011000000010001000000000000000100100001001000010010001100110001 0001000011110000001100010000001000001111110111100001001011111110 1100101111110001001011101000100010011001100010111111000000001111 0000000000001101111111111111001000011111000011111111000100010001 0011111010110001111100010010000100001100111000101111111100000001 0000000000000001000011101111111111111111000100010001000100000000 1111111111100000000011011110111000011111111111111110000100001111 0001000100011100111011101110000100000000110111011101111100011111 0001111011101101111011110000000111111111111111110001001000100001 1101111011011011111011101110000111011111111111010001000100010000 0001111111010000000011100000111100000001000111110001111000001111 0010000111111111000011001101110111001100110010101101111011011011 1111111100000001111111011110110111101011101111001011101011011110 1110000000001110000000010001001000100001001011111110111111111101 1101111000000101011000011111110111011111000000010001000100001110 0001000111111111000000010000111011110000000011110000000011101110 1011110100000000000000001110111100100000000000011110000000011110 0001111111010000000100001110000000001111110000001111111100010001 0000000000010010000100010010110111000000111100001111110011011110 1011111100010001000111110000000100011110110111001110111100010001 0000111111101011110100010010000000011111110011110011001100100001 0001000011110000000000010010000000100010000100010000111111111110 1111111111111111000100100010000100011111001001000010111101000001 0010001000001101110011011101111111111110111100010001001000110100 1111000000001111111111101101000000010000110111011100000100100010 0000000011111100110111110000101111111010000011111110110111100010 0010000100010001101111001111000011111101101111100001001000010000 0011001000100010000100000000111010111000100100001110000000001101 0001000000001111111100000001000100100001000011110000111111111101 0000000111111110000100011110110100001111001000010001000100010001 0000100010101011110010111110111011101110111011011100111100000011 0010000000001111110111101111000000100010001000100001111011110000 1110000100100001000000010011001000001110101010111101111100010001 0010000000001101110011100011000011101110111000000000111111101101 0000000000000000111100001010111011110001000011100000000000001111 0001001000011110000000100010001000000000111000000000001111101110 0001111010111100000000101111100010101010000100110001111011110000 0010001000110001111010111100111100110011001100001111111111110001 1110111100010001110111010000000100010010001000010001000100100011 0000111111011110111100000010000100000000000000001111111100000010 0000000011110000111100110101001100001110111000001111111111111111 1101000011111111111100000000111100001111111100001110111111111101 1100111011100001111000110010000011101110111011110100000011010101 0001111111111111111011001101111011110000000011010000000011110000 0000100111100000001100000010001000001111000000001110000111001100 1101110111011101110011110000111111111101000000000010111111010101 0000001011110001000011000001000100011100111111100001001000110000 0001101111111110000111001101111011100011001000010010000100000000 1110101111111111000000000001001111110011111100001100101111000010 1110111000010000101100101110101111110001111111110100001011100010 0000111100000010000100110011000000100001111110100001000000110000 0010000111111100110011011101111011110000000100000011010011110001 0001000000010010001101010000000100000000000011100000000000101111 1110110111111110111100010010000100100011111111011101000011100001 1111101111010010111011011100111011100010001100110000111111110001 0010000100101101110111101101111100100000111100110001001011101111 0010001100110001111011101110111011110001000000001111111111111110 1111110000000001001000100010000111011111000100100010000110111111 1111111111111001110000010000000000001111110111110001000011011110 1111111011011101001000011001111010110001111101011111111000000001 1101111000100000001011101111111111111111111000101101111111000000 1101111011000000110000001111000111111110110111000000000011010001 1110111011111111000111110000001011110000110100011101000000110010 1110111100010001000100010000000111111110111111001110000111010001 0000000000000000111100010000001000010001000100000001001000001111 1110101111010001000100010010000000000010111111100000111010011110 1111000011111110000011111110110111010000111100011111111100011111 1011000001000010111111111111111000011111000011000001001111011110 1010110111011110111011111011111100011111000000011111000011011100 1111111011111111111100000001000100011111001000010010111111101110 1111000011011110110111111110001000100001000100010001111100101110 0010001000011101000100001111110100000010001000110100001000000000 0010000000010001111111100010000100000001111011100001111111011110 1101000011001101000000001101110011001111111100000001000000010001 0000001011101111010011111111000011100000001011010001000100000010 1001101111101110000011101101000011101000110111101110111011101111 1110111100011111111000100000111100001011111001000000000111110010 1110001011010010000100000010001011110000000111111111000111110000 1111000000111111000011100001000100101111000111110001000000011111 0011111000100101000111111110110000001111000000001111010011111111 0010000000100010000011000001111000010000001100010001001100000000 1111111100000000001100010010111111111101001011100001000011111100 0000001111110010000011111101111111001111110100001101110010100001 1110001000000000001100010001000100010000000011101111000000010000 0010000100000010110111101111000011010010000011101101110011010000 0001111100100001000100100100111100101110000011111110111011111110 0001110100000000001000000000000000001101000000010000000000010010 0001111111010001111100000011000100100000000100110010111011100001 0011000011101101111100001111000100000001111111110000000011111100 0000111100100001001100011110111111110001111000001110111111110000 0000111110110001111100000001111011001000101111010001000011101111 1111111100000011111111111111111011110011111011110010111011110011 0000110100011101111111001111111000110011001100011111000111101111 1111001100001110111111111101000111111011110111011111111011101100 0010111111010100110111110001110000001101110111111111000000010010 1111111100011010110111111101111100100000000100101111111111111111 1110111111110010000100011101111111101110111011101111000100100010 1111111000010000000011111100110111101110000100000010000000000001 0001110000010000111011110001111000100000000100010010111100011111 1111001111111101111011110001001000000001000111110000111111111111 1111001000010011000111101111000010110001111100000010010000101110 1110000011110001000100001101000011110001000000000000000101000010 0001000111111110001100101100110111111111111001000000111000011110 0010000011111111001000010001001100010001001111111110000000000000 1111000111111101001000010000000111001100110010111101000000000001 0000000000100000000011110010000011111101111111110001001011111011 1110000011110011001000010010111111110001111100000000000000001101 0100001011111111000000110001000011111111000111110001000100100010 0000111100010001000111111110001000001101111011101111000101001110 1111000111011111000000011101111111100000111100000000000100000001 1111000011101110111000011111000011101110111000011111000011011111 0010111111001111000100010010111111100001111111110001111000111101 0010000100110000000010111100111000101110111000010100000000011111 1110000111110001001000000001000111111111111111110000111111111100 0001001011101111111100010000000111111110001111010001000000001010 0001000011001100000000011101111111011110000000011110001011000100 0010000011110010000011111111111000010010000011110010000011111111 0001000000010000000111111111001000111110111111111111001000101110 0001111000000010000100001101111100001110110110110001110101001101 1110101111100000110111111111110010111100111001000000001011110100 0001001100100001001000001111111000000000101011001011110100001110 0001000101000000000011110000110100001101000000011110111000111110 0001000011100010111111111101000100010000001000100000000000011111 0010111000000011000000000000110111100001111000000001000000100000 0011111000100011000111110000111001000000111011100000001010100000 0001001011111111000100001111000011100001000000100001001111110000 0001000011100000111000100001000000000001000011011111000100000001 1101000000100001000000101111000000100000111100000000111000110010 1110001000000000111011111110110111010001110100001110001111110010 0001111111111110111000001111000011110000111100001111000000000000 0100000100010001111111101111111011111111000011100000000000010001 0001001111110001001000001101000011001110111100011110111100001111 1111111100010010001011110000000111001111000100011101000000010001 1010000111101111000111111110110111011101110111010011001111010000 0000111000001111110111001110000000011101111000000001001000101110 0010110100000000000101000001000000010010111011010011111111000001 1110000100011111000111111011000100000000000000100000001000000001 1111000111110000111100000000111011111111111100100001110111111111 0000001010111111000000011011001100110000000100000010000000010001 1111110111110000000100001101111010101010100011010001001011110001 1110000011111100110000010010111000110010000011100000000111111011 0000001000010000001000010001000111111110111111101110000011111111 1110111000000010111100000001000100010001001100100001000100011110 0010111100101111001000000010111011011110000100100000111011111111 1110110111101011000011110000000000001101000000000000110111001111 1110000011101111001000010001000100101111110000010011000000000000 0010000111010001111100010010111011010001111000001110000011110011 0000000011111101111100011110000000101111000011001111111111011111 0010000100000010000100100010000100010001000100010001111000010010 0001000011111101111100000000111100000000001000000010000011100001 0001111111111111000011101111111100011111111011110001000111001100 0010111011110001000111110000000100101011111011010001000000011111 0100000011101100110011011110110100010001000011110001001011110001 0001000100001110000100100001111100100001111100000011010100101100 1111101111110000000011110000000011101011101011110100001000100100 0010000011100001000000001110001000001111111100111110000011001111 1111111000101111000111111110110000011111001011010001111000001111 0000001011101110111011011110000011100010000011110000001000000000 0000000100100001000100000000111111111111000000011111110111111111 1101111100010000111100010000000011111111000011011101000111111111 0000000000101111000100100001000011011111111111111111111011111111 0000001011100000001000101111111111111101110111011110111011001110 0000110100010001000100010001000100010001000111100000110111110001 1100001000011111000000000000111011110001111111101111000000100000 0010111011110001111011111111000011110000111011111101110111100001 1110000111100000000000110001111110110000111011110000111011101010 0000000011101111000100000000000100001111110011100001111111001100 0000001000000001010100100010111100101111000000010010000100010011 0001001000110000000100000000000100000000110011010000000000000001 1111000100001100110100001110111011001100110000000000111111101101 0001000000000000000000100100111111010010001111110001001010111111 0000110111101111001000010001110110101011000000011110001010010001 0001111100110000110100000001001100001101111111010000000100001101 1110001010111110000011111110000011001101000011110000111100101100 0001000000010010001011110010010100010001111000001101110100000010 0000000011111110111000011111000000010010001011111110111000100000 1111111111110001000100100001000011010000111111101011110011101101 0000001100001111110111001110000000000001001011110010001100111111 1110000100001110111100000000100010101110110100001111110100011100 0010001011110010111011010000000111100001001000001111001000111110 0001000011110000111111011011100010110000110111101101110000000010 1101111000010000000011100000110110101100110010110000000111110001 1111110000101111001011110000100011101101001000110001000000110000 0000001000100000000011101101001000100011111011110011000111101110 0000111100001111111100100100001011110001000100001111000001000100 0010001000001101000000100011111011000000111000001011111101001011 1111000000100001101111011111111111101101111011100010001011110001 0011000011101110001000010000110111110000000000100001111100110011 0000111100000000000100011111001011110000110110110000000011100000 1110001000101111111011011101111111011111000000000010000100110000 1101111111011101111011110000111011001100101000000001111111100001 1111110100000000110111001110111000010001000010111110000100101110 1101010011000001000111110000001010111110111100000000000000010000 1111000111001111000000010001111111011111000011111111111011111101 0001000100000000001000000000111111001111110111110000000100100000 1010001000010011111111100010000100000001000100001101000000001110 0000000100011011000100110011111010100000001000001100111000010010 1110000011110000000011100000000111100001000100001110110111010000 0011000000001100111011111111000000001111000000000001001111101101 1111111011100000111100011111000100010010111111110001001101000000 0010000111111111101010111101000011111101000011000010111111101100 0000000000000000000000000000000000001111111100000000111111110000 0000111111111111000000001111111100001111000000000000000011110000 0000000000000000111100001111000000000000111100000000000000000000 0000111100010000000011111111111111111111111111111111000000001111 0000000011110000000000000000000000000000000011110000111111110000 0000000011110000000000001111000000000000000000000000000000000000 0000111100000000000000001111000011110000000000000000000000000000 0000111100000000000000000000000000000001000000000000111100000000 0000000000000000000000000000000011111111000011110000000000000000 1111000000001111000000000000000011110000000000001111000011111111 0000000000001111111100000000000000000000000011111111000000000000 0000000000000000111100000000000000000000000000000000000000001111 0000111100000000000011111111000000000000111100000000000000000000 0000000000000000111100000000000000000000111111110000000000000000 0000000000000000000011111111000000000000000011110000000000000000 0000000011110000000000000000111111111111111100000000111111111111 1111000000000000000000001111111100000000000000001111000000001111 0001000011110000000000001111000011110000000000000000000000000000 0000000011110000000000000000000000001111000000010000000000000000 0000000000000000000000000000000000001111111111111111111100000000 1111000000010000000000000000000000000000111100000000000000000000 0000000011110000000000010000111100000000111111111111000011111111 0000000000000000000000000000111100000000000000000000000000001111 0000000011110000000100000000000000001111111100000000000000001111 0000000000000000000000000000000011111111111100000000000011111111 0000000000000000000011110000000000001111000000000000111111111111 0000000011111111000000000000000000000000111111110000000000001111 0000000000000000000000000000000000000000000000001111111100011111 0000000011111111111111111111000011110000000011110000000000000000 0000111111111111111100001111000000000000000000000000000011110000 1111000000000000000000001111111100000000000011110000000011110000 0000000000000000000000000000000011110000111100001111000000000000 1100000000010000111111101111000011101111000000011111111100101110 0000000100000000000011101100111000001111111111101101001100001111 0001000010111111000011101111101111101111111100000000111000010011 1110111011110010000111111111111100011101111000000000000000000010 1111000100011111000100010010111000000000000000000000101000000001 0001001000001011111100000011110111110000000100010010000011111111 1110000111001110110100010011111000001110111111101101101011100011 1111111000010001111100100010000100001101000000100010010000000000 1110111011111110110111111111000100100001000000001101111111111101 1101001100100000010000010011001011100001001000110010111000011110 1110111011101100111011100010000111110000111011111101110100001111 0001000100011111000100010011000100000010000100000000000100011100 1110110100010010111111111110001000011111001001000010001000000000 0001000011110010000000000011000000001110000111111110010011000001 1101111100010000001011110001010000001111110000100001111000110000 0001000011101010100100000001001000011111110111011110111111101100 0010001000010010000000010010001000100001111000001111001100000001 0001101100010010110010110000000011011110001000010001000101001111 1111001011100000001100000010000111010000000111100001000111110001 0010001100010011111000000001111111101111111000011010111100011101 1010110111111110001100001110111000000000001000000011110000001101 1110000111111100110111000000000011110001111111101110111111110000 0000000100010000000000001110000011110010111011101110000111000010 0001000000000000000011110010001100100010000011101111110100110001 1111000000110011001000000001000011111110111100010000111111110010 0001000111101111111100010010000111011111111100001110000111011001 0010000111111100000100001110110111110001000000001111111110011101 1111000000111111111111100000000011110000000100010010000100011100 1100000000011101111111010000000011010001111011011101111100010000 1010110000001111111011111111000100001101000011011101111100111110 1111111101000001111011100011001010111101000100010100000100100011 0001111100011110000111111011000100101111000100010000000000010000 1110110111010000000111101011101100001011110100010000111111101101 0010000000110010110111110001111111100001110000100010000111101110 0001000011110000000010110001111111111100000100011111111100110011 1100110111111111111100010001111111100000111011100001000000000000 1111000111100001110111100010000011101011111010101100111011111001 0010000000111100001011110001000011111110000100011111000100010011 1111000100010100001000011111111011001111000100110011000011101110 1110110000110010000000001111001000100010000100100001111111000000 0000111011000000001011011110111000001110111011111111000011101101 1111001100000001001111000001000000001111110011101110111000000000 0001000010111110001100010010111000011101111011111101001101010000 0010000000010010110000000000111111111110111111111100110011111111 1111110100000001000000001111000000000010000000011111110111000001 1111101000001111110000111011111011011110000011101111001100100000 0001000011101110111111010010001111010001110000011111001000010010 1111110011010000000100010010001100100100000011001110000011100001 0001110100100001110100111001001000100001111000010000000100111111 0000110011100011000100010000110011111011100111100001010000100000 1111110011100000111000001101111000001110111100010010001100011110 0001000100010001110011011110000100010010001100011101101111011101 1010000011111100110100010010110100110010111011100000110100001011 1111111011110000111111111111111000001100111111001111111011111110 1111110111111110111111110000110011100000111111001000111100010000 1111000111000000001111010001111111101110001011010001111000101100 1110000000000001000100001101111011100000000100000001110111101111 0100000000110000100100000011000111111110111000010001101110110001 0001001000111110000111010001111000010011000111011101110111011111 1110000000001110000011001101000100101101111000001111101111111011 1110111111100010000100010011111100001111111100100010111100001111 1100110011101111001100011110111100100000111111011111000011111101 1110111100000001000011110000000100000000000011110010000111111111 0011111010101100001000010000111111100100000010111111111000100001 0001111111110001001011111111000111111100110100010000000100000000 1111111000100000001011101111000011111110111100100001000111010001 1100101111111101101111001110000111111011111111101110110011001010 0000000111010001111100001101110100000010000100000010000000101101 1101001000001101001000100010111100010000000111111110000111011111 1111111100110001111000000000001011111111000000010001000001001111 0010000111111111000000110001110111111111001000000001001010110011 0001111000011100111111111101000000010001001000110000110011110010 0001000011111111000111110001000000000000000011010000000011100000 0001000111110010000111111111000000000001001000000001000000000000 1111001100100010001100001110111011100010111000010000001000101101 1111110011010011000011111111000000000000001000010000110000010001 1111110111111101000000011110000000100010000100000000111111110011 1111000011101101001000000000000011011100111000100011000000011111 0001000000100001000111101100000111110000101100000000111000100011 1100000000010000111100000000000111101101111100011101000100100100 0000000000100001000000011111111100010000111000110000000101001111 0000001100000000111011101100111011111111100010000001001100100001 1110111110100010111100100000000111001101001000000011000011100010 0010110111110000000100000000000100010001111010011111110100000001 0001000011111111111100001101000000011101000011110000001100001111 1111000111110000001011110010000111011111111000100001110011010010 1111111000001111111100010001110111110001111100000000001100101100 0000000011010001000100000011111100000001111100100010001011001111 0001000100001111110111011100111111111110111000000000111111011111 1111110111100000000000010000111100000000111111111111111111110011 1011111011101111000100010001111100101111000011101000111111001111 1110000110011100111011100011001000001101000111111110000111100010 0000000111111110000011011110110000001110111000011111001100011110 1111000000000001000100001111001111101101110011100001111100011101 1111001000000000111100100001111111110010000100111110000100010010 0000000000010000000111011111000000011110001111110000001111101111 0010111000001110110100000000111011110000111100001110000011011101 0000000000100001001100000000110000100011001100010001110000010011 0100111011111101111000000000111100010001000010111010000011101111 1110000011111100110100010000001011101001000000110001111100111101 1111000000010000000100100000001011100000000011101111111100111111 0001000111110000000000011101000111110001111000110001001000010000 1110111000010010000000011111000111100001000111011111111111110010 1110000000011111000111100000111111101110001111010001111000101111 0001111000000000110100000010000000001111000011111101111100101111 0000111011110001101111101111110000000001111011101110111100001111 0000001000001111111111100011000111110001111111101110000111110001 1111000000011100110011011100110000011111111011011111111011101110 0010001011100000111111011110111110001100000111011110000100001110 0001001000011111000011100000111111011101001011001101000000111101 1110110111110000111100110010001011101110111100000000000000001110 0000000111100000001000000001000100101111111100100011111000010001 0000111111101010000011101011110000001100001100000001111100000001 1111000111111100110111100001000011110000000100100010101111100001 0000111100100011001000001100110011101111000011010001111011001100 1101000000100001000111111111111111011111000010111111000100000000 0011000100010010110100000000000011001110111010111111111011111111 1110111111110000000100101111111000010001000011110000001111110000 0000001000011111000011111111001000011110111111111100111000110011 1101111011111101110000011010111000010100001000101111000111100001 1111110011100001000000001110111111110001001100011111111111110000 0000111100110001000011111111111111111110001011010000110100001111 0001000011100001000000000001010011110000111111111101000000010001 0000001000010010001000011101101111101111000000100001000011110010 0001000011100010000100011111001000010000000111111111111111001111 0001000111100000001000010010000011111101111111101101000011000001 1101000111011101000111110001111111011101111011100000000111111111 0000000011100001111111110010001000000001110100000000111011011111 0001111011111110111011100000000000000001111111110010111100000000 1100111111110001111100001111111111100010111011110001001100001101 1111111111011110110010111001110011010001000100011111110100010011 0000000010111110110000010100001000010000000111110001010000100001 0001000000100000111111000000111000001111000011110011110100011111 0000111000010000000100101111111111111111001000000010000010111111 0011010011011110000000001111111100001110110100100000000100011110 0011000010111101000001000010000111111100111100011111111111110010 0001000100110010111000000001111000000000000100000000110111100010 0000111011011101111000010000111011100011000011111100111111010000 0010000100010001000100011111101111111111000011110011110111010000 1101111011100000000000010001110100010000110111111100111011111110 0000111011101110111100100010000011101110001100011111111111101111 1111000011001110110111100001111111111111110101010001001011110010 0000000000000001000011111111000000000000000000000001000011111111 0100001111111101111111111110000000011110111010111100111111110000 1101111111110010111100000001000001001100111011101101000000000000 0000000000000001110011100000110100000000111000000000000111111111 1111001011101111110011111110111111111100111000110000001101010010 1110001000010010000100001101111011100000111111101101110100000001 1111111011011110111000000001000000000000000100010010111111010010 0000111100001110111000000010111100011110111011100001110100011111 1110111000000010001011010000000100011111111011111111000011111110 0000111100111100110000010000000000001110111011100001000100001110 1111110110001010111100100010000111111111001100110010110111110000 1110000000010010000100111110111011101101000000010000010011101111 1111111101000010001011110000111000000000000111111110111111011101 0001000011111111000000010010111000000000111011110000000100010010 1100000000011101110111101111000100110000110100000000111011010001 0011001000011101101111111111000011010001001000101110001000100001 1111111000000010111100010010000111110010000111111111000100011100 0001000100000000000111101111000100011111000111111110111000000001 0000111011110010111111110001000111001111111000100001000100011011 0001000111001111001000111111111100010011000011100001000111111100 1111111000000000000011000001110100001101110111110000110010111100 0001000100011111000100100010111111111101000011100001000000001111 0001000011010000000011110001111111111111111100001100111100110001 1111000100100000001000000001000000010011000011110001000011010000 0010000111111110000100101111000011101110000000100001000011010001 0001000111111101000000101111111100001111001000010001110011011100 0000001100010000001011110001111000010000111111101100111100101101 1111101111001110110111101101000010111110000011000001000100000000 0001001011110010111111100010001000100010111111011110111011111111 1111111111101110110100001011110111011110111111100000000111010001 0000001011101111000011011111111111011110111111001110111100101111 1111000000000000000000000000111011111110000000000000001011101111 1101001000101101111100010011001100100011000011001110111100100000 1111111100001111111111110001001000010001000100010010000000001111 0000110100011010000111101111110111100011111100100010000000010000 0000000111111011101011110011001011001010111000000000000100001110 0100101000100001000100101111111100001111111100111111000011101011 1110111011111111000100000000000000010010001111101011110100000000 0001000000010000000011010000000011100000000111011111111100100001 0000111111110000000000010001111000001111111000000000010000000000 0000001000010000000100001110000011110001001011111111110011110011 1111000100010000110100001111001111010001110100010011000100100000 0001110111001101111100101111101111001111000000010000111110111011 1111111000010000000100001111000011111111000100001110000011010001 1110001111000000111011010001111100110101001100011100000011100010 0001000000000000111100000010000011111111111100100000001000011111 1111000011110001111100110100001000000000110100001110111010111100 0010000000001111001000100010000011011110110111101110111100001110 0001110111110001111111010001001111100000111011100000000100011110 1111000000010001111010011101111000001111110011100001001000110011 0000101111100000111011101101000000000000000100010000000000010000 1111111000100010101110010000001100100100000100011111111100000010 0010000000001111110111101111001000011111000000000001000100000001 0000111011110001001011111100110111110000111000010100000010111111 1111101111010000110111111111000000011110111100011110111111110001 1101000111100001000000100010001111011111111100011111000111111111 1111000100001111001100010000000100111101000111011111111100111011 1011001011110000000111011111000000001100001001000000110011011110 0000101000000010110100010000000000011111000100100001111011010001 0010000100000010111100110001111100000000001000101101000001000001 1101111111110000000000010000001011010000111011111100000011010000 1110111100011110111100010000000011100001010000011111001000010001 0000000011110000110111101110000011010001010000111101110111011111 1111000000001100111111110001010011110001000100110001000011100001 1110111111100000001100100000001100011111000011110010110111011111 0000110011000000001000100011000111111111111111101111111111001010 0001000000010001001000000000000100011111000100000010111011011111 1111101111000000000000001111111111111111000000010000001111100000 1011110100101011111111111101001000001111001000111110001100011100 1101111111011010111100000001001100011110001100000000001011111101 0010000010111101110011101111001000000001000011110000111100010010 1111101100000000111011101110111111111101111101000001111000001111 1110001011101110111000001101110000010010000111110010001000011110 1111110011110010000100000001111000100000111100001111000000001110 1111000000100010000011101100111011111110000000011111111100010001 1011111000001101000011100000000000001101000111110000000000011110 0010111011111111101111100000000001000100110011110001000111011110 1110111100011110101110101111000111100000110100010000001111110011 1111110100010001111100001110111101000000110010110010111100110100 0001101010111111000100010000111011100000111111011111110010101110 0001000100010011000101000010111111101111111000101111001011101101 0010010011100100000100000001000011100010111011010010001011111111 1111110110101111101111110000110011011110000000110000110100010000 0001000000000100000100001111001000101101111100100000000011101111 1111111110001001101111101111111011011011111111101010110011111110 1110110111101110000100000000000000001110110011110010000000000000 0001001100011110111100001111111100000000111011100001000100110001 0010111100010001000000000000000000100011001011001110000000101111 0010001011111101000000010100111000010001000000001110111111100000 1101000000000001000000100001111011101110000000100000010000010011 0101001111100010110111100000000011101111111100010001111000010001 1111000111101110000100100010111011111111001011110010111011101110 0011001000011100111000010001000000100010111111101101111000010001 0010000011110001001000100000000011111110000100000000111100001111 1101111111111111111000000000000011011100111000100000001000010000 1111110111110000110111001110000111111111111111101100111111110010 0001000000111111111100100001000100100010001011111111000100001101 0001000100001110111000000010010000010000111100000001000011110000 0000000000100001111000000000000100011101100100000000111111110000 0010111111101100101111011011111011111101111010111100000100110011 0001111000111101110000100000111011011011000011101110000000010000 1101111000100010000011111100110011100001000000101111001100010000 1111110111011110111111110001111111011111111111010010111100110000 1111110111101100100111011011000000011111101111101101111100001101 1110000011111111111110111101111100000000110011100000110110110001 0001000100001100101100011101111100000001001011010010110000000000 1001110000000010111111110010111011101101001000000000000000100010 0010000000000001000000000000111011001111111111001111001000100010 0011111100110011001000001110110100000011000011110010000000010000 0001111111000000000000101111111111011111010011111110101000101111 1110111100000010001011110010001000100010111111100000111000011111 0001000011011100000011111111000011001110000100000011000011111111 0000000011100000000100010001000000110000000000001110110000000001 0010000000011110101010111110000000010001111011000000001011010000 0000000111110001000000010000111100001110111100001111000111101101 1101111111111111111100000001000100111101110000100000110011001110 0000111111011111111111001110111011110011111111010000000011000000 1111111111110000000111111111000100100001111000000100111100001101 1111000100000001000011111111111100000000111111100000111100111110 0011000000001101000100010011000111100011000011011111000100100000 1111000000001110000000011111000111111111001011111110000111100010 0000111000001110110000100000001111011010000011111111111100000100 0001000111101111000011100011000100010001111000111101101100100001 1110111111001111110100011111111100011101111100011111001001011111 0000001011110001000000000010000100010000111011110000111000110001 0010000011011111110100010001000111011110000100010001000100000001 1100110111101011111010111110111100001110111011111111110100000001 0010111000011011000000000000111111011100001000001111111011000010 0001111000000010001000100000000000001101110110110000111011110001 1110111100100000111011101110111100100010101111010001000000000011 0001101100010010111000101011000100100001111011010000001100010100 0001000100010011001010111110000000010000110000010010000010110000 0011000000110000110011101111001011111100001011111111000011101111 0010111000011101111000011111001011001110000011100010111000000000 1110000111001111000011111111111000001111000000011111111100101110 0001000000000000111100000001000100101110000100000000000000010000 1110000111111110000000100000000111100001000100011110110111100011 1110000111010000000011011111110111100010000100011111111100000000 1111111100011111110011111111111011101111111100100001001011101011 0000000000001101110011110001001011101110001011100001000000100001 1111000010010000000000010000111000100010000011111110110000011111 0000001000111101101111110001000111111111000000010010111111011111 0010000011111110111000000001110100011110110111101101110100011101 0000000100000011111111100010000011111110110111110010110100100010 0000111100000000000100010001111100000001000100011110111000000010 0001111111110001000100011110110000010100111100101111000100001110 1101110100000000111110111110000011101111000100011101111011110000 1111000011110010001000000000001000000000000011111111000000010001 1111111110101100001100001111110100011111001000001100101100000000 0001000111110001001000101111000000011111110100100001110111110000 1101110000011101110100001111000011011110111011010000000100000000 0010111011111100110100101110111100000011010011100001001011111110 1101000100101111001011000001000100010010111100101111111100010000 0001001011100001000000000001000000000000111000000000001100010011 0000000000001111000100000000001000011110000000001111111011110001 1111010000100000000000100001000011110000001000010010110100110001 0000111100001111000100101101110111011111001000000000000011110000 0000001000010010000000010001110111110011000000001111110100001100 0011000100000000000011110000000100001100110100110001000011100010 1101000111100001101110101100110111111100101111011111000111111011 0010111100011111110100000000111111011111001000100100001011110001 0000000000001111111100100010000000000000111100010000000000110011 1110000111110010111100101111111011101110000000011110111100001101 0001000000000010001000001101110111011110001011111011000000000001 1101111011010010111100000000000000010011111000100000000100011101 0001000111101111111011110001000111110000111100001110010111111111 1110100011011110101110111100101011101110111000010010111111100000 1111000000001101110111011111000011001100110111111111000011110010 1111111011011110000100001101110100011111101111001100110111111101 1110111111111111000111110001110000001110000000100001111011110011 1111000000010001001111110001000000010010000100101111111100001111 1110000011001110111100010001111011010000110000101111000100101011 0011000111101111000011101110000000001111111011010000111100000000 1111111011100000111011100001001011100001000111010000110000101101 0000111111001101111111001110000011000001001011100011000000100001 0000111100001101111111111011000000000000000111101111111011110010 0001111111010010000011100010000011101110111100010000000100001111 0001111000010000001100111111000011110001111100000000111011110001 0010110111010001000100100000111111010000111111001100111011011110 0001111100010000000011111111111111111111001011100001000011111110 0001000100100010000111011111111111000000110111111101101011101101 0011000111110001001000000001111011001110110100001110000011111101 1110111111111101110011011111000100010010000111111110101111010000 1100110100100000000011111110001000010001001111011111010000000000 0100111111111110111111110010000100000000001111111111000011100001 0000000011011111111000010000000111000000000100010001001100100000 0011000000110000111100101111000011101111000111111111111100100011 0001001000010010000100011101101111111111111111100001111111011101 1011000011100000111000100001010000100000000100000000000000000000 0010000000000000001000111110000000001111111101000000101111001011 0010000011100001000100101111111010111100000000000010000111101110 1110110010110000111011101110111111011101111000001110111100001101 1110110100010001000100010000111100010011001000001101001000100010 1111111011001111110111011111001111111101000000000010001000010010 0000110011101110110100001111001000011111000100010010001000011101 0100000000001111001101000011000100010011000011111100100010111101 1111110111100000110111110001000011000001111000001110000000001010 0000000011100000110111100000000000000001000000100010000011111110 0010111111101111110010011101000011110000000011001111110110101110 1101001100011111000111110001000000010001101111101011000000011101 1111000100001111101011001110111000000000001100100000110011101111 0000110011111110111100100010110000001111110100001101101111011111 0011001100110100001100100000110011001100110011101110111111101011 1111110011001111111111110000001100010000111100100010000000001100 0000000000001110000011001111000000000000001011110010000100001111 1010101100011111000011011101111100001111111011110000000011111100 1111000000011110111111010000001000010000001000110010000111110001 1111110011110001000100000000000100010000000011011110111011110000 0001111011000000111011110000001000001101111000110011000000000000 0010111000000010110011100010000000101111001111001011101011000000 0001111111000000000011001011000011110000000100000011000011000011 1101111111110001000100000001111100100000000111111110000010110010 0010111000000001111111111101111011110001000000011010000111101111 1111001100001110001000000000111011110000111100100000000111011011 1110000111101101111000011110111011001101000011110000000011000001 1101010111110001111011111111111000100000111111011110000100001110 0000001001000001000111011110001000010010111111100001001000001110 1111111111110000001000010001000100011111000111111111111011111111 0000000100010000000111101110111100000010111111100011111100000010 0000000000011101001100111100111010110000111000010100000100010010 0000000000010000111111111101000000010001000011000001000111011101 0001000000000001001000000000000011001101111000010010111101000010 1111111011010000000100100000000011111100000011110000000011010011 0001000011111110111011010001111000000001001000010010111000010000 0001000111100001000100001101111111101110001000100000101000000000 1111111011111111001000011101110111011101111100010010001111111001 0001000100100010000111111110110100010000111011011011001011110000 0000111011010010000011101010110100000001000100000000111000000100 0010000000110010000011100001000011111110000001000000111100100001 1110000000000001000000010011111000101110111111101111110000010001 1100000011010001001000011111000111110001000111100001001011110001 0001000011110001110011011111111111111111111100110010111100110001 1101000101000000111011100000000000000000000110111111001000001111 0010000011101101000000001110000111110000110111111110110100011111 0000000010101100110000001110001000100010111100000000101100000011 0000110100010011001011110000111011101110111101001111110100111011 1101111100010000000000100010000100000000111011010000001100001111 1110110011110000111111111111000011100000000100010001111000000001 0001110100010000111100001110000011100010111100001111000000000001 0011000000110000000011101100000100000000001000100000111110110000 1110001100000000000011111111000000011111000000100001110111101111 1111001000010001000100011011111111111111001000000001001000110011 0001000111111101000011110000000111011110000100011110111111111111 0001111011111101111100001101111111100000000100100010000100100000 1111110010110000000100010000111000000000000011010000111010101101 0000000000001111111100000010000100011101110000110011111100001110 0000110000001100111111010001111111110000111000101100000111010000 0010111011110010111011100000000111100011111100010010111100011111 1110000100011110111011111111111100001101001000100001111111011101 0001000000110000000100110010111111110000001000000000101111111111 1101001000000001000000001101000000101101010000010000111000100000 1111110111111111001100100100000011110000001100101100000101001111 1011110000001101111111101101001111110001000000101110000100010011 1111110000000000001000010001111011100000001011010010000100000001 0001001011101111000100010001000011111101111000011111111000101110 0000111111010001111000100001111100000010111110100001000000001010 1101000100010010001011111111000111010011000111110000000000011110 0000010001001101000101000001111011101110110111011110110100011111 1111000100000001111100001111110100001111000000000001000111100000 0001000000010011001100001110000011011000111000000000111100100001 0010000111101111111111010000000111110010001111110010001011100000 0000001010110100001000001111111111100010111111101100110100100010 1111001000001110000000001111111000011110111000101100000100001111 0000111000000001111011001110001011010010000111111111000011101110 1101111100100001000100001010111100011111101100010000001000101111 1111100111111111000011110001010100010010110100001110001010010000 0000111111110001000100110010000000000010001000111111110111001101 1111110110111111111000011101110111100010001111000000111000101111 0000111000010000111100011111111011111110111000111101000000110001 0000110100001111000100010001111100001101001100111111111011101111 1111110000011110001100011110001000000010001101001111111011111111 1101000100011111111000000001111111111101000100101111000000010000 1110110111111110001000100001000000010000001100100101110100100001 1111000000010010001000010000110100000000100100010000110011101111 1111110011111111111011101111111111110000000111101110000100000001 0001000000000000000100100001111111100001000011100000111100010001 1110111111010000111110111000111111110001110110011101111100010000 0001111000100011000100010010000111111110111111111011111111111111 0000111011010000110100001111111111011010110111111110001111111101 1101001100000001000000001111000100100000111100000000000011001111 0010000000100000001000010001001011110000111000000000000000000000 0011000000100000001011010000000111111111000000001110000100001111 1111000000010000000000010001000100100011001000001111001000000000 1110111111111110000100010000000100000001111111101110111111110001 0000000100010010001000001111000000000010000011111110000000000001 1111110111011101000000001100000000001111110111100000111100001111 0001111111100000000011110001110111110000001100001001110111111100 0001000100001110001011101110000011111101000011110000000000011111 0000001100011111111111111111000000100010111100101111111100000010 1111110111100000000100000000000100100010001100100001001100010000 1101000000100000001011101111111011001101111011111110110100001110 0100000011100001101010011110110100000001110010001001110111111100 0000000000010001001011101111000011011111111100001111001000011111 1110111011100001000000000001000000010000111000110000111100010010 1111111010111110110011111111111111110000111000001101000100000010 1111110000001111111000000000111111111111110111110000000011101111 0001110100010000000100001111111111111111110111101111000100010010 0000000100101100110100010010000011110001000111110010000100010001 0000000000100000001000110010000011101111110111011110000011101101 1110111000000000001011010000111111100001111011110001001000010001 0000111000000010111111110000000000000000000000000010000100001111 1100111011101111000111101110111011111111111100001111111000001111 1110000000000000000100011111001000001111000000011111000011111110 1111110000100001111100000000000000100010001000000001001000000001 1110000000000000000011110000111000000000110100001111010000001110 1101111111011111111100001111111111111111001100101111111111101111 0000000011100000111011110000000100100001000011110000000100000001 1011000000011101000100000000000100010000000011110001001011111111 1011100110010000001000101111000000001101000000011110111000110011 0100000000001110000000000001000000000010111111100001010000011100 0001111111110010111000010001110100011111111111110000000111111111 0001111000100001001000110010000011011101001000101101000011010000 1110110111110011001001000011000000010000111111100001111000110001 0000111000010001001100000001110111101110110100000000111000010000 0000111000001111111000001110000100011111000100001101000000010000 0010000100010001101000011000110111111011111011101111111111110000 1110111100000001000111110000111011100001000111110000000000000001 0000001000001100111011011100000011011010111011101110111000111111 0001000100000001111111100000101000000001110011000000000111110001 0000111000010001000111100000111100010001110100001110000011110001 1110000100101110001011011111001000000000000111101110110111100011 0001000100010010000111110000000111011110000100001111000100011111 0001111111111110010011100000111110110001000000000000111100010000 0000001010011010101011101011110011111110110111111110001100110000 1101111100011111001111100000001111100000000000101110111100000010 1101111100100010010000000000111011011110111000011111111111011111 0010000000001111110000010000111000000001000111101111111111011110 1101110111001111000111010001000000000001000111110000000100010011 0001000000001111110111010000111011000010000111100000001100101101 0011001011100001001011110001111100100001000011010001000000100001 1110111000010000000100010000111111101101111000010000000100110101 1011001000110000001011101100111011111110000000000000111100101111 0010110100010010111100100001000000011111000100010000000100011000 1101111100010001000111111110001100011101000000010000000100100010 1111110000000001111000101101001011101110111100000000110100001110 0010000100001111000011011100111111111110111100000010111100011111 1110000000011110111100100000000100100001000011100000000011011111 0011001011111011100111010000110111001101001000001111000011110000 0001000000011110110011111110000011111111111011100001001111111001 0000000100010010000000100001001111001110111100100000111111110001 1110111000010010001000001111000111000011000100001001111100111010 0010000000001100111011011101111000001011110000100000111111111100 0000001111110010111100001101000111111110111100001110111111100000 1111110100000100111011010011111011110001000100001111001000100000 1111111111100100001000000000110010110001111100000010001000000010 0000111011001110000111000010110111000010001100101100000000010001 1111000000001111000011111111000011101101111000011100000011110000 1110111100000000110111110001000111100011111111101101000000001101 1111001100110011000011100000000011111110111011100010000100100011 1100111011100000001000000001000111110001110110001110000011101101 0000110111101111000011100001111000000001000011011110000010111011 0001111111010000000011100010101011100000111100000000000111110000 0010000111111111111011100000000100000001111111110001001000010000 0010001000010000111111111111001000100000110100010011001000010000 1110000000001100001000000010000111010011000101001110110011110010 0001001100111111111000010010111100001100111011100011001011111100 1110000011011110000011100011111111010010111011110000001011101110 1101000000111100001010100010110100100000111111111111000100011111 0001000100010001110100001110000100001111111111101111111010100000 1110000111101110000011110010000011011101111110111011000000101110 1111111000011111000000010001111100011100110011110000001000001110 0000001100100000111011011101000111101111000000010000111111100000 0000111111001110111111011100111011010010001000011111111010100000 1110111100001101001011010100111111111110000011100001111100001100 1101000100000001110111101100000000110000000111110001000100010000 0000111111111111110100000000110100000001110011101111000100100000 1110111000010001111100011111000011111111000000100011000000100010 0010000100000010110111100000001111101000101000101111111100001111 0001111111111111000011110000001100100000001001000010001011111110 1110000011110001111100000000111100000011111111000000001011110001 0010111011100000000011100000111111101110000011111100111100001011 0001111011100000000011011111000011111100001000000001110100110010 0000111100000001000011111101110010011110110100100011010000100001 0011000111011011000011111101111100011101110100011111100111110000 1111111100001111001011100001111100011100000100001111000111110100 1100110100000000111111100010000111100010000100011110000111010010 0010000111100000111111110000111100011110000000010001000100001110 0000111010111110000111111110111111110000000011100000110100000000 0001000100001111000000101101000011110000000100001110111100011110 1110000011000010110100000000001010101110000000100000111000110000 0000000100100001000100011101000011110001111111111111000011110000 1101000011110000000011110001111110101111000110111111000011100000 0011111011010001000111110001000111011001100111100010000000010001 0010000011111111111100001111001000111111111011101100110111111100 0000111111101111000100000010000111110001000011110000001100010000 0000001000000000111100011111001100001011111000100011000100010001 1110001111100001001000001111111000001100111100000100111011101101 0001111011011101111011011010111000011001110011101101111100011110 1110001000010001111111000000111111111111000011011110001011010000 1110111011010001111100000000000100010010001010111110110111110000 0010001011110000001000000000111011111111111000010001111100110011 0010001000000000110110111110001010101111000011111110000111111010 1101000111111110111100001101000000011111100011100000101100000011 0001001000111110111110111101111000100000111111111101001110110000 0000111111001111111111010000111011011111000000001111111111111110 1111111000010001111100100000001010111110000100000000111100011101 1111111100011101000000001111111100110011000000011101000111010011 1111000000010011111011101110111111011110111100101110000100001110 1101000000100000000100000000000100010010001011110010000011100010 0001000100000001000011110000000011111101001000100001111111010001 1111111000000000000000101111001101001111001000101111111011011100 0010111100000001001000011101110000000000101011000000001000010000 0010001011001111111100000001111000000001110100000000000000001110 1110111100000010000000111101111100010011000000101111000100100001 0000111011011100111010001001000111100011110011000001001011111101 0001000000010000000000010000000011110000000111001110000100000000 1111111100001110111111011111000011110001000011110010110011101101 1101000100101101000111011111000100000001111100000010001000101111 1111110100000010111000011111010011110010001100011111111011111111 0000110100110010111100001110001100001110111010001100111000000100 0001000011111101111111110000111100010010000000110001111111110010 0000000111110000111000001100000100000000000100110011000100010000 1110111011011011111011010000000000010011000100110011111011011111 0010000000010000111100101110101111101110000000011111000011110000 0001111100000000000000000100001111001110110011011111000000000000 0000110111100100111100001100111000001111111100001111111011010001 0001111000001110111100001111001000000001000100010000111100101101 0011000011101011111011011110000100010010000100000000111011011101 0010000000010011111000010000000100101110000100011110000000011110 0000111011101000111100100011001000010000101100000000111011110001 0010110011100000110100001110000100101111000100010000111000010100 0000000000011111111011010000000111011101111000011111000000000000 1111111111111101111011000000000010101110000110111110111100001110 0010111010110010000100101111000100001100111000011100000111111110 0000000100010001110100000001000111010000000100010001000111110001 0000001011001101000100010000110100001111001011101110110111010001 1101111111110001001000010000000011111110111010110001000111111111 1111111000001111110011101101001000000001000111101111111011110000 1111001100011111111111010001110000000010000011110010111100000000 0001111000000010000011011111111000010011111000010010000011111101 1101000011110001001011110000000000100001000011100001101011101101 0000000010011110000000000001111111111111111111111110111111111101 0001000011101101110011011111000000110010000000010001111100000101 1111001000001100111111100010000000000001111011000010000000010001 1111111000000001000011111111000111111110111100010010111100011111 1111000000010001110111100000111100000001000100011110000100100001 0001111011011110001000100011100011111111111000010001000000011111 1111111000000010001000001111001111111111111000000000110100100011 1111000111110000110000000000111100000000111111010000000000001111 0001111111011110001000000011111011100010000000100000001000010000 1101111111100001001000101111000100011110001000000001000100010000 0000110000010001000000010001111111110000001000011110111100100000 0011111111100010101100100001111000001101001000011100110100001111 1111111101000010010011110000111111101111000111110011111000101110 0001111111011101000000100011000000010001000000100001110111011110 1111000000000001000100001111001011111110001000010001111111110000 1111101111110001001000100001111100001101110000100001000100000000 0000000000010000111100011111000011100000000000000000111011110001 0000000111111111001011011111000100000010000100010000111000001110 0000111011110010111100000010001100100010001000010000000111111111 0010000000100010000000000000000011110001000000010000111100101110 0000000000010010000111101110111111101100100111011110110110001001 0010000100011101000011111011001000100000001000001110111000001110 1111000100001110110111000001000000000000000000110000000111111111 1111111111101111110111010000111100000001110011100000111000010000 0001000100001100111100101111111010110001000000101111000000001101 0011000000001111000111110001000011100001110011011111111000010001 0011000111010010000011101111111011111111001111111111111011100001 1101000000010001000100100000000011111111111011101111000011111101 0001000111111110110111101111000011101101000011001111111110110001 1111111100010000101100001110110100010010111100000000111000100001 0000000100010100111000001110000111100000000100010000111111111101 1110000111111110111100001111000100100000000000000001000011110000 1101110111110100111011101111000100011111000000101111111011101111 1110111000010010000100100000000001000001000011111101000011110000 0010000100000000111011110010000100000000000000000001111011111110 0001111100001111111100100001000100010100111100000010111000101111 1100111000001101111100011111000000010010001100010001001000010010 0001000011101110111111001101000011101010101111110010001100011111 0000001000010000000000010000110100000001001010101101000000010011 0010111100010001111100101101111111010001111000010000110111100000 0000111000100011001100101111111111100011111011110000000111100000 1101000011111111000000010001000100001101111100011111000001000001 0000010000010100111100011100000100001011110111101111001100011111 0010000000101110000101010000111111111111110100010000110111111111 0010000000101111110100101111000000000001000000000000111000110011 1110110111101011000100101110111100100000111000001111111011001110 1111000100001101111111110000000011111111000100010000000000001111 0010000111010000000000001101111100001111000000000001111111101111 1110001111100001000000100001000000101110111010001110000111111110 0000000111100001000111111111111111011111110111111101110111011100 1110000100011111101011011101101111001111111100100000000011111111 1101001000011110111000011110000000001101111000110000111000000001 1110000000001111111011011110000000010001110100000010000010110011 1101001011000000001000010001000100011101000000001111010000001110 0010010011100001000000001110111111000001110000001111001000000000 0010101100100000111100011101000000000001000100010001110111101111 0000000011100000000011010000000000011110000000010000000011101101 0000000111110000111000010001110000010001001000010001111100000011 0000110100000001001000000100111111110001000011101101000000100000 0001000000000010111111110001000100011110110111000000000000100001 0001010011100000000100010001000011110010000100011110000111011110 0010111000001111001000110000111011100001111000110000111111100010 1110000100001110000000010001001000010010001000000001000100011101 1110110011111110001011110000101000011110110000001110001000000010 0010000011111110110110111101110100000000111000001110001000101110 0000111111101111001100100010001100000101110100011101110000000010 1101111111110011001011101100111000010011000100000000000100001111 1011111111100000111111111111111011111111111000000001000011011101 1111000100001101000111001101111011111111000100010010111011100010 1100001100100011111010101010110111001111000011111011111101000000 0010111111111111110100010000111111110000110011010010001011101011 1100001011100011001000001111000011011111110100010000000110110001 1110000100101100000100010000001111100001001111111100000001001111 0100001100110010000100010000000100001110001001001110111111110001 0000110100101110111011100000000011111100000100111111111011101111 0001111001001111110100010000111100000000111001000100000011010000 0000001111110001111100001111000011100001111111100010110111110001 0011000000000000001000000000000100010000111111100000001100011111 0000111111100000000011101110111011111111111000011101111100010000 1111111000101111000110110000111100001111001011011111111111001111 1110110111100001000000101111111100011101000011111101110010011011 0010000011111111000000001111000100100000101111010001001100001111 0011000111111111000011111110111100011110101111010001001100100001 0010111011111110000100000000000111100000111111110001010010111100 1101111100010001000100000001001000011110101000000010001111100001 1101000011110001110100001101001011100000000100111111111011010000 0001110000011100000100001111000000010001000111101101111011111111 0000000111101011110011101111000111010001111110111111000111101110 0000001000011111000000011110110011011011000000100010111111110000 1111110111110001000011010000111111101111000111001111000000010000 1110000100000011001011111101111111111111110100000000110111111111 1100000100010001000100011111111111011111111000000000111011000000 0011110100100000001000000000000111111110001000111100111011111111 1100000100000001000111100001111100010100001011001100000000011110 1101111011111111111100011111110010110001110011111110110111101110 1111000011011101110111111110111111111110111000000011000100011110 0100001000000010111011100000000100001100110111110000111111011101 0001111111111111000100001011000000000010000000011111000100111110 0010000011101110111111110000000000000001110110010000001111110000 0000000000101111111011101110000011101010111100101010101011110010 0000001100011111000000100010000100100001111000001111111100000000 0000000011100001000011101011000011111110111011110001000100101111 1101001000000000000011100000111000010000110100100011111010010001 0000111111101111000100011111000000010001000011011100110000011101 0000000011110001001100100000111011000100111100000000111000011101 1101000111001110111111101111000100010001001100000010101011011010 0011010011110011000011111100000000100010000100001110110011000001 1111000000001110000000011000111111111111110100001111000100011110 1111000100011100000011110010010000011111011011110001110100110010 0001110011011011111000001011111100010011000000010000111011101101 0001001011111110000011100100001011100001001011101111000000011111 0001000100010010111011101100001000101111111000000000001011100100 0010000011010010001000001111101111011111111111101111001011101101 0000111111110000111111110001010000100010000000001110000000001111 0011000100000010110011001100110111110011000100110011000111101100 1110001111010011000111111110111100110010110000000010001111110000 0000110100001111111100011111111110111100111000010001000100100001 1110001111101110000000010000111111111100001011010000101110110001 0010001000010000000111110000000010111111111011111110001011100010 0000111100011110001000011101111100010000111100010000111111111110 1110000100010001000111000000101111011100000000000000000111111101 1111111111000000110000010000101100101111110011100001000111111110 1110111000000000010000000001110100111101000100000011000011100000 1111000100001110111100000000000100100000000111001110001000110001 0000000111000000000011100010111111001111111011001111101111000000 0000111100100000000000101111110100100000101010100000111100010000 0001000000001100111011110100000111101110111111101010110100100001 1111110000011111001100110011000100100010111111100000000011101100 0001000100001110111010100000111000100010000100110000101111001111 0010111000101111110100001111000100110001000011111110111111010000 0000110000101111111000111110110110111101111011110001001100100001 1111110011101111111100001111000000010000111111110001001011000000 0000000011111110111011110000110100010011000100100010000001000010 1011111000000001111011101100101111101101111100001111101111011101 0000000011011011000000100001111011110010001100010000001000100000 0001111111100001000111111101111011011111111011010001000011101111 0011010000010000110011111111001000001111110111110000000111100001 0100000000011111111110111110111011110000000011111110111000000011 1111000011100010000011111111111100010001000100000000111000100000 0000111111001111111011100010111000100100000111000000000011100001 1101000000011111000000000000111100010000001011110100000100110011 0000001100000010111011011110110110100000111011101111001111010000 1100111111111111111011101111000000100001111011110000000000110001 1110111111111111111000001110001000010001001000110010000000010001 0001000011110001000111110000111011001111000000000000110000101111 0000001000001111000000001111000111101110101100101110111000010001 0001000011110001001000011101101110111111111100001111111111111110 0010000011110011001011101101110100000001001011111111000000010001 0000000000010000000100001101101001000011111100100011010011100001 0010110111101111000000010000001100000001111000011110101100011111 0010010100100010000000100001000100000001101111101110111000001011 0000111011101100001000001111111111101111111111010000111111011111 1101111011111110110111101101000100011110111000000000111100001111 1111111011100000000011111101000100000011001011110000000011110000 0000001000100010000111011111000011110010000100000001111111100001 0000110011110001000000010001001000100001111111101111111000000011 0000111100010010000111101101111100001111111100010000110100101100 0000000100100000110100000001000011100001000111011111000111101101 0000110011111010100111110000000011111111000000001111110000101110 0010000000011110111111100000111011001110000011100010000011100001 0001111111101101111111011110000011101111000111011011110011110001 1110000111110010111111110000111100100001001000000000111011101111 1110110100010000000100011110101111100000000100010001000100011111 0000000011110000111111101110111000010000111000010001001011001110 0000010111000000001000100000111000100001000111101110001011101111 1100101011111111000011001011110111001000111111011111110011110000 0000000100101110000100010000000011110001110111100000111101001110 0001111111111100000100000010111011111111000011100001111111111101 0000001000000001001011010000110111111111111100101111000000000011 0001000000011110000100001011000100000000001011110001111100010010 0001111111110010001000101111001011111111101111110000001000000000 0010111110110000000011011111111100100001000100001110111111100000 1110111000000000110111111111110111101110111000000010000100000000 0000001111111111110011001111000100000010000100001111001000001110 0000000011101111110011111101111111001100111111110011000111111111 0001111100010000001000010000000011011110100011110010000100010001 1111110011010001000100001111000100000000111011111111110000011110 1111001001000000000011110001000011101101111100011110001011111110 1110001000010000111011001110000100100010111111100000000011100000 0000000100000001000011111101111110101011111011110000111111100000 0001000100101111101110111110111000010000000000010010010000101111 1111111100000001111111111110001100000011000000011110111111110000 0001110100010001001000010000000111101111101100001111000100011011 1101000011010001000111010000000000010001000000001110111011011111 0000110011101100111100011110000100010001000100001111110111011111 1111000100001110111111111101111111000000000000000010000000001111 1101000000001110001011110011001011110001001100001111001011111110 0000111010100000001000100010000111111110101111101110110111100000 1111001011111110111100001110111111100000000100000010000100010000 1110111111100001000111110010111011001111000011011111000000010000 1100111011110001000011011111000111110000111111111111101111100001 0000000100000011001001000010111100000000000110111111111100000010 1111001011101110111111111111000100010001000100010000000100001011 1111000000010000000011101111110111001110000011101110111000000000 0001000100000000001010011001101111000010000100010010000111010000 1110000100010001111000010001111011100001111111111111111011100000 1111001000000000110111110010111100110001111100011111000100110000 0000001011001111101011110001110111001101001000111101111011101011 0000000100100000001011111111001011111011111011010000111111100001 1111001101001111000000001111000100000001111000001111111111111111 1101001011010000000111111110000000000010110000000011000000001111 0010110100000010001000011110000100010000000111110001000000001110 0010111100010001001000010001111111011100000100011101111011100010 1110110111110001110000100011111100010100000000001111110111100010 0000000111000001110111111110001000010010111100001100000101100001 0000111111110010000100010010001000010001000100101111111011001110 0001111111011111110011111101000000000001111111111111000100010010 0010000000000001001000000001000000000000000100000001111100010001 0010001000010001001000100001000010111011000100001101111011111111 0000110000010010000011110010001011100010000100001111000100010011 1111110110011110111100000011001000100010000100011111001011010000 0011000100001110000100000000000000001101000000010001111000010100 1110001000100010110100000000111110101000100011011111111011111101 1111111100110001111000110000111011100000000100011111000100001111 0001111000011111000111011111111100001111000000000001111111110000 1110111111110000001100010001000111010000000011110000111100000000 0010000000011101000100010010111100010000000100001111111100011111 0010111111011110000011010000111111101111111100000001000111110010 0001000000001101000100010000000011110001111000010001110100000000 0010001000000010001000000000000011001011110111111101110011101100 0001000000101111111100010000111000001111111111110001000000000001 1101000111010000110111000001111111100001000011110001111100000001 0001001000110001111000010011000100001111000111101110000011111110 0000001011100000110000010001001000011111111100000000000100001101 1101111000010001001000100011000100010010001011100000000011010001 1110000011000001111111100000111100001110000101000001000011110001 1111110011110010111011100010001010111100111111100001000000000011 0000000111100000000000011111110000000001000100000001000111101111 1010110100010011111100010010000100111110001000000001110111011110 0001001111001100110011100000111100101111111011110001000100100010 0000111000001110110000000001000010100000111111110100010000011100 1111111100010001000111100001110000011110101011100001000100010001 0001111000101110001111000100111100001101111100001000101011010100 0010110100000011111100001101111111101100110011111110000000110000 0001110100010010111101000000111011001100111100110010110111011100 0001111100010000001000100001110111110001000111010000111111101100 1110000111010010000000101110110100000000001100100001001000010001 0000111100101111111111100101111011111101111011001110111100011111 0000001011110011001100100000000100001111001100100000000000010010 1111111000011101111100010000000011111111111100110001110111111111 1110110100010000111100101110000100000010111100110001000111010011 0001000100101110001000101110110011111100100011011111110011000000 0000001011101111000000010000000100011110111011011111111011101110 0001111100100010111101001111000011100100000011000010110111000000 0000000111111101111011110000111100010000001100100001000111011110 0001111000100001111100010000001111111101110110111111110111100000 0011000100110010111100011111000011110000111111111111101111110010 0000000100011101000011100001001011110000111111011110000011111110 0000000011100001000011101110111111101101110100010001000000010001 1111000011100010111100001111001011100001000110001111001000011111 0100000100110000000111100011111100101101110100010011001000000000 1111111111110000111111101111101100000011001100110010000000000010 0011111100000000000100010001001111101100101111111100111111100001 1101001000010000000100000100000000000001000110011101110111101100 0001000000010001111000001101110111101111000100001110111000000010 1011001011100100000111110010110010111100111011101011110011111101 1111000000000010000100011101101110101100110010110001111111110001 1111110100100010111111111110110111111110000111100001000100001100 0001000100101111111100010001000100100001000100110000001100001111 0000111000000000000100001101001000100000000000001111111100010001 0000111100110000001100110010001000100000111011111111000100000001 1110110100011111000000000001000100001110110011101111111000010100 0010110111010011001000110001000000110011111100110010001000001110 0011111111101111111100001101000100001110000011011111110000001111 0011000011111111111100100000111111000001001000000000111000011111 0001000000011111000010111111111111011110111100001110001000000011 0001111111100100001011110010111000001101000000010010000011100000 0000000100010001000100111111000000011111010011110001111011100001 1111111100110010000111100001000000101111111000010000000000010010 0010000000001010110011110000000011011101111111110000110100010001 1101000000110010111011100001001000001111000000011110111100000010 0010111111100010000111101011111000001101111011011111110111100001 1111000011000000111000000001000111111101111111111101000000100010 0011000100000000000111101101111000011111111111111101000111110001 0001110111110001000011111110111111111110110111011010101010111110 0001001111100000001011010000111000100110001000011110000100000000 0001111000001110111100011111000000000001000111110001111000010011 0010000011110000000111001111111111000001000000001111000000100010 0001010000010000110111011111111011101110111111110010000011110010 0010110011100000000000010010000010100000110111001110000000010000 1101111000000000000100011111000111011110000100011011000000100000 0000000100011010001001000011110100001101111000111111000111100000 0001111100011110000100001011000011110001000000100000000000001110 1100111100010001000100001111001000110001000000110010000100010001 1111111111110000111000101111000111110001111011011111111100000010 0011000111111101111000001110111011111110000000011110111111101101 1100001000100001000011101111001000010000000111011111111100001111 0001000000011000000111111101010011101101110011011110000000001110 1111000011110001111111101111000100011111111000001100111100100000 0011001100111101000000101100111100110001000000000010110100000000 1110000000011111000000100010111011110001111100010010001000001111 1110111100100011111010111110000011110000000100001111110100010010 0001110111100011000100011111111100000001001011101101000000100000 1111111100100001110111011110110011011110111111110010000000000010 0010000000000001001100011101111100011111111000011111111100010001 1110000111111110111111100010111000000010000111100001111000010011 1111000100110001000100010001111000001100111011000000111011010001 1010111000001110000100000001000100000010111100011110111100010000 0000111100001111001000000001000000110001111111101101000011111110 0000101100010011111000100001110111110000000000010010000000011111 0001001000100001111011011100111010110000000011100011111100100010 0000110100000010000011101110000000010000000000010000000100000010 0010001000100001111011011110111110111100111000110001111100010000 1110111100010010001100000001000100001011110100000001111111000010 0000101111101110111000000001001000011110101000011101000100010000 1111110100100011001111101111000000001110000111100000111010100000 0010000100000001000100100000111010101110111100100000111111110010 0010010000100010000011011110111111011111110111111010000000000000 1111000000000010111010111011111011110010001000010001111100110010 1111111000101111110100001110000000000000110000011110000100011111 0000101100011111000100010011001000011111110011011101001011000001 1011111111101100111111101101111111110000000011110011111100010100 0010111111111100101110101101001001000000001000011110000111100000 0001001011111110001011110000110011011111000011111111000100000001 1110111100010000111011000000111000001110000111110001001011110011 0010000100001110000000010001001000100000001000011110000111101111 0001000000101110000100011111110111001111110000010000000111011110 0010000100010001000000010001000000010010111011111111110100001111 1111111111011111111011010000001011111110110011100000111000110000 1101111011100001000000100001001000100000111111011110101111110000 1101110111100001110111010000111011011111001000001110000100011111 0001110111100100111111110000110000000010000000000001001011111101 0100001101010010111110111100101111001101111100010000111111111110 0000001000101110110011100000111011111111000000011111000100011111 1110111111111100000111111101111111101011001001100000010000101111 1111000000010010001011111111000100010001111100000000000011100001 0000110100000001000000010000000100111110111100000010000100000000 0001110111111101111011010001110100001111110111101110111111100011 1110110111101100111011011011111011100011111000000000111100001100 0100000010001100101010101001000000001101111111100001000000010010 1101111111110001000111110010001000100000000111100001111111101111 1111111100011110000111101101010001001111001000011111111100100010 0000000000000011000100110100000111110000111100011101110100001111 1111111010101000000011001010110100001111111011111111001000100010 0000001100100000001000110001000000100000111100000000111100001011 0010000100110011000000000011000000100000000000100100111100001111 0000111111100001111011001100111111011111111111111111111011101101 0010110010101110110000010011000111110000000100110010001000101101 0000001100001011101010110000000100001111111011011101101111000000 0011111111111110111111111111111011101010000011111101111011111110 0011001100100010111100001111111100001100000000100000001000101110 0001001011010000110111111101111111010001111111010001000100110001 0000111111001101000011101110111000010010001111100000111011101011 0011111100000010000000010000111000001111110011101111111111101111 0000001000011110101010111101111111110011000011100001000100110000 0011000010110000000011101011001000110000000000010000000000000011 1101111100010001110011001110000000000010111100011111001000101110 0000000011100000001100010001000100010000000000010001000100010010 0000001011101101110100001101111011100001111010101110000000101101 0011000100001110111011101111111011011100000000100000000111100000 0011001100101101110000011110101111101100111111010000111100101111 1100110111011100001011111000101000001111000100101110000110111011 0000111111011100110000000011111100001101110011110000000000000010 1100111100011110000111101011001000111101000000010010001000111111 0100000000010010001000001101111100001111111100010001111111101111 1111111111111111000000011110000000011101000000011110110011110001 1111000100101111000000000000000011100000110100110001110111100001 1101111011011101001000011110111011011101000111000010111011111111 1111101100010000111000000000000000000000111011000011000011001110 0000111111110010000111110010000011101110000100011101001100011110 1111111111111110001100001111000111011101111100011101111101000000 0001111100001111001011110011111111010000000000010001110011010000 0010111100000000111111100001001011010000000100010000100100010010 1111001000011110111111111110111000011101111011100000111100010011 0000000100000001000001000010111100100001000000000010000000000010 1101111100100010000100011110000011110000111111111111000000100000 0010001000010001000011111111000000011110000111111110111011110010 1011000000101101110000010010000000000001111011110001111000011100 1111111100001111111111101110000011101111000111000001101111011111 1100000111100000000100101111111111101110111011100100000000100010 0011000000010100001000100011000100001111111111111110110100000011 0010111100110000000101001110000111101100111111010011111111100001 0001111100110010110100001110101111111110111000100000111100000000 0000111111111110111100001110001011001101001011110010000011100010 0010000000100000001100001111001000000000101111101111111000100000 0000000000000000110011110000111000110010111100011111000011111100 1110000100001111000111111111000111110010000111011101000011111111 1111111100000000000000000000111011100000111010100010001111111111 1101001100000000001011110000000100100010111100110000001011001111 1101111111100001000111111110111111110000000100010000111011110001 0001000000010000000000001100111111011101000011000001110000100010 0000110111101110000000010000111100100001000011001110010100111100 1111001100100001000011111110001000001111000100011101111000100011 1110000011001110000011111100000111100000000111110010000011100001 1110111100000001000100001110110111011101111000010000110111000001 0000000100000000000000011111111100000001111111110001111100010010 0001111100010001111100000000101111110010111100100010111100000000 0000111100001110100111001110000100001011110011101101000100010001 0010111100110000000000101110000000101111111111101100000000100010 1110110111001101110110011111111111001001000011000000001101000000 0000111100000010111111101111111100100010111111110001111000000000 0001000100001111111100001110000010101111101100000000111111111110 0100000000011111111000100001110100110011111100001101000000010000 1111001000110010000111100010000111100010110000000001000111011110 1110001111111111000010110010000100000001111100100000000100001101 0001001100100010111100100010111100011101000000011111001000010001 0000110000001110111000000010001100100000000100011100110111010001 0010000100010000000000010001111100000000000000000000000000101111 1010110111110000000100000010000100000000000111111101111011000001 1110111011010000110011001110000000010001101000001110111011111011 1111111100010000000111111110111000000000111111110001000000010001 0001001000011110001011110001111100001111000100010000111100001111 0000001000100001111111100001000100110010000000010010001100000001 1111000100001101000111111111000111110000110110111111000111111110 1111001100011111111100001110110011111111110110001110001000010011 0011001001001100000111010010001000000000110100001111000111100010 0000000111011100000111111110111111010001001000010000111100010000 0010111111010000110000000000000100000000110011111110000100001110 0001111111101110111010111101111111101011111011001101000011011110 0001111000010001000111111101110000000000110011010001000100000001 0000111011111111110100001110000111110000000000011111000000010001 0001000000011110111100000000000111111100110000100001000000010010 1111000100101110111111010001111111011101111100011110111100010010 0011111111110001111100100010110100000001000100000000000011110000 1110000000011011110111100001111111110000001100100000000100001111 0001111011111111110100001100110111110001010011111110111111011110 0010001000100000111111000001000111110000000100100000110100000010 1111111100101101110100101101110111100010000111110001000111001110 0010000011100001111000100000111000000001001011101101000100111111 0000111111110001000011101110000000001110111100011111001000001010 0000001011000010001000100000110000100010000011111111111000101111 1011101000100001111011010000111011101110000011111100100011111101 1111111100001110000000101110111000010010000011011111111100010001 1111001011100000000100011101111111000000111011110001001000101111 1111000111110001000111010011000011101111111100000010110011100001 0001000000011110111011111110001000010001000100100000001000011111 0000110011101101001011111110000100000001111111110001000000011111 0001000100010010000000101110000000100001111111110000000011110000 0001000111000001000000011110111100011101110111101110111111101111 0010001100100001111111111101000000011111000111101111000100001110 0000111111100001111111010000000111011011110011011111110011010001 0010110111111111001000010000000100000000110011101110101111111111 0010111100001110000000001101110111111110000111010000000111110001 0011000111100011111011001111111111011110001100010000000100001110 0001001000010010000000001101111011101111111000000011001100000000 1100111100011110111001001111000000000010000111100000001100011111 1111000111111110101011111000110111101110110011110001001100011001 1111000111100011111111100000001000001110000011111110000000001101 1111110100101111001011110001000011000000000011100000000000011101 1111001100000000000011110000000111101101111011001001000000101111 0010000111111111000110111100000100011111111100010001001000100000 1110000000100001000100110001110000001111111111110000111000100100 1110110100001110111011111011111000000000000011010010000000011111 1111000011001011111011010010000100010001000000100000111011011100 0000111100100001010111101110000111111110000000000010111111100010 1011001000000000000100110011111011101111111111101101111000000011 1110111111110001000011111101111100100000111100010010111011110000 1111000011100000111000010001000000100000111000000000001000001111 0001001000010000111111111101111100001111000000000001001111111101 0001000100000000111100010011000100100001001000100000000100011011 1111000100110000110111010000111100000001110111100000111011110000 0000000111110000111000001111111111011110111100010001111100001111 0010000000110000000111110001000100100001001000100001001001000001 1110111010001011101110111101110111100000000011011100001001001100 0010111011011111000111111111001000000010000100001101111100010001 0000111011011110111000001101000011110001000111000000111000001111 0001000111110000111100100000001000001110111100100001111111110010 1111000100000001000011110001110100110000111100000010000100011111 1100111000001111000011110001001101010011000000001110001011011101 0011000000010001001000010001111111011111000000010001000100001110 0001000000011111000000001110001000010010000011110011000011110001 0000001000000001110100000000111011010010111100000000111000011110 1111000100010001000100000010001000000000111100010011111111100100 1100111111100001000111110000111100010000000100000001010000001111 1110000111011101000011011101100011100001111111111101001000000001 0011111000000011110100110000000011000000001111001110110100010000 1110000000001111000100001111000100010011001111100001000100010000 0001001000010001000100010010000100100001111100011101111100011110 0000000111101101111000000001000011101011100010001010001000100000 0000000100010001111011010000000011110000000011110000111111111110 1110110100001110111100000001001000001110000000011100111011101100 1101111011111111100011101000000100100001001011100011001000000001 0010111000100010000111110001111000011111111011101111000011101101 1110000011001100001000110001110111001101000000001111111111111111 0000111100010000110100011100000000000000001111100001000000010001 1101111100000010000010011101001000100001111111101111111100001101 0001000100101110111100000010000100101110110100100010110111100010 0000001011001111000000000001000100001110000100010001111011010000 0010111111110000110111010000000110111110111100011111110111111101 1111000011101111000100010001001111111111000000110000111100000000 1111111100001111000011111011111000000001001100001111001000000001 0010000100000000000011111111000011100001000000011110111011111100 0011001011100001000100100001001100100000111100101101000000000001 0000111111111111000011110000000011111111000000001111000011110000 0000000011110000111111111111000000000001000100001111000011111111 0000000011110000000011110000111111101111111100011111111111110000 1111000011111111111111110000111111110000000011110000000011101111 0000111100010000111100000000000000000000000011110000111100000000 0000000000010000000011111111111111100000111111110000000000000000 0000000100010000000000001111111111110000111111111111000000000000 1111000011110000111111111111111111111111000011111111000011111111 1111000000000000000011111111000000001111111011111111111100001111 1111000011110000111100000000000000000000111100000000111100001111 0000000000000001000000000001000011110000000000001111000000001111 0000111111111111111111111111000000010000000000010000111111111111 1111000011110000111100000000000011110000000000001111111111111110 1111000000000000000000010001000000000000000011111110111111110000 1111000011110000000000000000000111111111000011111111111100000000 1111111111110000111111111111111111111111111111111111111111110000 0000111100000001111111111111111111110000000011110000000100000000 0000000011111111000000000000111111110000000100001111000000000001 0000000011111111000011110000111100001111000000001111000011111111 0000000011110001000011111111000000001111111100001111111111101111 0000111100000000000000000000000011111111111100000000000000000000 1111000000001111111111111111000000000000000000000000000000001111 1111000011111111111100000000000011101111000011111111000011111111 0001111100100000000100000000000000010000111100000000000000000001 0000111100001111000011111111000000001111111111111111111011111111 0000000011111111000011111111000000001111111111111111000011110000 1111111111110000000011111111000011111111000011110000111111111110 0000111100011111000011110000000000001111111100000001111111111111 0000111100010000000011111111000000001110111011110000111100001111 0001000000001111000011111111111111111111000011110000111111111111 0000111111110000111111110000111100001111111100000000111111111111 0000111111110000111111111111000011110000000011111110111100000010 0000000000000000000000001111000011110000111100000000111100000000 1111000011110000000000000000111100000000000000000000000000001111 0000000000000000000000000000000000000000000000000000000000000000 1111111100000000000000000000000011110000111100000000000011111111 0000000011110000111100000000000000001111000000000000000000000000 0000000000000000000000000000000000000000111100000000000000000000 0000111100000000000000000000000000000000000000000000000000001111 0000111100001111000000000000000000000000000000001111111111110000 0000000000001111000011111111111100000000000000000000000000000000 1111000000000000000000001111000011111111111100001111000000000000 1111000000001111111100000000000000000000000000000000000000000000 0000000000000000000011110000111100000000111111111111000000000000 1111111100000000000000000000000000000000000011111111000000001111 0000111111110000000011111111000000001111000000000000000000000000 0000111100001111000011110000000000000000000000000000000000000000 1111000000000000000000001111000000000000000000000000000000001111 0000000000000000111100001111000000000000000000000000000000000000 0000000000000000000000000000000000000000111100000000000000000000 0000000011110000000000000000000000001111000000000000000000000000 0000000011111111000011110001000000000000111100000000000000000000 1111000000000000000011110000000000000000000011111111000000000000 1111000000000000000000001111000000001111111111110000000000000000 0000000000000000111100000000000000000000000000000000000000000000 0000000000000000000011110000111100000000000000000001111100000000 1111000000000000111100000000000000000000000000000000000000000000 0000000000000000111111110000000000000000111100000000111111110000 0000000011110000000011110000000000000000000011110000111100000000 0000000000001111000000000000000000000000000000000000111111110000 0000000000000000111100000000000000000000000000000000000011110000 0000000000000000000000000000000000000000000000001111000011111111 1111111100001111111111110000000011110000111100000000000000000000 1111000000001111000000000000000011111111111100000000000000000000 0010000111100001000011101111111100000000110111000000111111011100 1111111100001110111011011111111111110001000000000001000001000011 0010000111100000000000001111000100001111000100011111101111011101 1111111111111101110011101111001000000000000011111101111100111111 0000000000000010000011110011111011101111110111110000000011011011 0011000100001101111100110001000111100001001000000001111100110010 1111000000010001111100001101110011011101111000000001010000100011 1110111100001100000011111111111111110001001100011111001100100010 1111000111110010000011101101111111010000111110101110000100011110 0000111000000001000000000010000111110000000111011101110111001111 0010111100100000111111101010101111101101111011010011001000010001 0000111100000000000100100010000100010000001111011100110010101101 1110000011001110001000100001000100010010001011101111111111101000 0000001000111101000011110000111100011101000011011011111111101111 0001000011101111110111001111110111000001111111110000001100010010 0010001100100010000011111101110111101110110111010000001000000001 0000111100010010000011110000111100001110000000011111000100010000 0001000111100001000100001111110010111110000100000010001000101101 0001000000110001000111101111000000001011111010110000111011100000 0001111111110000000100011111001000001110000011111110110111110000 0000000111110001001000000010000011111110110011100000111011001011 0001000000000000111100100010111100001100111111010000101110110000 1101000000011111000000000001000111101101000111011001111011101010 0001000000000000000111111111110100011110000011101100111011101101 0000110111101100111011101110111100000001001000010010000011101110 0000001000100000000100101111000111101110111011010000111111101111 0000000100101110000100010010000111101110000011110000000100001111 0001000100001110000011100000000100101111000011101110110111101110 0010111011101110111011011100110011110001001000110010000000110010 0000001100101110111110001011110000001110111011111111111111110011 0001000000101111111111011101111100010001001000110010001000101111 1110111000000000000100000000001000000101001011110000000011011111 1111111011001110000111111110000111011111000100101111111000010000 0010111100001111001011111111001100100000110100010000110111111111 0011000011011100100010001001110100100010110010101101111111111101 0000001000001101000000101110110000100001000000010000111011100001 0000111111101101000100001100000000010000111100101110000000110010 1101001011110010110100010010001011010001000011110000000000011110 0000101100100001001100000001111100010001111000001110111100100000 0010110100010000001100001111000000011111000011110001000100011111 0000000110011101001111111110000100101101111111111110111000000010 0000000000010001111100000000000011110000111000101101101000011111 0010001000001111111000100000000100011110111111101101111100000001 0001000000000001000111100000111100101101000011111010111011000000 0001000011101111001000011110111000010000000100010000101010001101 0000000111010000000000010000111100111111110000000001000000010000 0010000011110011111000000000000011111110001000110000001000000000 1101000000001111000100001111000000010010000000000000000011110000 0010111000101111001100110000110001000010000111000010111011101111 1110111010101100000100011101111111111011101010001000110100110001 0000101111110010001000000001001011110000000000011111000100101111 0000110000100001111100000000110100011111001100001111000100001111 1111000011111011000000101101000000010001000000010010000011011111 0010110011000001000111011111000011101101000011111111000000100001 1011111000001000111000100000110100000000111011110000111100000000 0001111111111111001011011111000011100001111100001110001100000001 0010111111101111000011110000111100000000111000011111000100011101 0001111100000000111011100001111111111111001000000001000100100000 1101001111111111000100010000000000000001111100100010111011000000 1101000011011111000011010000000111110000111111011110000000000000 0001000011101111111000010001000111110010111100000000000000100001 1101000111101101000100001110111111101110111111110000001000100000 1110111000110010001000000000000100000000000000111110110100011110 1111010000110000001100001101000000011110000011011110110011000010 1100000000011111111111100000000111101111000000100001000011000001 0010000100011101111011010000001000000000110100010000111011000001 1111001000011111110011011100111111011111000011011100111100010000 1111111100010010000011111111000100000000111111101111000100001000 0000000000000001111011110001111100100010001000000000001011101101 1111001100011110000000001111000111111110001111110001111001000001 0000000011110000000000010001111101001110000000111011001011001110 1111000000100010111111100000111111101100110100100000001111100010 1110000000000000110111100011111100010000001011110010000111111011 1100000000100000111100000000110011100000111000001101110111100000 0001111111000001000000010010010000010000001111111111000100001100 1110111100011110001000100001110011110000111000111111111000010010 1101111100100000000000000000111011001101110111100010001011101111 1110111100010000111011110000111111111101110111101111000100001110 0000000011111011111000001111000011110001000100000001000111000000 1110111111101011110111110000000111011101000000010001000000010000 1111000011101111001000000001110010111111111000001110000100000001 0001000100011110110100001110111111111110001011110010000111110000 0000000111100001110100011111001000011111000111110001000111100000 0001110111111111111011101100000111101110111000010010001011010010 1111111011101111111011101100110111001110000100000000000100001101 0000110111111110110100000000000100110011111100001111111100000010 0010110111100001001000001110000011111111001000011011000000001101 1101111100010001000000001110000011110000111100000001000011000000 0000000000100001000000010010000111101100111011101110111000010001 1110000100000001111011111111001011111110001101010000111100000010 0001000100000010000011001111111111110000000111101111001100001101 1111001000100001111100000000001111111110111100010010110100010000 1110000011100000111111010001000000010001000011011100111100110001 1101000011011101111100000010001100000001000100010000111111001101 1110001100000001000100001111000100011111001000010000000000101111 0011000011111111000000001110111011010001000100011111111111001101 0000000000000000000000000000000000000000000000000000000000000000 0000000011110000000000000000000000000000000000000000000000000000 0000000000000000000000000000000000000000000000000000000000000000 0000000000000000111100000000000000000000000000000000000000000000 0000000000000000000000000000000000000000000000000000000000000000 0000000000000000000000000000000000000000000000000000000000000000 0000000000000000000000000000000000000000000000000000000000000000 0000000000000000000000000000000000000000000000000000000000001111 0000000000000000000000000000000000000000000000000000000000000000 1111000011110000000000000000000000000000000000000000000000000000 0000111100000000000000000000000000000000000000000000000000000000 0000000000000000000000001111000000000000000000000000000000001111 0000000011110000000000000000000000000000000000000000000000000000 0000000000000000000000000000000000000000000000000000000000000000 0000111100000000000000000000000000000000000000000000000000000000 1111000011110000000000000000000000000000000000000000000000000000 0000000000000000000000000000111100000000000000000000000000000000 0000000000000000000000000000000000000000000000000000111100000000 0000000011110000000000000000000000000000000000000000000000000000 0000000000000000000000000000000000000000000000000000000000000000 0000000000000000000000000000000000000000000000000000000000000000 0000000000000000000000000000000000000000000000000000000000000000 0000000000000000000000000000000000000000000000000000000000000000 0000000000000000000000000000000000000000000000000000000000000000 1111111100000000000000000000000000001111111100000000111100000000 0000000000000000000000000000000000000000000000000000000011110000 0000000000000000000000000000000000000000000000000000000000000000 0000000000000000000000000000000000000000000000000000000000000000 0000000011110000000000000000000000000000000000000000000000000000 0000000000001111000000000000000000000000000000000000000000000000 0000000000000000000000000000000000000000000000000000000000000000 0000000000000000000000000000000000000000000000000000000000000000 1111000000101111111011111110111011100000001000001110001000000000 1100110100101110110100000000000011011111000111111110001000100001 0000000111101110000100101101000011111011101000001111111111001111 1111111100100011111111000000001000011100111000001101101111011111 1111101100000010111111111111000010111101001011110000001000010001 0011000000100000000000000000001111100000000000110000111100000000 0000000000000000001011110001111100101101000111010011111111101110 1011000000000010110000000001001011100000111111111100110011111110 0010000100100000111011110001111011001101000100001110110011000001 1110110100101110110100111111110111101111110100111110000000000001 0001000100001111111100000001000100000001000100010000111110100000 0000000000001101000111111100110100001101111100101110111100000001 1110001000010010110000000001110110101110000100101100111111111101 1111001000011101000111110010000111011110000000011111111100101111 1111001100000000111100001101111100000011000000111111000011000011 0000001100010001000011100000000100000011010000111110110100000000 1110111100000001001000001111001000010000001011101100111001000100 1111110100000010111000000001001000001111111111111110101011011111 1111000100101110000100110001111011100000000011010000001100100001 1100001000000000111100001111000100011100111011100000000000010000 0010000000010010111100001110111111101111000100100000000100011110 1110000111111101111000100000101111110001001100000010001011100000 1110111011010001000011111111000011111010111000100000001001000000 0010111100000000001000011101000000111101001011110000000111111100 1100110111111110111011100001000011001110110110001000111011110001 1111000011100001111100011101000000101110111011011111001000100001 1111111100110010000011010000000100000000110100000001000100101100 1110000111101111001000101111110111011111111111110001000100100001 0100101111101111110111100001000100110000111111101111111011000001 0000001000011111000111010000111111111111000000000000110111001111 1011111111101110001000010001000100000100110000000001111100110001 1111000011110000000010101111000111101110111001000000110011011110 0001001000000000111100000000000000100000101111001110100010000000 1100000100010000000100110010000011111110000011101101000000110000 1111000000001101111011111110110111100001100011110000111100010011 0000111100110000110100100010111111111101100010101011000011110000 1110000111100001111100001111111000000001000011101110110111111011 1100111111010010010011101111000100100001111100011110001111111110 0001110100000001000000100000000100000000111011111111000110111100 0000111100001101000000100000000000001011101011011111001000110100 1111001100001110000100010000000000010000111111001110110110001001 0010000111101110000100011110101111000000001000000010111011110011 1011111111110010001100010000001000011110110111010000101110111110 0000110111101111111100001110111011001110000100010010000000010010 0001001100011100111111011111000111001011111100110010001000000010 0001111000001101000111111111000000101111110111101111111011100001 1110111011110001001100000010000111101101110111101101101010010000 1100110100001110111100000010001000100010000111111111111111011011 1111110100101011101111110010000111110000001011111101000100011101 1010111100010010111000010000000100101111111000000000001001000011 0001000011110001111100010000000100001111101011001011110111100000 0011111111111111001011101110111111101111111100000011001111110100 1111001000000001000111110000110110111111101010111010111111111101 0010111111100001000000101111000100011110000011101100000011101010 0000110100000000001000010001110111011111111111111111000011101101 0000000011110011111100001011110100010000110111010000110010111100 0011000100000000000100011111111011011100110110111110111100110101 0001111111000001000100010001000100001111000000101110110010001101 1100111111100001000011110001000011010000000100110000111100011110 0010001111110000001100010010001011111111110110101000101011010000 1111000111010001000100001101000111110010111011011110111100110010 1110001000110010001000100010111111111101110111100000110011000000 1100111000101111001000100001001011101101110111011011101111011111 1111000000011110000111011110111000000011001000101111111100001111 1110000011111110110111101111000011111111111111111011111011011101 1101111011110011000100100001000000000000110111100011001011110000 1100000011111111110100000001111111010000000100001111001100010001 0010111111011110000111110000000100011110110111011101110100001101 0001000111110001000100001011000011110000111000010010001111001110 1111001111100001111100001111000111111110000001000001110111100000 0010111011111110000011110001000011111111001000010010111000011111 1111110011010000000100001111000100000000111111100001110111101101 0001110011111111111011101000000000011111001100010011001011110000 1110111100011111000011100001110100011110111011111110000000100100 0010000000010001111011101101001000010011000100111111111100001111 1101111111111111001000011111000111111110111111101111001000110011 1100110000000000111111100001000000000000001011111101110111110010 0000110111010001000111110010111111111100000100001111101111110001 0000111100000100000011110000000100010101000011110001000000001111 0011000011110000000100011111000100010010001000100010001000100011 0011111111010000000011100000111011011111111111100010001100011111 0011001011001110111111101110111011011101111011110000001011111110 1110110111011111110100000001000111100000111100010010111111010000 1110000100000001111111111111001000000000111100000000111100101110 1111000111111111110111111111000011110001000000001111000011000001 0001000000101110000111101101000111111101111000000001101100000001 1111000000010010000111111111110011111110111011011111000011111111 0001110100011101001000010000000011111111000111111110001000000000 1101111011010000000000100001001011011101101010101100110011001101 1111000111010000001011101110000100101111000100000100000100011101 1111000100110010000100000000000111110000000111110000000111101110 1110101100001111111000010000000000011111110111101101111111100000 1101001000011110000100011111001100001111000000001110000011001110 1110110111110001000111111111000100110001000011111110000011101100 1111000000010010111000011111000111110011111111111110000000000000 0000000011111110110011110010001011111110111111010001001000001011 0000000100011111111111111111111011010000000111100001000111010000 1110001111111110111100100010000111100000000111111101111000001111 1111101110101110111011101110000011101111111100011110000000010011 1110010000110001110100000001001000100000000100010001000000001100 0000000011111111000000011111001100011110000011100001001000000000 0000111000011110111100010000111111111111010000011101111100010000 0000000011111111111010111110000000001101000000101111000000000011 0000001011110001111110101111110100100000111111011111000100000000 0010111111110000000100010000000100000010000011110001001000011111 0000010111100011111000011110010000100010111000000010001100101111 0001111011111101111111101110000100010000000100000000111000001111 0001001000110011110100010010001000010011000000100100000011101101 1111000011111110000111000010001000101111000000000000111111111111 1110000011101111111011001111110100001111101000001011000000000001 1111111100010000000000010001101111010000001011110011001011111110 0001000100011110111100011101111100000001000011111110111000001101 0001001011111110001000001110111000010001000100000000000111110001 1000001000000001000111110000111010111100000000000001001010111111 1110111011011111111110110010111011011111110011011100001011010010 0001000000101101000010100010110111101101110111100000000011011110 1100101111101101111000001101000111101010000011011110000100001111 1110110111100001001000000001110111110001001000010000111111100000 1101110100001110000011111111000000001110110111110000111100011110 0001001100010000001111100010110111110000000100010011110111110001 0010001100100000000100010001000000000001000100011111000100010011 0011111100010001110111010010000000001111111000010000111111110010 0001000100011100111000111110111111111100110111010000000000101110 0000000100001111111011101101000011110010111011011011000000010001 0010000111111011110011101000111111010000001000010001111011101101 1110000000100001110100010001000000001111001000010001000000000010 0001000000001111110111100001000000110001111011100000000100110001 0000001011111110000100100000111110111101001100010010111111111100 0001000011101101111011111110000100001110111000010000111100010011 0001001000011110111100000000000111101101110100001111111111110010 1111000111100001001011111111111111111101111000001101110111010001 0011001000001111111011110010111100000001111100000001111111100001 1100111011010001111011111010111100001111000111110000111100010000 1111000111110010000000011110111011111101000111101110111011111111 0011000011011111000100000000110100010000000000010000000000100001 0001000011111111000100000010111100000001000000101110000011101111 1111110011101111111111101101111000010000000011110001000100100011 0000001100101110001000000001000111110100000011111101110111101111 1011110000000011001000001110111000000001000100000001000100000000 1101110111111110111100000001001000010010000011001100111011111110 0011000011111110111000000000111100100010000100011101111011001111 1111000011111011111111101100110100011111111100011100000111111111 0011110100000011001011111110001100010001000000101101000000001111 0010110100010000000000000000000011100000000000110000000100100000 0001001011110000111100000010000100000010111000001111110111111110 0000010000010010101010110000111100011011101110011000101111110000 0000000111000000111100010000000100010000000000100000000000010000 0010000011110001001011100000111000100001000100011110001011001111 1111111111111111101111111100000100000001000011110001111100000000 1101111011101101111011111011000011001111111100000000111100010010 1110110100001111111011100000111100010010110011101110111111110001 1110001000010001110100011110000011010000000100000000110000000010 0010000111111111000100101111000111110000111100000010000000011101 1101110111111100111110111101110011110000111000101111001000010001 1101111011111111111100001100000000100001000111110001111111101101 1111000111111111000100011111000000001110000100011111000000101101 1101000000000001000111111110000111100010001011110100110100001111 1110101111100001111111111111000100010001111100000011000000100010 1111111000100001000000000000001000010001111000000010001011111110 1111110111100001111011100001000100011111101110111110000011011110 0001000011111111000000000000000000000000111100001111000011111111 0000000000000000000000001111000000000000000000000000000011111111 1111000000000000111111110000000000000000000100000000000000000000 0000000000000000111100001111111100000000111100000000000000000000 1111111111111111000000001111111100000000000000001111000000000000 0000000100000000111100000000000011111111000011110000111111110000 1111000000001111111111111111000000001111111111110000111111110000 0001000100000000000011111111000000000000000000000000000000001111 0000111111110000111111111111000000000000000011110000000000001111 0000000000000000111111111111000000001111111111110000000000000000 1111111111111111111111110000111111111111111111111111111100000000 0000111100001111111111111111111111111111111111111111000000000000 0000000000000000000000001111000000001111111111110000111100001111 1111000011110000000011111111000000000000000000010000111100000000 0000111111111111000011111111111100000000111111111111111011111111 0000000000000000000000001111111111110000111011101110111011111111 0000111100000000000000001111111000001111111111111111111111111111 1111111111111111111100001111111111110000111111110000111111110000 0000000000000000000011111111000000000000000000000000111100001111 0000000000001111000011110000000011111111000000000001111111111111 1111111111110000111100000000000000001111000000000000000000000000 1111111111110000111111111111111100001111111111111111111100000000 1111111100001111111111111111000011110000000000000000000000000000 1111000000010000111111110000111111110000000011111111000000000000 1111000011110000000011111111111100000000111100000000000000000000 1111111111111111000011111111111100000000000000001111111100000000 0000000011111111000000001111000000000000000011111111111100001111 0000111111110000000000001111000011111111000011111111000000000000 0000000000000000111100001111000011111111111100000000000011111111 1111111111111111111111111111111111111111000011110000000000000000 0000000000000000000000010000111111111111111111111111111111111111 1111000011110000111111111111111111110000111100001111111100000000 1101000000010001110100010000110111101101111111100000101100110100 0000000111111111111100000110000100000000111100100010010100110010 1110000011101100111100001111001000100011001000011110000000010010 0001110000000001111111100000000000000000000000010000000100000001 1111001000001100111100000001000111110001001010100011111000011100 0001111000110000001011111111000000010000111111110101111111111111 1111111000010011111100100000111100100001001100000001111111010100 0001111000000100111111111111001011111111001000010001000011110001 0001111011111101111000000011000011011111111111110001111011111111 1111001000010000000000100000110011100010111100011110000000000010 0000111011101110000100000001001011110010110111111110001000010001 0000001011110010000100001111101111001111111011101111111000001111 0001111100100011000111111110000011001101000100001110110111100001 1111110000010001000011111110000111111111111100000001000111111101 0001000011100000110011010000001100100000111000010000001100000000 0010000100010000110111001110111111110011010000101111111011100001 0010001000100011111100001111001000000000000011111101000100000010 1110111010001100111011110001111111001100000111100000100110110000 1110001011100001111000010000000111110000110100110000111100010000 0001001100000010001011111101111000001101111100010001001000000000 0000111000000000000111111110000011101101110011001111110111110011 1111111110111010111000100001000011110000110100101111111111101100 0011000000011111111011011110111111101111000000000000001100001111 0001111011010000001000100001000111100000010011110001111100001101 1010110000000010001100101111111000010001000100000000001001000010 0011000111100000110111111111000100000000111011111101000111111111 0001000000110001000011111111000111110000000111110011000100100000 1101000000011110000100010001010010111110111100001110000000110000 1111111000010001001111110000111000011110111100010001000000010001 1111111011011101111000000000000000010001001011111011000000010001 0000000100001111000111110001000011110001001011010011000100101111 0011111100001110111011000001000111101110000011101100111110000011 0001000100000000111111011111000000001110110000010001000100001101 0001000111010001000100000001000100110000110100000011000000010000 0000111101000001110110101011110110011101000011111110100100010001 1111001011111101000000101101111000010011000110100000000011111111 1110001000000000111011110000000000000000110100001110000011110010 0001000100001110001000000001111111001111001000111101111100100001 0000000100010001000000010011111111100001110000000001000100100000 0000111011010000001000001111000000000010101100100011000011111110 0010000100000001001011110001000100111111110100000000111100000001 1011111111010010110100010001000100011101111100101111111100011011 1111001000110001000100000001000011110000111111110000111100010010 1101111111100000111000000000000011111111001000001111110100001111 0001110100000001001011111011110000000010110111011110110111101111 0000000111110001001011111101111011110000110100101111111000101100 0001000111110000111111011110000100100010001011011110000000110010 1110111100010001111011110000000000000001110111010000000000010001 0000111111100011111111100000111111000000111111110100000111101110 0010001111111101010000010000111111111111101010101110001000110000 1111111000000011111100100000000111111100000000100000000000111100 0001101111001111001000101100111011101110000100011111110111110010 0001000111100001000000100001000000011110111011101011111111000011 0001000111110010000000010000001011111100111011111110110100001110 1111000000011111110100001111110111010010000111100000111011001110 0000001001001110000000001111111111011101000000001111000100001111 0001000111011111111100010010000011101011110100010001000111101000 1010000000000000000000000000000011111110000000010010110100010000 1100000111111111000011110000101000010010111100100000111011010010 1111111100100010111100000000000011101101111000000011110111001111 0000000000001101000000010000111111111111001011111111001000010011 0010010100011111111100010000111100011111000100010001001000001101 0000000111100011000011111111001111111111000000011111000111110001 0010111100100001110011010010000100110010101111011100000000000000 0001000110111111000111001100000000001110111100000001001000100000 0001000100010011111011110000111101000001111011101110001000010010 0001111000001111001000010000110111101100111011111101101010010001 0000001011111101001000100000111000010001110111100000001011110000 0000000111111111000011111111001000010000111100010000111100010000 0010001100010010000111110010111111110000111111111101111011111110 1111000011011110110100010010000011100000000111110000001011100001 1111110111110010000100100001000011111110000100000010000011001111 0001000111110000001000000000111000011110111000011111111100100000 1110111111001101111010111001100111001101000000011101110111111101 0011001000011110111011101111110011111111000000000000000000100000 0000110011001101100110101100110010101110000111111110101111111111 1101000011111110000000011111101110111011110000010000111111001110 1111000011111110000100010000000100110001001000010010001011100011 1111111000100010000111111111111100001110000111100000000100011111 1111000100100010001000010000111100001101110111011110000100010000 1111110100000010001011110000101011101111111111010010000111001011 1111000000001010110010111000101111100000000000011111000100101110 0000111100000001111011101111000100101011000111111111001011101110 1110101000000011001100100001111100001110000011001011101111110001 0010010001000000111111011011111000000010001000000000111100001111 0001111111011110110011001111001000001111000000110010001000100001 1100000100011111110100010000111100000001111111101110111111010010 0001111100010000000100011111000011111111000000110001111100101111 0001111011010000000000010000000000010000000100100010111011011011 1101111000000010111011000001000000010000111111010000000111011111 1101000100000001000100010010111100000010111111111110110111111111 1111111111100010001011111111111000001110111011110010000100010000 0010111100010011000100100010000000010001111000001101000011101111 0000001000001111000111111110000011110000000000010001000100010001 1111001000000011001100010010000000010001000100100001000000001110 1111000011111010110100101110000000000010111100000000000100110010 0000000100100000111111111111111000000000111100000010000011101101 1110111100000001000100010001001000000010110111101110110111101010 0000111111101100000100110010111111101100000000000011000000100000 1111000100011111111000010001111011011110110011100001000011111101 1111000011011110111100001111111100010010111100000011111100101111 0100000111011110000011110000001010110000000000111110110100001111 0001000100001111000111110010111100011111000111000001111111111101 1101001111011110111100001110000100010001000100110010111111100001 0000000100000010000011101110110100001110111011101110001010101100 1110110011110000111100010011001000110001000111100011000000011110 0010001011111111001000000000111111001111110100100000111011010001 1101111111110010000000000001000100110010001100010011000100010001 1011111110110000000100010000111000000010001100010001000100100010 0001000100000000111100001111110011111111111111100010111000000000 0010000000111111101100011110001011000001111100110001111011001100 0100001111110001000011111100111000000000110111101111000011001110 1101000011100000000000001111000100000001000100110011111011011111 1100111100100001000000001101110100000001001000100010000011111010 0010111000100000000000010000000011101101101111100010110100000000 1101001111110001111011111111111111101110000000011110111100010101 0001000011101101000100010000110011001110111111011111110111111111 0000111111110001001000010010000000010000000000010001111000000010 1110000100100010111111111100100111010000001000001111000111111011 0001000100110011001000000011111000100011001000111111001100001110 0000111100001111111000100010000011111110110011010010000011111110 1101111011111111111000010000000111111110111000110010000100010010 0000111000010000000011010001111011111111000011110000111100001110 0001111100011111110100000010000011101101110000000000000011111110 0000111100011101111111011111000100000010000011101101110011001101 0010001100111110110111101111101111010001111100001101001011101100 0001000100000001110111111111011000100011000000101111000011100000 0001000100001111000100110100000100000001000100100010001100001110 0000000111110000111011010010000011011101000000011111110111111111 0000001000110010000000000010000100011110001011100000000111101111 0001111000011111111111101111111100000000001000100000000000010001 1111000000010010000011100000000111101100000100010000000000000000 0000000111101101110110111111000011110001000011100001111111011111 1111111011111111010000100001000100101111000111010001111111110000 0010110111111111000100101111010011110010110100111101101111111111 0001000000000000000000010000111000101111000011011101001000110000 0000001000101111111110111111000011111111001011101110110100001110 0000000011100000000100100011001100100010001000010010111111011111 1110001101000000111111010000111011011100000011100000110111101111 0010001011110000001000010010001000110010001100100000111100000000 1111000000111110111111101111111011111111001000010011000111110001 0000110011011101001000011101101111101010111011011110000000000000 0001001100100000111100001111000000101100111111110001001000100010 0001000100101111111111100001001000011110101111001101000100010011 0001111100011110111000010010000100101110111111111111000000001111 1110111000011111110111110001000111111110001000101101110111101111 0001001000000000000100100001001011111001111100001110001011110000 0010000000101111111100011100111011111101001000011101110100000100 1111000011011111000011011101110111011111111000000010000100001111 0000000111011110111100000000000000100011101111011101110111011011 0001111000010001111111011110110011110001111111101101000000011101 0001000100000000110100001111001000010010000100010000111011100010 0010000111110000000100100010000000010000111100010000000000001111 0101001111111011111011101101110011011001111111100000000000000000 1111000011110010000111010000110010110001111011111110101111001100 0010000100010000111000011110111111010000001000001111110111100001 1111000011010010111100000001101010001110001000000000000100101111 0000111100010000111010100000001111111100111011011100111000000001 0011111000100011001100000010111011101010000000010011000000000000 0000000100011110000011100000001000011111001000101111000011000001 0010000000000000111111111110110110111111001000011111001011101110 0000000100001111000011111111000000100011000000100000110110111100 0001111111111110110111011111111011001101111111100001000000110010 1101000011100001000000010000000111111011100111100000001011011011 0010001111100000000100000000000000000001000011010001001000011101 1101000000000011111100010000001100001111000011111110111100001110 0001110000101111000100000010111111110001000000100000000011100001 0000110111110010001100000010000011101010111000101111000111010010 0001000111010000110111010000000111110001000111100000110011101110 1111000000000001111100010000110111111111000100010001110100010001 1111111010101110001000110010001000000000111011001111111000110001 0000010000010000000100101101101111101110111011011100000011010000 0011000100100011001000000001001111111110000000010000000000000000 0001000100010000111111101111000000000001001100000001000111001110 1110110000000000000000100001001000011111110111110001010000100000 0000000011111100111000010010000100010001111111011101000100100100 0010000100100011000000000001000100001100101111100001000010110001 1110000000001101000011011110111100001101111100000100001100111111 0001000100000001000000001111000000101110000111111110111111001011 1111000011110010000111111101000100110011111111101011110100000010 0001111000000011111011111111111111110000110100101101111100101001 0001111111110000001000000001111111000000000100110010110111101110 0010001000001111000111001110001000100000101010010001000000000010 1110000111101110000000010001111011111111000011110010111100001100 0001000000001111111111111101101111010001010000100010000011010010 0000001000010001000111111111000111101111110011011110000000011111 0000000100001110000111101111000000000011000110111100111011100000 0000000000010001111100101110101110110000001111110000111000010000 1010111100001110001100101111001011110001000011011111111100011011 1101110000000000111100010001000000001110111111100000001011110000 1101000111101110000001001111001000100000110111111111111100000000 0100000000000001000100010010000111101111110011100100001100001011 1101000100100000110100010000111100000001000100000000000000001110 0001000100100000001000101111111000000000111111111110110000011110 0010000011011101101000010010111111111110000000001101000100101100 0000111000010001101110110010111011010001001011111101110100010011 1101001000101111110111110001000111000000001000001111111100001110 1111000111011101111100000001001000011111000011110000110111011110 0011111111110001111111010001111111110000111111100010110010111111 0000000010100001000000010001111011110010001011101110001000011111 0000000100010001111100000001000000010000000100001110000011111101 0000110111011111000100000000001000000010000100100010000000000000 0001000100001110111100110001000111011110110100001101101111001100 0010000010110001001000000000000100010001000000010001001011110010 0000111111111101100111110010000000010100010000000000001100010001 0100000100011101101100101111101111011110010000001110000100010001 0001001011100001000100001101110111000000000100001001111000011011 0100000100000010000011100001000000000001000011101111111010101000 1111111100001111111111110010111100101111000011011100110111101111 1101111000010000111111110000000111011101110111011110111100100000 0000000000001100110000000001110100011111111100111111110000011011 1110000100101111110100000000110100101110001101011111000100011100 1110000000101101000011100010000110110001000100000010000000000001 1111010000001111000000010000111000000000000011110001000000001110 0000111011110011000011111111000111111111000100010000000100000010 0000000100010000000000011011001000011111000100111110111100101011 0000001000001110111111111111110111011110111000001111111100100001 0011000111110000111100000001111011110000000000011111111111101110 1111111100000010111011110000111111100000000111110001110011011111 0100111011110010000100001111000000011111111100000011000100011101 0001111000100001111100001110001000011111111100011101101100001111 0011000000110000000000000000111000000000111111011101111111101000 1110000000110010000000000000000111100000111100010000111000010010 0000000001000001000100000000000111111111001100010000001000010000 0001000100000000110000000010111111110000000100100001111000001111 0000111100111110111011011111000000011100111011000000111011001111 1011111100100011111111101111000111101101110011001110110000001110 0010001000000010000011100000000100011101000000010001000011101011 0001111100010010111111111110000011110001111100010001000100000010 1111000011111101000100001101110100001111000100011101111111111111 0001001100010001001000100000001000000000111100101101110111101011 0001111100001111000000110000000000000000000111111101111010111110 0001001000010010101111110001110011110000110111000000111111100010 0000000111111111000100100000110100010010000111111111110011011111 0001111100000001111100100000001000100010000111111111000011010000 0000000100001110000000010010111000100001000000010000111100110010 1101000100100000111000000000000000010000000011110000111110110010 1110001000000000000000010001111100010001000000001110110011101111 0011110000000001001000111101111011001101111111100001001000100001 1010110111111101111111111111111111101100111011110001001000010001 0011111100000001110000011111000100011111010000111111111111110010 0001001000101111101011100000000100011101110100010001001000001000 1110001011110001000000011100000100000001001000100001110011101111 1101111100000001000000011111111011101111110010111001000100000010 1111000011110001111100000010000111110001000011010010000100000001 0001000000101111111000000000111000110010111100100010111111111110 0010001000000001000011011110000111100010111111011100000100010000 0010000000001111110111100000000000100000000100000000001000101111 0001000111110000111111100001000011100000001000001101100010101101 0000000111110000111100001100111100001110000100100001000100110001 0000111111010001000111101110000111100000110011101100111111000001 0001000011110000111100101110111100001111111100101111000000000010 1111000000000010111111111111111111110000111100111101110111001111 0000000100010010111011100010000100011111000100010000000011011110 0000111000000000111100101111110100010010000011101101110110110010 0001000000100011111111000000001111100001000011100000010100100000 1110111100011111000000000001000111110000001000001100110000100000 0000101100000001111100010010000000010010000111111111000100000001 0010110111001110111111000000000111111111000000100010000000001111 0001110011000000111111111110111100000000111100101110101100100011 1110110100001110000000000000111111111100001000101110111111100001 0001001011110001110000000010110111110011000100000010000100001111 1111111111110000001000101100110111101111001011101110101011101110 1110111010110000000011101111000011110011000111001011000000010011 1110110100001110111100011110000100011111000000000001000111000010 1110000000011110001011110000001000001111110111001011000000100000 0000001000010001111000001110111111101101111100001111111110101111 1111000011100010111111110010000011010001000010101101000100000001 1011101011111111111100000001000000001100111000001011001000110100 1101000011111111111011000001111011101101110100101111000100011111 0000000111010001101011101100000011111110000000110000111111110000 0010001000000001000000011111111111110011001011111111000011101111 1101110111100001000100000000111100110010000000000000000111110011 0001110100010010000011110001000011011111001000010010111100011101 0000000111111110000011110010000011100000000100001111110011110001 1100000111100001000011010000000011100000111111110000010000000010 0000110111110001000000001111000011111010111111110000111111100000 0000000100001111000000000000000110111111111111110001111011001100 0000010000011111000000101111111000001101110000100010111111111111 0001100111110000000000010000000111110000000100000001111111110001 1110111011001110000111101111000100110010000111011011000000100000 1111000111101111111111100000000011100001001011001100000111110010 1110111000110001000000101111000000011011101100000010000000011111 0001000100000000111011110010000011101111000011110000111100001111 1111110100010010001001000000110000000000000000011111000000000000 0001111100001111111111110010110111010000000100001110101111101111 0000110111011111000000010000000100010010111100010000001111110000 1111000011100001000000010000110111111101111000011111000000000000 0000111111110000111100001111000000000000000000000000000011111111 0000000000000000111100000000000000000000000000000000000011110000 1111000011111111000000000000000000000000000000000000000000000000 0000000011111111000000001111000011111111000000000000111111110000 0000000000000000111100000000000000001111000011111111000011110000 0000000000000000000000000000111100000000000011111111000000001111 0000000000001111111100000000111100000000000000001111000000001111 0000000000000000000000000000000000000000000000000000000000000000 1111000000000000000011110000000011111111000000000000111100000000 0000000000000000000000001111000000001111111100001111111111111111 0000000000000000000011110000000011111111000011111111111100000000 0000000000000000000000000000000000000000111100000000111111110000 0000000000000000000000001111000000000000000000001111000000000000 0000000000001111111100000000000000000000111100000000111100000000 0000000000000000111100000000111100000000000000000000000000000000 0000000000000000000000000000111100001111111111110000000000000000 0000000000000000000000001111111100000000000000001111000011110000 0000000000000000000011110000000000000000000000000000000000000000 1111111100001111000000000000111100000000000000000000000011110000 0000000000000000000000000000000000000000000011110000000000000000 0000000011111111111100000000000000000000000000000000000000000000 0000000011111111111111110000000011110000000011110000111111110000 0000000000001111111100000000111111110000111100000000000000000000 0000000011111111111100001111000011110000000000001111000000000000 1111111100001111111100000000000000000000111111111111111111110000 0000000000000000000000000000000000001111111100000000000011111111 0000000000000000000000000000000000001111111111111111111111111111 0000000011110000111111110000000000001111000000001111000000001111 0000111100000000000000000000000000001111000011111111000000000000 0000000000000000000011110000000000001111111100000000000000000000 0000000000000000000000000000000011111111000000000000000000000000 0000000011111111111111111111111111111111000000000000111100000000 0001110111011101111011001110111111101110111100100010111100011110 0001001010110001010000000001110000001111111100000011001000000001 0000110000001110110110111100101111011011101111011011000000011110 0001000111011100001000110001000100001111000000010000000100011011 0000111100001110111111000000000011011111111100000011000000011100 0001001000101111000100001111000000001101000000010100000001000010 0000000011100010111100110000000100110001000000101100001000000001 0010001011010000001000111111000100000000000011111010111011110000 0001000100100011001011011110001011110000000100000010001000000001 0010111000010010001100000000111011100010000100100001001000010000 0000111101001111000111100001001000101110000000001110001000101101 1111111100000001111111111110110011100010001000000001001000110000 0001001011100000000100011111111111001000111100001110000100100000 0000000000011111111100001110111111111100111100001101000011111110 0010111000010001111100010011000100001110111111110000110100000001 1110110110001110111000001111111100001110000011101011001000100001 0000000000101110000000101111111100010101010001001100001100110011 0010000100001111000011111111111100000000000100010001000100010010 1111000000000010000100000011101111110000000000100001000100011111 1111110100010010101110111100000000001110110111100010111111010001 0010000111111111111111011100000100001110110000001111110011101001 0000000011111110111100000011000000100001111100000000000111100010 1111000100101111101111011100111000100011000011111101001011111110 1111000000111111001100010000111100001110111111100001111011110010 1110111000000010001000101111110111010000000000001101111011011100 1100100111110000110000001111111000001100000000000011001000000011 0001000000001100111110110000000011101111000111110001001111101100 1110111011110001001100011101110111001011111100001110000011101111 1111000000100010000011000001000011110010111111110010000011101010 0000110111111110001100011111001000011111000000010000110000001101 1110000001000001001111100001000011110000001000011111001111110011 1100000000111101100011001110001000001111001001000001000011010000 0000000000000000000000000000000000000000000011111111111100000000 0000000000000000000000000000000000000000000000000000000000000000 1111000011111111000000010000000000001111000000000000000000000000 0000000000000000000000000000000000000000000000000000000011110000 0000000000001111000000001111000000000000000000000000111100000000 0000000000001111000011110000000000000000000000000000000000000000 0000000000000000000011110000000000000000000000000000000000000000 0000000000000000000000001111000000000000000000000000000000000000 0000000000000000000011110000000000000000000000000000000000000000 1111111111111111000000000000000000000000000000000000000011111111 0000000000000000000000000000000000000000000000000000000000000000 0000111111111111111100000000000000000000000000000000000011111111 0000111111110000000000000000000000000000000000000000000000000000 0000000000000000000000000000000000000000000000000000000011110000 0000111111110000000000000000000000000000000000000000111100000000 0000000000000000111100000000000000000000000000000000000000001111 1111000000000000111100001111111111111111000000000000111100000000 0000000000001111000000000000000000000000000000001111111100000000 0000000000000000000000000000000000001111000000000000000000000000 1111000000000000000000000000000000000000000000000000000000000000 0000111100001111000000000000000000001111000011110000000000001111 1111111100000000111100000000000000000000000000000000111100000000 0000000011110000000000000000111100000000000100000000000000000000 1111000000000000000011110000000000000000000000000000111100000000 0000000011110000000000000000111100000000111100001111111100001111 0000111100000000000000000000000000000000000000000000000011111111 0000000000001111000000000000000000001111000000000000000000000000 1111000011110000000000000000000000001111000000000000000011110000 0000000000000000000000000000000000000000000011110000000000000000 0000000011111111000000000000000000000000000000000000000000000000 0000000000000000000000000000000000001111000000000000000000000000 0000000011110000000000000000000000000000000000000000000011111111 1100000000011100111000010010000000100010000100000000111111100001 1111000000010001110011100001001100000001111111001110000111111101 0010001111111110000011111101001000100001001000001100110010011110 0001101100010010111011000001000111110000111110001011000111011111 0001000111111101111011000000111100100001111100100011111111110001 0001000111000010111111111100111011011111000000010000001000100001 0001111000100001110111100000000011011110000000010000001000010000 1100111000110010000111110000000011001011110010010010111100010101 0000001000100001110000011111111100010010000100010000111111000001 1101001011101110111011010000101100001100000000001110000100011111 0000000111011111110100000010000100010010000000000000000100010000 0010000111111101111111011100111000001010111000001111000000000000 1110000000100001111111101111111111101111111011010001111000100100 0001000000010000110111110000000100001111111111100001000000010001 0001010000001100001011111111110100000011000011100001001000010011 1111000000100010000011100000001000010010001100100000000011101111 1111110000010010111111101101111100011101111011100000001001010000 1111110111110000101011100001000111111111110010110000111011110000 0000001000100000111000011101001011111101000000000001000011110011 0000111100000000000000011111110111011111000000000011000100010001 0001000100000001000000010010111111110001111100110000111100010001 0001000011101100000011101101000000110000111100001111111000010010 0010111011100001000000000001111011010001001111110000001011101011 1110111111011110111100000001000100000000110100001101001100001110 1100111000011110111100000010000111111100101011001110000000001111 0001000100001100111011001101000011101111000000000010110000000001 0001111000000010000000001111111011100000000100010000001000010000 1110000100001111111111110001000011110001000000010010001011000001 0000111011100000000011110001000111110001000000001111111011111111 0001111011111100101100100011000000010010000111111110111011010000 0000000011110000111111101111111111110010001011110000001100010001 0010000011101100110111011111111000000010000011010000001011100001;
