#ifndef WEIGHTS_GRU_Q12_H
#define WEIGHTS_GRU_Q12_H

#include "xil_types.h"

#define GRU_Q 12
#define GRU_SCALE 4096
#define GRU_ONE 4096

static const s32 gru_kernel_q12[32][384] = {
  {
    1151, -131, 573, 117, -1155, -898, -912, 960,
    80, -709, -556, -25, 279, 81, -567, 443,
    -6, -1996, -1380, 539, 264, -342, -16, -1292,
    -41, -122, -1562, 286, -97, 95, -811, -1199,
    -1027, -608, 460, 1729, -516, 411, -759, -944,
    46, 27, -464, 1492, -754, -758, -115, 634,
    -420, -713, -193, 1187, -330, 732, 677, 1199,
    -20, 615, -1486, 1318, 473, -932, -1474, -139,
    -65, -565, -1547, 1902, 672, -1609, -131, 906,
    -1425, 872, 270, -649, -376, -664, -82, -1052,
    -1109, -517, -549, -814, 47, -913, -566, 573,
    -360, -648, 2285, -1236, 684, 135, -108, -710,
    -111, -1166, -651, -316, 293, 144, 1120, -2157,
    134, -1022, -834, 1150, 11, 1120, 875, 263,
    1020, -817, -380, 222, -606, -292, 1593, -1472,
    1634, -755, -1427, -1706, -779, 3, -882, 766,
    329, 262, 344, -364, 562, 125, -1122, -1242,
    554, -421, 1283, 25, 274, 780, 1017, 482,
    660, -725, -354, 506, 1333, -189, -1180, 385,
    -202, 1016, -557, -1537, 1603, -876, -3125, -5,
    505, 234, 1126, 934, -657, 925, 434, -429,
    -242, 1108, 90, 1497, 317, 941, -523, -774,
    242, -109, 1687, 47, -1610, -396, 975, 207,
    -240, 230, 1268, -340, 296, 10, -1860, 1059,
    -776, -374, 858, 607, -231, -193, -21, -706,
    493, -1742, 975, -125, -148, -137, -661, -1085,
    -459, -271, -1054, -557, -1323, 145, -1302, 51,
    153, -527, 435, -1187, -165, -757, 198, -448,
    323, -1752, -434, -837, -724, 199, -504, -1314,
    -1578, -751, 314, -118, -1200, 92, 244, 351,
    328, -1104, 380, 221, -505, 387, 415, 1656,
    572, 716, -1257, -149, 1151, 68, 386, 530,
    493, 592, 1388, 6, 703, -1589, -282, 587,
    201, -443, -1101, -1403, 174, -172, 488, -1317,
    -489, 505, -705, -302, 681, -1001, 339, -317,
    -563, -1952, 1060, -245, 990, -307, 524, -406,
    756, -304, -475, -554, 74, 1410, -863, -2041,
    371, 1481, -334, 878, 247, 599, 1364, 2117,
    -602, -87, 1204, -1554, -1507, -193, 2433, -715,
    622, -1102, 985, 742, 1807, 151, 230, 292,
    344, 636, 2145, -194, 1004, 773, 554, -180,
    1659, 309, -551, 106, 67, 800, 1414, 440,
    1186, -1110, 660, -688, 192, 867, 2199, -589,
    523, -1435, 848, -196, -288, -318, 405, 1379,
    407, -1118, -1506, 1738, -942, 1318, 224, 1067,
    -1775, -1135, -486, -881, -469, -230, 1208, 820,
    -224, -265, 1173, 824, -675, 417, 96, 1061,
    -962, 1084, 718, -859, 84, 3447, 1049, -866,
  },
  {
    1508, -374, 550, -473, -1185, -135, -785, 951,
    -571, -990, 224, 433, 285, -520, -229, 847,
    764, -2554, -1027, 156, 762, -877, -119, -1119,
    -597, -71, -1556, -382, -563, 379, -1340, -1064,
    -545, -529, 566, 2500, -882, 41, -1457, -1415,
    -236, -318, 321, 1237, -117, -781, 324, 204,
    -770, -1153, -355, 916, -537, 574, 837, 500,
    -416, 159, -1917, 815, 492, -400, -1528, -58,
    513, -752, -1119, 1313, -214, -1209, 388, 477,
    -722, 72, 316, 268, -375, 275, -939, -273,
    -675, -524, -300, 154, 264, -574, -1117, -329,
    -800, -893, 1720, -512, 925, -5, 200, -935,
    31, -709, -591, -196, 268, 585, 1244, -1544,
    199, -1194, 70, 1486, -741, 1679, 1273, 470,
    882, -1222, 114, 336, -235, -959, 1185, -1639,
    866, -916, -2007, -1066, -576, 378, -555, -357,
    41, -695, 54, -356, 258, 169, -932, -648,
    322, -432, 1461, -608, 502, 884, 424, 176,
    -141, 213, -554, 201, 1623, 55, -1110, -28,
    -506, 1786, -14, -1943, 1122, -478, -2852, -350,
    425, -431, 915, 678, -1276, 25, 329, -520,
    21, 836, 369, 2080, 438, 338, -481, -928,
    -214, 519, 980, 78, -1370, -556, 1150, 175,
    -730, 730, 758, 72, 879, 751, -1894, 784,
    -519, -106, -244, 837, -670, 328, -133, -373,
    -91, -2636, -19, -46, -252, -94, -702, -1236,
    -331, -1564, -719, -154, -1454, -348, -1685, 294,
    279, -407, 602, -1708, 807, -926, 174, -1008,
    1255, -1283, -446, -832, -180, 166, -74, -1653,
    -1760, -668, 743, -71, -1845, 545, -566, 744,
    141, 159, 245, 221, -663, 356, 511, 569,
    38, -147, -1356, -182, 1108, 73, -536, 147,
    -150, 496, 1653, 205, 867, -1329, 402, 334,
    259, -650, -1496, -1171, -527, -1293, 162, -1480,
    -618, 741, -1039, -188, 125, -978, 1142, -312,
    149, -1963, 756, 702, 1130, 482, -384, -248,
    867, -15, -1049, 294, -900, 1259, -974, -1197,
    -140, 1568, 346, 696, 87, -91, 1644, 1494,
    334, 878, 998, -1513, -591, 319, 2335, -177,
    163, -985, 952, 502, 1871, -599, 25, -569,
    86, 986, 1825, -41, 1035, 1706, 499, -587,
    1380, -102, -973, 443, 175, 617, 870, -48,
    983, -610, -1, -555, -178, 767, 1948, -382,
    726, -1321, 519, -51, -735, 644, -349, 620,
    188, -1765, -1396, 1833, -484, 1293, 146, 656,
    -2159, -260, 252, -674, -540, 291, 1411, 718,
    -232, -109, 1120, 356, -645, 279, 12, 807,
    -1112, 1183, 597, -607, -183, 3085, 1460, -714,
  },
  {
    2231, 329, 1148, -970, -611, -442, -920, 1384,
    -652, -1609, -206, 775, 447, -1156, -254, 259,
    388, -2197, -954, 381, 559, -1091, -25, -987,
    -325, -355, -1332, -488, 138, -441, -836, 69,
    -570, -1178, 10, 2374, -1320, 826, -1400, -1664,
    -781, 267, -643, 1631, -287, -488, -80, 158,
    -1076, -414, -849, 573, -289, 585, 1169, -60,
    -355, 151, -1416, 209, 758, -600, -1505, -990,
    154, -427, -1026, 1761, 96, -807, -147, 896,
    -725, -1009, -33, 494, 182, 543, -1186, -714,
    -947, -471, -902, -63, 126, -1185, -636, 285,
    -508, 98, 1653, -1071, 452, -300, 196, -733,
    155, -14, -2, -473, 427, 187, 1431, -1594,
    146, -1556, -293, 1356, -571, 732, 1339, -295,
    906, -914, 266, 1045, 66, -393, 1367, -1250,
    771, -509, -1212, -1190, -1373, 508, -808, -244,
    -339, -922, -909, -1213, 826, -70, -854, -569,
    397, -339, 1224, 416, 777, 51, 628, 331,
    -11, -169, -1017, 656, 1194, -177, -1030, -102,
    -1685, 923, 270, -2206, 1473, 209, -2537, -88,
    612, -401, 594, 769, -1041, 254, -433, -942,
    -89, 714, -469, 1961, 550, 645, -1311, -288,
    132, 118, 1635, 1043, -446, -592, 535, 91,
    390, 756, 989, -62, 175, 167, -2102, 1416,
    -998, -946, -802, 1693, -13, 57, 432, 313,
    -93, -3031, -38, -119, -38, 311, -704, -882,
    -1407, -1334, -496, 257, -1326, -361, -1960, -36,
    -760, -250, 674, -1876, 805, -805, -544, -1158,
    1247, -1007, -1136, -724, 43, 52, -613, -2157,
    -1270, -477, 429, 968, -1529, 687, -337, 160,
    -582, -22, 829, 95, -42, 314, 988, 1044,
    587, 147, -1330, 138, 630, -692, -717, -398,
    343, 384, 1703, 943, -75, -296, 876, -49,
    -852, -1162, -856, -673, -315, -1493, 184, -1734,
    -729, 731, -833, -346, 708, -522, 1040, -760,
    -183, -1457, 477, 480, 514, -208, 197, -106,
    1317, -136, -1599, 654, -801, 1447, -1001, -1647,
    -17, 1926, -571, 1602, -81, 466, 2049, 2007,
    457, 1051, 1718, -1428, -1063, -220, 1939, -749,
    795, -1011, 719, -59, 1593, -659, -216, -123,
    -649, 1521, 1661, -462, 898, 1273, -207, -308,
    656, -593, -951, 724, 446, 770, 166, -30,
    1104, -664, -201, -1064, -713, 1293, 1509, -52,
    227, -698, 994, 24, 112, 212, -721, 353,
    645, -1241, -1152, 1408, -156, 1327, 89, 999,
    -1726, -785, 506, -851, -889, 664, 1262, 1868,
    338, 33, -59, 192, 285, -334, -789, 932,
    -456, 963, -240, -188, -111, 2777, 1082, -751,
  },
  {
    1572, 441, 1019, -1475, -832, -340, -1443, 927,
    -1861, -1363, 663, 703, 203, -549, 354, 457,
    726, -2146, -676, 607, 1046, -343, 427, -519,
    -920, 23, -1950, 104, 338, -11, -525, -353,
    511, -1242, -265, 2453, -1850, 219, -2197, -1509,
    46, 21, 155, 2004, -614, -419, 17, 717,
    -820, -383, -1250, 476, -480, 667, 481, -835,
    -1032, -110, -1957, 607, 308, -440, -1648, -502,
    274, -138, -429, 1997, 586, -1154, 523, 369,
    -782, -1597, 218, 545, -44, 305, -1389, -156,
    -982, -378, 89, 326, 594, -982, -919, -244,
    -871, 198, 1907, -830, 815, -29, -261, -725,
    5, 517, -809, -528, 409, 447, 888, -2065,
    509, -1786, -121, 801, -690, 1334, 721, -443,
    1233, -856, 804, 1184, 168, -56, 1893, -725,
    957, -638, -1067, -782, -1648, -150, -31, -114,
    467, -1035, -677, -986, 178, 375, -33, -840,
    855, 187, 1304, -132, 1170, 399, 1590, 1519,
    -10, 113, -905, 14, 1511, -139, -134, -490,
    -1098, 1008, 153, -2944, 916, -55, -2799, -751,
    1, -248, 869, 774, -775, -629, -549, -301,
    539, 953, -430, 1743, 574, 1195, -802, -320,
    357, 185, 1332, 1037, -297, -800, 1149, 103,
    -78, 1601, 112, 5, 216, 157, -1291, 1109,
    -686, -514, -835, 1224, 67, 1098, -203, 645,
    -164, -3974, -57, 419, -172, -112, -1237, -934,
    -844, -2517, -1398, -149, -1265, -980, -2191, 138,
    -502, -80, 1631, -1492, 984, -681, -522, -1158,
    1910, -802, -344, -168, -403, 1065, -135, -2445,
    -426, -1244, -26, 396, -1228, 896, 488, 738,
    -542, -70, 953, 549, 416, 676, 1050, 985,
    76, -260, -1082, -62, 179, -1001, -544, -867,
    -41, 1022, 1055, 1558, 219, -98, 975, -42,
    -1720, -1535, -1538, -1156, -515, -1878, 740, -933,
    71, 60, 482, -124, 1265, -494, 1779, -1749,
    86, -1577, -371, 591, 586, 13, -609, 323,
    167, 752, -1749, 30, -1135, 978, -622, -950,
    -221, 1452, -16, 995, -176, -83, 1821, 1042,
    559, 798, 1593, -1103, -910, -76, 1597, -925,
    521, -721, 1250, -384, 1056, -721, -1080, -34,
    -99, 1546, 1016, -826, 1425, 1797, 500, 116,
    335, -851, -606, 619, 104, 465, -668, -35,
    941, -631, 246, -387, -54, 1564, 505, -889,
    341, -393, 894, 236, -630, 884, -698, -265,
    174, -1699, -675, 1243, -162, 947, 800, 128,
    -1764, -347, 494, 49, -213, 585, 1487, 2165,
    -275, -49, 106, -525, -376, -230, -1068, -15,
    -481, 1201, -738, -728, 71, 2678, 612, -38,
  },
  {
    1430, 356, 1741, -1832, -9, 76, -854, 28,
    -2074, -1978, 422, 1141, -271, -481, 817, 395,
    771, -1472, -845, 582, 761, -1322, 1081, 651,
    -977, -82, -2770, 311, 231, -948, -171, -648,
    292, -1553, -12, 2295, -1320, 881, -1670, -1282,
    -869, 491, -32, 849, -704, -1288, 556, 696,
    -86, -465, -558, 585, -25, 1027, 722, -600,
    -459, -513, -1205, -142, 572, -417, -1797, -326,
    -392, -169, -1082, 1545, 9, -1309, -312, 205,
    -511, -2116, -155, 1177, 313, 536, -2365, -228,
    -602, -770, -243, 761, 133, -496, -850, -115,
    -1020, -150, 1292, -1192, 372, -467, 561, -1640,
    29, -86, -201, -655, -288, -298, 482, -2049,
    -309, -1674, -358, 201, -225, 1402, 1313, -140,
    1046, -647, 265, 1553, 449, -371, 2076, -410,
    656, -322, -1621, -270, -933, 306, -227, -462,
    521, -1068, -725, -1892, 331, 118, 191, -366,
    160, 466, 1157, -311, 424, 122, 1517, 1544,
    738, 205, -1068, 573, 1969, -602, -689, -179,
    -1485, 1140, 603, -3464, 1178, 335, -1962, -476,
    -747, -398, 601, 525, -649, -642, -381, -370,
    571, 994, -1033, 919, 1185, 265, -932, -710,
    844, 379, 1047, 1319, -387, -451, 784, 74,
    545, 2057, 565, -306, 53, 611, -925, 688,
    -910, -1139, -1422, 1347, 253, 1386, 459, 1321,
    -624, -4415, 107, 865, 164, 593, -1363, -576,
    -816, -2471, -669, -142, -2676, -1615, -1716, -1010,
    -937, 327, 1499, -1790, 565, -1305, -1080, -504,
    2314, -338, -443, -252, 141, 1417, -345, -1864,
    -552, -679, -296, 553, -1683, 1421, 912, 31,
    146, 106, 756, 1397, 734, -295, 912, 940,
    172, -136, -1483, -556, 529, -237, -509, -402,
    559, 890, 870, 1861, 514, 112, 898, 210,
    -1446, -1388, -609, -763, -530, -1403, 342, -894,
    741, -382, 523, 77, 711, -728, 1612, -2644,
    149, -351, -569, 795, 261, 493, -71, 3,
    -1, 439, -1342, -123, -347, 374, -440, 19,
    213, 1277, -272, 929, 236, -102, 1981, 1762,
    913, 378, 1762, -518, 23, 630, 1590, -1528,
    -321, -260, 765, 136, 185, -554, -884, -492,
    -30, 1656, 767, -707, 1185, 1136, 58, -656,
    -464, -1236, -979, 209, 546, 213, -1718, -226,
    311, -639, -30, -209, 145, 1240, 275, -738,
    -80, 44, 926, 483, -49, 910, -1279, -571,
    -22, -784, -168, 538, 291, 647, 738, -127,
    -1787, 259, 590, -128, -289, 682, 526, 1852,
    9, 121, 174, 229, -489, 60, -715, 548,
    -533, 1276, -924, 421, -286, 1583, -307, 411,
  },
  {
    1076, -60, 1970, -1489, 191, 613, -576, -88,
    -3604, -1753, 585, 581, -149, -126, 651, 76,
    -22, -1066, -919, 169, 1045, -422, 788, 1053,
    -582, 536, -2895, 480, -240, -1397, 564, -264,
    225, -1977, -343, 1977, -672, 356, -1343, -448,
    -963, 311, -76, 800, 47, -1086, -217, 886,
    -920, -449, -1325, 529, 131, 714, -462, -699,
    -1087, 59, -1437, -397, 558, -357, -1273, -1217,
    -471, -802, -520, 707, 205, 57, -399, -375,
    -1473, -2151, 300, 1987, 26, 1397, -2409, 454,
    -246, 20, 484, 407, -27, -743, -47, -857,
    -612, -222, 769, -1669, -196, -364, -142, -1856,
    512, 919, 20, -394, -186, 48, 260, -1554,
    -507, -1828, 230, 14, -710, 1198, 1794, -820,
    457, -173, 465, 1613, -87, -673, 1651, -879,
    -33, 264, -1043, 3, -21, 302, 103, -1146,
    189, -890, -193, -1849, 179, 968, -607, -1054,
    211, 156, 2159, -522, -17, -177, 1210, 1432,
    518, 657, -294, 535, 1907, -553, -945, 309,
    -1206, 954, 1007, -2529, 754, 414, -1846, -28,
    -699, -970, 768, 1703, -1686, -719, -1380, -745,
    809, 302, -1956, 1386, 1799, 9, -756, -676,
    782, 789, 1832, 833, 623, -413, 595, -257,
    816, 2622, 499, -175, -191, 272, -409, 787,
    -333, -937, -1145, 523, 76, 1589, 593, 2559,
    -72, -3323, 147, 762, 188, -51, -1489, -1271,
    -999, -2010, -544, 1, -2928, -2653, -1336, -985,
    -493, 59, 2357, -835, 272, -1546, -1275, -474,
    2796, -734, -119, 47, -468, 1306, -442, -2160,
    -919, -945, -205, 1238, -1068, 2243, 1031, 180,
    -740, -1223, 315, 904, 303, 354, 1166, 724,
    505, -678, -1050, -564, 220, -484, -773, -574,
    865, 212, 283, 1306, 773, 1263, 182, -169,
    -1810, -1963, -975, -421, -566, -929, 1008, -1235,
    664, -597, 638, -675, 380, -601, 1938, -2902,
    221, -682, -1606, 381, -524, 165, 467, 35,
    -17, 1305, -1570, 258, -215, 1099, 424, 835,
    -403, 226, 113, 430, 69, -228, 1455, 1432,
    318, 1022, 1942, -504, 933, 1325, 1431, -1694,
    -547, -485, -224, -793, 504, -649, -711, -926,
    30, 640, 201, -740, 564, -272, 76, 149,
    -828, -1311, 110, -375, -58, 238, -2315, -20,
    584, 369, 50, 879, 397, 1286, 1237, -983,
    -698, -142, -3, 1093, 100, 131, -1052, -1441,
    -525, -1262, 562, 695, 755, 1300, 570, 339,
    -1890, 706, 610, -360, -532, 591, 852, 818,
    -16, -145, 15, -187, -339, -309, -249, 1477,
    -154, 521, -973, 355, 346, 1707, -590, 670,
  },
  {
    1354, -136, 2355, -939, 2, 1055, -723, 711,
    -3442, -1670, 1067, 868, 786, 27, 1142, -348,
    -78, -1255, -721, -411, 1131, -1371, -180, 1271,
    -689, 314, -3268, 127, 745, -943, 1303, 248,
    179, -1749, -299, 1650, -838, 327, -1844, -439,
    -28, 392, -598, 784, -289, -830, -477, 348,
    -851, -370, -717, -72, -101, 454, -691, -1480,
    -890, 129, -1045, -660, -107, -262, -1822, -431,
    -272, -627, -423, 40, 1168, 274, -76, -469,
    -988, -2415, -219, 2304, 623, 984, -2776, 175,
    -308, -58, 88, -58, -270, -104, -258, 320,
    -432, 455, 206, -1221, 79, -624, 298, -1022,
    184, 144, -387, -1121, 84, -120, -191, -1788,
    -547, -1693, 477, 906, -1129, 1188, 1533, -1118,
    915, 941, 481, 1183, -87, -606, 1916, -625,
    544, 361, -1200, 117, -47, 998, 544, -1517,
    -146, -1303, 679, -1809, -122, 598, -1051, -283,
    315, -333, 2290, -417, -514, -35, 644, 1239,
    37, 1284, -342, 696, 1479, -725, -1013, 766,
    -1102, 306, 250, -2918, 542, 976, -1687, -742,
    -964, -2064, 687, 1359, -1634, -227, -919, -1240,
    782, 1216, -1884, 444, 1807, 265, -836, -731,
    1231, 1175, 2314, 940, 88, -140, 445, -370,
    164, 2086, 268, -305, 89, -416, -243, 566,
    -591, -103, -1698, -223, 541, 949, 540, 2661,
    -202, -2626, 48, 1495, -22, 243, -1929, -469,
    -183, -1837, -599, -461, -3292, -2323, -359, -1414,
    -713, 11, 2236, -1278, 670, -554, -633, -789,
    3294, 390, 451, 414, -641, 2186, -518, -1731,
    -1241, -2108, -487, 284, -1080, 2586, 777, 834,
    54, -1826, 587, 1311, 689, 249, 689, 1636,
    28, -134, -285, -678, 220, 612, -323, 30,
    150, 513, 467, 1074, 1426, 926, -414, 377,
    -1946, -1911, -244, -446, -59, -1135, 805, -894,
    1011, -949, 196, -58, 954, 54, 1626, -2621,
    26, -567, -1607, 315, 346, 964, 1025, -637,
    161, 1773, -1095, -212, 316, 550, 681, 1307,
    -641, -123, -366, 219, -951, -838, 719, 620,
    763, 912, 1733, -888, 702, 1213, 1260, -1377,
    -319, -126, -527, -700, -323, -414, -82, -912,
    182, 540, 108, -605, 382, -540, -617, 589,
    -1262, -1314, 644, -155, 585, 918, -2192, -880,
    251, 968, 718, 955, 917, 1158, 885, -853,
    -1251, 831, 589, 1071, -347, 490, -1614, -1460,
    -378, -140, 756, 372, 259, 1283, -237, -490,
    -1366, 349, 1119, -274, -536, 1117, 955, 590,
    -205, 340, -503, 62, -745, 474, -939, 2003,
    -718, 269, -1104, 800, 18, 1321, -457, 971,
  },
  {
    1116, -50, 2323, -727, 121, 625, -784, 6,
    -3417, -1488, 1498, 415, 78, 334, 1110, -673,
    132, -784, -876, -86, 1776, -1597, -286, 451,
    -636, 1012, -2280, 306, 571, -445, 2115, 20,
    621, -1471, 97, 1832, -613, -516, -2252, -130,
    145, -473, -178, -161, -561, -699, -745, 200,
    -1301, -66, -495, 38, 516, 123, -965, -625,
    223, 733, -558, -1035, -1, -821, -1101, -594,
    -794, -725, -386, -132, 1350, 717, -430, -1099,
    -843, -2704, 341, 2227, 1032, 763, -2855, 211,
    144, -750, 651, 111, 305, 1069, -501, 788,
    -66, 963, -517, -1589, -230, -285, 829, -1344,
    539, 543, -706, -1076, -295, -883, 478, -1202,
    -1179, -1521, 258, 1331, -1440, 454, 1915, -644,
    529, 822, 750, 1427, 223, 218, 1044, -278,
    400, 1132, -455, 165, 875, 1444, 362, -653,
    12, -1349, 1299, -1732, -55, 1065, -809, -263,
    -565, -780, 1301, -393, -630, 642, 790, 895,
    48, 887, -237, 1441, 916, -690, -1238, 1174,
    -405, 502, 897, -2763, 939, 1007, -405, -570,
    -1138, -3670, 492, 2024, -2890, -436, 7, -1803,
    1316, 790, -2190, 885, 1736, -697, 655, -354,
    542, 840, 3345, 55, 900, 183, 375, 374,
    -171, 2945, 170, -989, -823, -1466, 1022, -388,
    -206, 914, -1118, -714, 155, 1099, 49, 2729,
    -81, -1892, 700, 1352, -228, 103, -1567, -403,
    458, -431, -224, 359, -3017, -351, 79, -2644,
    -1434, 913, 1169, -1065, 569, -461, -793, -1267,
    3305, -143, 807, 558, -339, 2219, -211, -1772,
    -1295, -1714, -228, 221, -752, 2618, 917, 1522,
    -338, -2117, 315, 1278, 759, 129, -285, 1428,
    480, 329, -696, -290, 6, 1788, 345, -136,
    362, -522, -20, 691, 675, 918, -787, 74,
    -1554, -1540, -646, 29, 915, -1344, 482, -641,
    1130, -199, 3, 240, -23, 221, 1935, -1782,
    -537, -238, -1988, -704, 20, 976, 543, 453,
    -21, 1479, -572, 224, 969, 221, 1072, 1150,
    -1084, -60, -938, 324, -840, -844, 935, 1290,
    571, 1116, 738, -143, 1183, 1265, 986, -1138,
    -655, 139, -634, -996, -619, 4, -269, 95,
    -57, -907, 380, -96, 926, -1442, -360, 59,
    -1017, -333, 289, -296, 517, 782, -1416, -1150,
    354, 655, 986, 1540, 850, -137, 275, -731,
    -892, 2184, 56, -87, -522, 14, -722, -866,
    -904, 32, 64, 990, 28, 920, -527, -118,
    -1171, -614, 1298, 419, 166, 1148, 741, 429,
    139, 469, -836, 701, -1024, 590, -516, 2472,
    -8, -676, -1950, 1393, -681, 736, -1203, 1283,
  },
  {
    275, -10, 1940, -100, -499, 1439, -821, 447,
    -2153, -1348, 1986, 42, 52, 64, 599, -1753,
    418, -862, -630, 282, 1883, -2086, -1159, 180,
    610, 1185, -1567, -342, 1481, -159, 2323, -266,
    -142, -1106, 588, 1513, 596, -371, -2875, -382,
    120, 178, -249, 313, -456, -623, -94, -688,
    -968, -317, -719, 283, 573, 200, -1430, -897,
    1828, 458, -369, -853, -274, -508, -1636, -841,
    -147, -1002, -200, -57, 1615, 860, 217, -377,
    -91, -1922, -343, 1268, 477, 171, -1714, 148,
    117, -817, -36, -13, -104, 1535, -15, 2578,
    -380, 583, -1422, -1559, -792, -312, 39, -1325,
    1217, -581, -823, -774, -699, -549, 551, -519,
    -1466, -1264, 757, 1975, -1885, 216, 2109, -1145,
    632, 667, 735, 862, 968, -294, 1144, -268,
    398, 685, -398, 212, 717, 2274, 418, -1132,
    181, -2411, 1668, -887, 0, 1067, -1657, -371,
    153, -1445, 1010, -699, -1268, 1729, 1122, 363,
    -958, 1053, 188, 1506, 767, -820, -468, 967,
    549, 242, 371, -3036, 347, 1075, -293, -496,
    -1418, -3340, 1160, 2107, -3466, -818, 255, -848,
    299, 655, -2334, 1055, 792, -1075, 1233, -1243,
    724, -15, 3954, 257, 37, 520, -224, 490,
    -525, 2102, 336, -55, -953, -1246, 1329, -214,
    585, 1395, -737, -870, 471, 1105, 972, 2424,
    -381, -1897, 278, 2083, 932, -8, -1203, 89,
    650, -406, -111, 437, -3095, 197, 1082, -2549,
    -1662, 2211, 1414, -1047, 71, -665, -1378, -1004,
    2876, 398, 573, 682, -711, 1378, -705, -1048,
    -1029, -1836, -686, 426, -404, 1948, 1176, 2114,
    59, -3221, 439, 1663, 1523, 478, -24, 1267,
    207, 495, -290, -350, -143, 2145, 1570, -265,
    -134, -530, 440, 5, 566, 854, -507, 319,
    -504, -611, -860, -525, 1118, -944, 1161, -477,
    1598, 512, 169, 1350, 303, -25, 1177, -1425,
    -324, 217, -2077, -571, -291, 897, 1282, 363,
    126, 1615, -1012, -274, 1816, -28, 1363, 1822,
    -1123, 366, -1414, 102, -1490, -1002, 189, 126,
    1151, 1287, 434, -816, 769, 211, 775, -1631,
    -10, 249, -183, -608, -152, -844, 203, -326,
    274, -1645, -283, 13, 546, -904, -552, 811,
    -724, -385, 108, 413, 1367, 1716, -1357, -853,
    375, 776, 1686, 1246, 410, -325, 262, -357,
    -1638, 2078, 259, -300, -185, -308, -357, -1012,
    -1034, -57, -64, 810, 350, 638, 173, 688,
    -815, -1240, 1657, 796, -460, 883, 703, 667,
    930, 523, -781, 679, -1035, 336, 48, 1672,
    -306, -1186, -2703, 1315, -669, 228, -102, 815,
  },
  {
    1110, 89, 2098, -680, 27, 970, -690, -119,
    -1286, -1648, 2634, -1057, -341, 266, 1085, -1636,
    -5, 270, -253, -326, 1813, -1782, -1828, 683,
    -15, 1200, -1193, -688, 998, 176, 1990, -838,
    -243, -309, -195, 762, 1269, -1492, -2610, 481,
    789, -57, 70, 396, -456, -462, -290, -449,
    -1527, 107, -813, 227, 285, 104, -1941, -1025,
    2715, 259, -333, -937, -81, -800, -1360, -611,
    20, -718, 134, 500, 976, 820, -347, -297,
    470, -1832, -273, 775, 481, 80, -1572, 606,
    310, -493, 443, 85, 785, 1543, 60, 3032,
    -674, 626, -1416, -1368, -786, -1088, 404, -868,
    618, -579, -703, -20, -274, -1194, 599, -644,
    -1964, -978, 174, 2436, -1389, 115, 1893, -1169,
    922, 1214, 776, 1034, 1081, 108, 463, 178,
    62, 1360, -1316, 428, -534, 2608, 391, -792,
    637, -2716, 1300, -678, 141, 1669, -2168, 95,
    576, -1655, 975, -245, -1383, 2199, 1095, -37,
    -846, 1250, 169, 1202, 1415, -784, -931, 1205,
    759, 486, 656, -4012, 557, 949, -303, -897,
    -1143, -3946, 707, 1800, -2763, -447, 1285, -691,
    387, 758, -2569, 964, 289, -1245, 1536, -745,
    452, -276, 3303, -135, 272, 494, 106, 589,
    -515, 2003, -177, -337, -1070, -1361, 1176, -216,
    216, 2337, 217, -134, 76, 428, 1124, 2701,
    282, -1792, 477, 1518, 427, 316, -899, 647,
    1121, 103, 481, 511, -3890, 1249, 1368, -2328,
    -703, 2646, 1212, -934, 271, -311, -689, -819,
    2063, 532, 1046, 144, -567, 1838, -182, -901,
    -1559, -1593, -410, 609, -30, 1168, 760, 2088,
    377, -2622, 260, 1258, 1912, 446, -153, 1830,
    104, 910, 283, -391, 71, 2447, 1840, 141,
    -245, -1734, -130, 69, 914, 465, -872, 77,
    -316, -950, -821, 454, 1031, -937, 1182, -544,
    1417, 770, -314, 1477, -171, 299, 1236, -346,
    -1280, 110, -1456, -454, -907, 431, 1419, 315,
    469, 958, -886, -565, 1514, 65, 1075, 1351,
    -905, 194, -946, 251, -1185, -1226, -45, 822,
    1157, 1169, 1140, 204, 563, 120, 322, -1649,
    153, 121, -184, -1091, -443, -19, 471, 33,
    -176, -844, -323, 833, 319, -867, 22, 226,
    -395, -164, 532, 630, 1392, 1469, -966, -1218,
    -157, 812, 1147, 1137, 491, -2, 1068, -130,
    -779, 2178, -174, 191, -111, -942, -315, -426,
    -737, 309, -48, 88, 699, -16, -239, 649,
    -731, -1957, 1402, 815, -641, 606, 455, 1094,
    1006, 85, -720, 818, -850, 357, 216, 1998,
    578, -1219, -2622, 1675, -171, 982, -531, 294,
  },
  {
    506, 461, 1631, -609, -482, 1578, -914, 92,
    -696, -1073, 3351, -1657, 187, 798, 385, -1181,
    422, 322, -646, -160, 1275, -1556, -1234, 71,
    199, 1175, -1294, -369, 834, 657, 2250, -1329,
    -203, -580, -15, 708, 1323, -1487, -2024, 128,
    518, -200, -151, 59, -490, -1329, -394, -748,
    -1695, -492, -810, 450, 429, -135, -2036, -473,
    1863, 726, -58, -227, -415, -714, -1379, -116,
    88, -591, -489, 240, 1292, 261, -583, -573,
    -51, -1501, -346, 894, 560, 448, -847, 883,
    20, -1607, 242, 341, 591, 1082, -582, 3254,
    -588, 63, -2157, -1053, -700, -358, 205, -1043,
    689, -1392, -656, -388, -779, -399, 533, -462,
    -1801, -1177, 846, 1860, -1584, -159, 1034, -1840,
    541, 483, 372, 1327, 321, -313, 455, -249,
    -310, 1230, -893, 761, -22, 1885, -290, 95,
    787, -2815, 1480, -162, -146, 1124, -1961, 634,
    -8, -776, 1123, -905, -1332, 2276, 615, -279,
    -1084, 1096, -700, 1843, 1325, -80, -277, 1219,
    647, 294, 957, -4417, 612, 1265, -259, -773,
    -1296, -3794, 951, 1416, -3479, -283, 1171, -193,
    934, 98, -2269, 1159, 846, -1246, 1520, -1476,
    -116, -409, 3835, -1038, -41, 66, -258, 313,
    -83, 2089, -331, -558, -1453, -1297, 1049, -381,
    -8, 3268, 117, -176, 213, 1302, 672, 1506,
    603, -856, 916, 1286, 809, -317, -309, 214,
    761, 682, 310, -74, -3757, 1409, 840, -1875,
    -598, 2243, 447, -162, 743, -260, -998, -722,
    2126, 499, 713, 442, 226, 1088, -403, -773,
    -1241, -1936, -230, 400, -49, 1541, 256, 1818,
    81, -2337, 867, 862, 2399, 370, -792, 1885,
    -155, 718, 534, -3, -768, 1766, 1498, 79,
    924, -1397, 385, -799, 384, -108, -417, -420,
    -22, -857, -825, 794, 991, -958, 1076, -558,
    648, 1030, 61, 1022, -219, -24, 640, -46,
    -973, -425, -1054, -828, -874, 728, 1887, 1202,
    -280, 721, -366, -618, 1055, -908, 618, 1321,
    -1100, -12, -1645, -597, -666, -1528, 109, 303,
    772, 361, 1358, -74, 291, 162, -613, -1496,
    -230, -164, 286, -413, -167, 379, -363, 0,
    -255, -1125, 166, 86, 435, -1621, -620, 146,
    -457, 301, -162, 310, 802, 1079, 63, -685,
    193, 275, 1730, 376, 1300, 328, 879, 633,
    -943, 1135, -642, -48, -141, -803, -144, -484,
    -822, 258, -389, 558, -13, 347, 18, 693,
    -709, -2231, 1243, 1255, -611, 827, 189, 1149,
    1177, 263, -687, 619, -515, 486, 82, 2085,
    323, -1348, -2345, 1843, -427, 1114, 517, 612,
  },
  {
    -162, 720, 1236, 133, -1123, 1359, -402, -747,
    -407, -1042, 2835, -735, 369, -56, 375, -1656,
    207, 116, -38, -297, 552, -1214, -1631, 871,
    702, 237, -327, -178, 869, 639, 2561, -1089,
    -466, -205, -273, 411, 1007, -2164, -1429, -100,
    795, -627, 452, -75, -705, -561, 243, -493,
    -1526, -117, -1033, 194, 76, 216, -2487, 196,
    1428, 516, -166, -610, -249, -286, -416, -394,
    718, -957, 166, 36, 1145, 122, 118, -1115,
    162, -1904, -374, 691, 474, 490, -97, 229,
    127, -1595, 359, -217, 974, 1047, -788, 1884,
    170, 609, -2030, -617, -478, -593, -339, -950,
    112, -1351, -314, 420, 120, -956, 634, -404,
    -1160, -220, 321, 1976, -1241, 552, 1410, -1789,
    428, 628, 1062, 1202, 31, 663, -458, 178,
    -381, 1219, -1158, 555, 869, 1449, 98, -191,
    511, -2526, 1625, -234, -482, 1206, -1680, 514,
    713, -521, 2124, -293, -1070, 1816, 196, 101,
    -911, 813, -530, 1103, 177, -330, 139, 671,
    712, -97, 817, -3877, 173, 1382, -467, -1294,
    -904, -2856, 1891, 1535, -2762, -152, 807, -330,
    187, -91, -1819, 270, 1053, -1008, 1425, -1638,
    902, 313, 3640, -1353, -1148, -38, -1095, 689,
    -1132, 1232, -169, -1288, -905, -776, 298, 229,
    -165, 2689, 145, 601, -199, 684, 638, 1850,
    -119, -1308, 1129, 752, 1661, -529, -988, -691,
    616, 101, 444, 324, -3317, 1065, 502, -1263,
    -1250, 1815, 502, -760, 1222, -185, -1451, 27,
    1867, 939, 1064, -317, -449, 1594, -772, -1082,
    -1044, -1435, -418, 1189, -16, 830, 430, 846,
    -150, -1636, 1164, 948, 2131, -532, -460, 1531,
    42, 982, 197, -485, -436, 1955, 1712, -294,
    967, -1086, -134, -1140, -25, 71, -442, 19,
    208, -1104, -259, 1078, 651, -214, 308, -161,
    1153, 592, -743, 110, 49, -468, -655, 771,
    -1549, -541, -1080, -927, -543, 605, 1243, 807,
    536, 12, -989, -1329, 1317, -1179, -60, 302,
    -534, -569, -1368, -701, -1130, -1431, -580, -464,
    918, 127, 1256, 275, 258, -75, -644, -1731,
    560, -305, 257, -136, -380, 181, -136, -250,
    -429, -224, -423, 135, -1, -1340, -274, 835,
    -336, 338, 47, 688, 1910, 1755, -160, -679,
    246, 753, 1566, 58, 744, 36, 1150, 464,
    -834, -588, 25, -903, 265, -920, 158, 546,
    83, 1094, -1207, -157, 594, 773, -380, 86,
    267, -2484, 947, 417, -395, 513, 303, 256,
    853, -316, -1178, 995, -159, 32, 254, 1363,
    190, -1433, -1426, 1157, 56, 1192, 1355, 68,
  },
  {
    -28, 555, 852, -570, -1280, 567, -1180, -216,
    316, -1246, 2937, -714, 232, 384, 974, -772,
    -67, -280, -217, -456, 255, -1937, -1141, 805,
    267, 994, -718, -484, 475, 1167, 2362, -1398,
    -575, -235, 451, -648, 341, -2045, -2039, 179,
    535, -855, 231, -119, 91, -798, -239, -814,
    -1513, 641, -695, -72, -610, 495, -3282, 295,
    1371, 950, -330, 330, -717, 344, -379, 161,
    465, -898, -300, -261, 896, -258, -46, -828,
    589, -1810, -934, 822, 889, 957, 402, 950,
    514, -2044, 196, 656, 793, 1146, -664, 1933,
    -324, 468, -1388, 339, 741, 23, 419, -260,
    -65, -1362, -596, 848, 223, -1590, 1320, 175,
    -296, -431, 186, 1416, -893, 741, 1745, -1939,
    410, 667, 1034, 764, -176, 152, -411, -300,
    -770, 377, -150, 362, 748, 1438, -807, -482,
    669, -2003, 1834, 557, -837, 1874, -1907, 149,
    852, -689, 1813, 186, -1082, 1727, 745, -180,
    -96, 916, -727, 1070, 409, -214, -197, 384,
    -772, 940, 1555, -2939, 7, 553, -697, -682,
    96, -2922, 2034, 1459, -2924, -708, 1217, -128,
    1028, -307, -1494, 456, 828, -985, 1131, -1658,
    474, 153, 3775, -654, -1277, 26, -649, 443,
    -993, 946, -98, -1326, -1497, -271, 230, 250,
    126, 2692, 264, 1036, -503, 1623, 1617, 965,
    -259, -1194, 621, 1403, 1064, -285, -481, 4,
    658, 654, 249, 519, -1669, 1630, 126, -686,
    -610, 2362, 617, -942, 1107, -313, -729, -397,
    1208, 1008, 410, -782, -541, 1105, 148, -1583,
    -1463, -1532, -879, 1214, 225, 78, -178, 581,
    -294, -1081, 1328, 1856, 1856, -451, 355, 1350,
    -523, 1316, 357, -449, 36, 2353, 912, -303,
    1175, -527, 112, -951, -540, -607, 182, -463,
    -448, -1289, -650, 642, 1157, -758, 879, 39,
    1126, 811, -455, 187, 182, -432, -715, 1262,
    -2149, 162, -401, -741, -13, 273, 1941, 418,
    1002, 184, -379, -906, 1018, -1368, 424, -151,
    422, -851, -1988, -381, -144, -1178, -680, -266,
    985, -352, 2126, -420, 391, -571, -568, -1030,
    460, 526, -359, 88, 675, 330, -618, -747,
    -970, -167, -241, -242, -219, -726, -853, 598,
    -17, 983, -979, 788, 1752, 1534, 212, -582,
    32, 822, 1647, 101, 927, 1008, 1021, 338,
    -349, -900, -462, -929, 314, -754, 207, 373,
    -346, 1638, -1018, -617, 660, 142, 123, 144,
    95, -2840, 828, 77, 458, 666, 578, 253,
    148, -207, -1691, 397, -335, -742, 345, 1545,
    963, -1457, -977, 1383, 718, 728, 1677, -60,
  },
  {
    -687, 1333, 277, -246, -1449, 642, -875, -434,
    1025, -756, 2857, -1280, -594, -581, 942, -947,
    26, 443, -342, 236, -230, -1313, -515, 545,
    862, 605, 120, -52, 444, 908, 2328, -1071,
    -435, 889, -37, -269, 35, -2851, -1899, -410,
    137, -642, 248, 510, -202, -1202, -64, -1460,
    -1338, 1209, -1188, -259, -168, 636, -2814, 785,
    1202, 240, -420, 346, -647, 414, -213, -89,
    1327, -1269, 95, 179, 843, -105, 3, -119,
    851, -1082, -79, 1273, 86, 1167, 781, 392,
    352, -2057, -98, 386, 1097, 1075, -498, 1763,
    -594, 445, -1514, 358, 492, -35, 114, -1041,
    -234, -1250, -340, 462, -353, -1498, 1270, 581,
    -928, -229, 387, 1161, -47, 157, 1485, -1496,
    761, 457, 734, 988, -516, 80, -239, -301,
    -822, 637, -236, 766, 740, 1149, -38, -310,
    439, -1239, 2312, -444, -1084, 1351, -1226, 136,
    1226, 18, 1554, 568, -1048, 1836, 582, -675,
    28, 1397, -645, 1657, -90, -429, 467, 899,
    -841, 905, 994, -2553, 99, 1497, -837, -814,
    -190, -2295, 1187, 1054, -2230, -656, 914, -249,
    199, -146, -1108, 451, 2, -917, 84, -2038,
    534, -34, 2917, -1006, -919, 180, -948, 88,
    -116, 435, -282, -602, -492, -108, -112, 497,
    317, 2317, 617, 673, -777, 1840, 1583, 769,
    402, -1241, 620, 1351, 913, -187, -722, 4,
    584, -420, 338, 318, -610, 919, 206, -635,
    -790, 1315, 567, -1069, 883, -482, -1105, -1104,
    1852, 448, 616, -622, 401, 518, -546, -1225,
    -526, -1587, -947, 1576, -134, -204, 638, 716,
    -125, -1054, 652, 922, 1187, -89, -180, 789,
    88, 463, 550, -1103, -349, 1748, 679, -798,
    1536, -592, 173, -1481, -472, -213, -46, -595,
    276, -1115, 121, 1320, 563, -683, 193, -41,
    220, 712, -225, -187, 55, -311, -1157, 1490,
    -2151, 107, -755, -1410, 142, 902, 1420, 457,
    1332, -51, -217, -1165, 716, -2004, -314, -282,
    362, -1128, -1904, -1034, -250, -1353, -898, 0,
    881, -677, 1834, 256, 205, -647, -900, -945,
    725, 438, 238, 144, 891, 351, -616, -869,
    -836, -484, -542, -642, -660, 159, -928, 676,
    489, 1734, -984, 1026, 1573, 619, 324, -267,
    -277, 423, 1406, -500, 747, 925, 469, -93,
    -846, -1364, -625, -390, 435, -371, 1383, -347,
    -18, 2374, -1203, -399, -71, 267, 157, 282,
    582, -1855, 188, 360, -43, 247, 185, 392,
    -89, -304, -970, 354, -33, -587, -422, 1028,
    697, -1112, 96, 298, 1108, 711, 1496, -50,
  },
  {
    -596, 1904, 279, -1281, -837, 865, -1399, -654,
    1102, -829, 3306, -1175, 194, -193, 863, -433,
    109, 691, -344, -335, 547, -1076, -679, 760,
    203, 1225, -161, 86, 228, 1198, 2281, -908,
    -39, 1012, 161, -382, -53, -2426, -1794, -164,
    554, -389, -130, 370, -78, -867, -459, -1476,
    -514, 1420, -1129, -455, -136, -112, -1748, 438,
    1023, 485, -1022, -240, 24, 1172, -193, 247,
    894, -1121, -412, 532, 188, -106, 692, 310,
    656, -790, -649, 1447, 128, 1336, 50, 1389,
    281, -1022, -423, 1119, 1654, 402, -643, 1418,
    -694, 192, -476, 735, 386, 507, 324, -755,
    302, -1105, 30, 788, -386, -926, 789, 134,
    -508, 682, 18, 1372, -214, 453, 1228, -2011,
    1329, -402, 806, 1073, -68, 913, 35, 305,
    -372, -60, -275, 492, -633, 1357, 274, -247,
    -92, -1538, 2212, -226, -1384, 2020, -1420, 648,
    848, 210, 1213, 465, -410, 1043, -333, -841,
    -32, 984, -118, 1011, 127, -548, -239, 587,
    -1732, 1160, 1690, -1422, -425, 1490, -654, -812,
    527, -1821, 1555, 586, -1924, -417, 196, 527,
    734, 782, -657, 618, 580, -958, 882, -1311,
    382, -99, 2147, -654, -403, -358, -467, 286,
    101, 182, -1043, -1455, -1230, 744, -797, 1110,
    -230, 1690, 1575, 832, -850, 1900, 1382, 671,
    -248, -609, 680, 830, 900, -817, -1130, -472,
    380, -66, 496, 387, -952, 876, 988, 395,
    -527, 1202, 169, -221, 1088, 80, -1147, -727,
    875, 39, 77, -48, -8, 67, -388, -1255,
    -1102, -1452, 11, 1697, -64, 292, 149, 254,
    53, -953, 566, 1365, 1414, -250, 433, 860,
    295, 1013, -212, -879, -401, 1477, 1217, -1587,
    1288, -1036, 174, -635, -259, -1440, 217, -209,
    -269, -1355, 208, 2055, 146, -1082, 536, 771,
    766, 151, 189, -552, 516, -169, -305, 1651,
    -1940, -492, -851, -843, 103, 841, 863, 327,
    1603, -513, 32, -1040, -285, -2089, -416, 173,
    504, -1025, -1550, -443, -128, -338, -1118, -781,
    150, -294, 1795, 514, -188, -570, -1045, -499,
    710, 298, 66, -342, 265, 506, -929, -1208,
    -1211, 245, -539, -641, -295, -227, -727, -109,
    800, 1294, -1533, 78, 1415, 1210, -326, 401,
    -129, 312, 778, -383, 260, 1095, 22, 759,
    356, -1117, -173, 52, 711, -303, 1730, -538,
    379, 2805, -1295, -1010, 78, 687, 531, 41,
    433, -1940, 415, -691, 123, 365, 378, 88,
    380, -257, -1686, 438, -94, -468, -180, 100,
    1038, -1336, -93, -293, 1136, 946, 986, -562,
  },
  {
    175, 1644, 501, -948, -349, 151, -842, -488,
    1419, -73, 2802, -355, 159, -516, 1871, -177,
    -43, 583, -104, -435, 315, -348, -724, 820,
    92, 1285, -153, 356, 876, 928, 1791, -469,
    27, 296, 749, -415, -539, -2061, -1751, -88,
    -523, -755, 484, -141, 107, -10, 447, -1453,
    -853, 1706, -285, -945, 155, -235, -2078, 522,
    257, 730, -451, -31, -591, 1209, 219, 649,
    1228, -1243, 57, 1186, -40, -24, 683, -78,
    529, -1000, -315, 1206, 469, 988, 518, 1108,
    -379, -1097, -318, 965, 1390, 307, -53, 2027,
    -160, 67, -257, 177, 415, 681, 803, -757,
    95, -690, -155, -164, -444, -603, 611, 395,
    -266, 192, 675, 502, -125, 170, 1043, -2418,
    1109, -6, 1095, 1388, -517, 853, 69, 279,
    -292, -427, 192, 931, -66, 587, -249, -9,
    -98, -873, 1985, 163, -640, 1633, -954, 1357,
    633, -8, 644, 110, -9, 634, 348, -1042,
    228, 1400, -897, 941, 224, -298, 159, 317,
    -1632, 818, 1960, -1028, -197, 1073, -886, -1055,
    247, -1313, 1310, 398, -1224, 39, 581, 940,
    1171, 1060, -118, 676, -286, -649, 113, -1440,
    196, 29, 1658, -1084, 293, 296, -398, 1019,
    851, 600, -353, -1512, -678, 673, -467, 1097,
    420, 1658, 1666, 668, -1397, 2111, 1067, 1241,
    260, -1262, 1469, 602, 1250, -872, -1327, 577,
    262, -376, 565, 573, -190, 641, 367, 874,
    -149, 1121, -110, 31, 1049, 298, 11, -407,
    1141, 12, 701, -64, 291, 451, -509, -535,
    -836, -1966, -238, 1874, -278, 14, 350, -151,
    71, -435, 1188, 912, 682, -125, 373, 1458,
    1, 374, 126, -1722, -354, 1177, 632, -1731,
    34, -1284, 141, -1008, -40, -1382, -419, 354,
    186, -865, -679, 2042, 162, -386, -169, 219,
    657, 500, 1106, -365, -197, -384, -212, 1064,
    -1839, 87, -569, -1083, 210, 403, 1522, -72,
    1329, -482, -856, -1075, -1266, -1716, -1106, 5,
    838, -1194, -1792, -309, 781, -243, -947, -1030,
    886, -278, 1480, 3, -682, -711, -1620, -998,
    60, 337, -388, -837, 804, 797, -745, -731,
    -1512, -604, -172, -333, -778, -246, -489, 306,
    525, 1751, -1690, 993, 949, 655, 185, -248,
    -233, -563, 759, -190, 222, 1621, 367, 547,
    -176, -1409, -394, 167, 304, -317, 1914, -1430,
    731, 2159, -618, -910, 510, 234, 942, 470,
    -39, -562, 180, -516, 567, -338, 385, 68,
    710, 714, -1688, 390, -303, 45, 216, -147,
    1560, -1148, 222, 107, 1483, 138, 1118, -668,
  },
  {
    -360, 1281, 529, -1674, -647, 398, -1504, -429,
    1529, -716, 2944, -503, -40, -926, 1820, -646,
    -295, 1172, -597, -185, 633, -42, -811, 402,
    -324, 909, 722, -411, 621, 1191, 2089, -967,
    -385, 766, 1188, -232, -211, -1961, -727, -41,
    -131, -773, 186, -158, -701, -360, -88, -1489,
    -843, 1393, -555, -728, -213, -136, -1214, 1313,
    490, 221, -1028, -456, -418, 659, 144, 1296,
    1247, -1288, -163, 1072, -782, 132, 281, 276,
    833, -395, 144, 1130, 604, 1316, 641, 598,
    140, -643, -1176, 1176, 1614, -466, -471, 1126,
    340, 401, 159, 233, 312, 682, 449, -622,
    257, -823, 94, 189, -548, -422, 1011, 226,
    -95, -561, -107, 296, 173, 966, 1747, -2762,
    1513, -332, 1810, 1423, 295, 680, -200, 262,
    -790, -443, 385, 639, 65, 687, 276, -332,
    270, -1185, 1818, 67, -987, 1762, -1492, 1498,
    520, 451, 1271, -89, -246, 425, 323, -1067,
    -212, 1054, -1207, 1459, 619, -41, -399, 344,
    -1843, 913, 1523, -1328, 652, 1017, -463, -975,
    600, -1466, 1809, 121, -1034, -531, 337, 826,
    1563, 1375, -282, 6, 341, 416, -41, -878,
    -209, 305, 1607, -1067, 73, 175, -350, 171,
    905, 1023, -828, -1345, -748, 1040, -419, 835,
    207, 1222, 2594, 871, -1046, 2805, 1447, 1665,
    -128, -1049, 1138, 1088, 997, -848, -582, 596,
    678, 463, 874, 754, -306, 850, 794, 614,
    -501, 118, 377, -621, 1805, 566, -778, -714,
    984, -796, 1614, -709, -91, 316, 139, -115,
    -1119, -1078, -173, 1576, -364, -61, 108, -436,
    131, -917, 705, 1594, 1713, 232, 641, 1787,
    -1, 292, 15, -1117, -41, 1022, 215, -1453,
    128, -1680, 300, -1236, -432, -1513, 245, 221,
    207, -1039, -806, 2576, 97, 100, 255, 1059,
    463, 408, 692, -682, 493, -467, -204, 563,
    -1101, 322, 88, -652, -267, 841, 1276, -531,
    2049, -560, -732, -1312, -1028, -980, -338, -262,
    940, -1269, -1655, 116, 723, -156, -425, -1807,
    593, -813, 963, 462, -73, 147, -1709, 8,
    154, 814, -622, -752, 372, 1036, -566, -338,
    -842, -919, -183, -276, -1484, -464, -983, 561,
    1232, 1816, -1689, 844, 784, 439, 56, -405,
    -651, -61, -167, -696, 808, 1017, -31, 985,
    -275, -1692, -18, 906, 745, -419, 1979, -1750,
    201, 1778, -753, -999, 1396, -47, -10, 289,
    -281, -732, 42, -347, 806, -122, 263, -10,
    643, -29, -1264, 52, -460, -854, 21, -447,
    1664, -1226, -430, 183, 1207, -223, 494, -361,
  },
  {
    -419, 908, -265, -1658, -137, 404, -1403, -147,
    1607, -595, 2318, -441, -424, -682, 1619, -300,
    -242, 990, -478, 188, 660, -2, -190, 782,
    54, 507, 684, -327, 710, 312, 1920, -472,
    366, 722, 1081, -667, -1105, -1435, -897, 97,
    54, -101, 335, 14, -212, -116, -214, -677,
    -1181, 1798, -893, -1188, -254, 366, -805, 972,
    -341, 641, -1034, -386, -10, 437, -478, 1039,
    1033, -769, 175, 570, -1169, 223, 722, -554,
    1460, -800, 446, 1107, 342, 1120, -109, 439,
    -470, -228, -1144, 948, 1253, -227, 62, 1163,
    -541, 471, 34, 63, 539, -19, 173, -239,
    79, -108, 931, -87, -454, -844, 437, -419,
    347, -1179, 151, 59, -218, 337, 1525, -2322,
    1921, -183, 1530, 1405, -206, 1012, 295, 713,
    -1247, -541, -129, 1560, -71, 855, 38, -253,
    268, -1140, 1533, 757, -1692, 2316, -1841, 644,
    950, 655, 1469, 405, -805, 620, 484, -1262,
    -316, 903, -1332, 541, 411, 475, -252, 922,
    -1674, 418, 1387, -726, 212, 1472, -590, -468,
    697, -1323, 990, 135, -1190, 315, 276, 397,
    1957, 694, -67, -624, 1258, -125, -216, -756,
    77, 407, 1955, -1182, 1005, -346, 324, 54,
    588, 314, -634, -1386, -887, 1096, -402, 1222,
    438, 934, 1877, -84, -1310, 3135, 1553, 1368,
    -616, -731, 1367, 543, 575, -424, -1208, 160,
    282, 20, 1377, 84, 130, 221, 1455, 1226,
    350, 74, 330, -469, 1291, 684, -496, 69,
    1546, -580, 1050, -41, 204, 773, 175, -149,
    -1690, -923, -639, 1784, 161, 927, 186, -455,
    295, -867, 1014, 1864, 905, 692, 764, 1888,
    10, 383, 459, -1164, 391, 503, 700, -1270,
    255, -1440, -65, -502, -949, -1331, -722, 636,
    259, -1075, -1123, 1804, 414, 397, 874, 1518,
    -12, -5, 1001, 46, -13, 503, 180, 738,
    -305, 21, 517, -1223, -75, 270, 2037, -1121,
    1993, -843, -270, -1149, -1150, -1634, -510, -183,
    1148, -999, -1089, 436, 777, -82, -515, -1721,
    -415, -791, 744, 341, -482, 107, -2149, 151,
    885, 280, -339, -821, 751, 1186, 163, -545,
    -1254, -742, -827, -1141, -1091, -266, -1051, 109,
    1344, 1871, -1411, 1070, -163, 814, 474, -213,
    -879, -81, -144, -791, -210, 919, -494, 133,
    173, -1471, -328, 905, 694, -151, 2116, -1793,
    -186, 1346, -250, -1006, 859, 306, 235, 5,
    -267, -222, 405, -520, 1354, -394, -546, 106,
    788, 866, -1406, 546, 148, -662, 318, -508,
    2049, -1213, 249, -223, 2061, 262, 78, -944,
  },
  {
    -519, 1471, -673, -1846, -340, 583, -1529, 549,
    1270, -59, 1469, -636, -232, 131, 1188, -230,
    -291, 1135, -636, 22, 473, 856, 324, 228,
    -494, 1132, 1105, 289, -89, 84, 2975, 88,
    95, 618, 1076, -31, -969, -924, -325, -389,
    77, 210, -432, 398, -552, 116, 84, -1172,
    -1272, 1334, -675, -1047, 172, -51, 103, 1048,
    93, 653, -175, -518, 805, 787, -92, 479,
    763, -760, 63, 306, -1260, -315, 194, -160,
    1148, -913, 563, 637, 149, 566, 327, 1087,
    -493, -255, -403, 1512, 1435, -840, -334, 832,
    -694, 1420, 539, 2, 831, 421, 381, -729,
    234, 45, 553, 731, -602, -1073, 693, -334,
    125, -1954, -308, 498, -556, -222, 1772, -1220,
    1672, 170, 1461, 1073, -278, 527, -144, 826,
    -1499, -1133, -26, 1769, 757, 656, 353, -560,
    -164, -470, 1537, 1285, -741, 1781, -1324, 1314,
    1038, 285, 1160, -168, -199, 440, 595, -1338,
    -540, 1058, -1131, 1052, 154, 304, -416, 434,
    -1018, -103, 1054, -1503, 542, 1815, -307, 64,
    760, -893, 1213, 459, -1741, -352, 257, -116,
    1589, 1469, 568, -655, 741, 905, -297, -31,
    558, 330, 1901, -804, 1330, 632, -88, 50,
    707, 364, -1376, -915, -1069, 626, -693, 725,
    611, 4, 2168, 338, -962, 3238, 1262, 1204,
    -390, -292, 1279, 212, 266, -1308, -507, 23,
    688, 636, 866, 788, 148, 310, 722, 630,
    360, 619, -313, -532, 1087, 1056, -11, -134,
    1095, -881, 1407, -72, 594, 888, 125, -308,
    -1532, -1064, -341, 1669, 242, 347, 277, -572,
    546, -545, 744, 1855, 1500, 669, 577, 1313,
    67, 736, 206, -935, -183, 882, 494, -1642,
    -834, -1169, 250, -718, -1216, -1856, -999, 280,
    334, -193, -581, 2019, 622, 688, 94, 993,
    -699, -718, 267, -199, -119, 20, -326, 518,
    -581, 301, 193, -719, -346, 242, 1107, -1577,
    2216, -119, 195, -792, -528, -654, -1269, -417,
    819, -1316, -1623, 631, 1264, -113, -839, -2404,
    -763, -484, 249, -176, -233, 327, -1914, -203,
    227, 431, -1137, -726, 480, 444, -300, -904,
    -356, -1305, -413, -852, -1920, 468, -966, 478,
    1485, 1364, -1482, 1004, -253, 372, 67, -251,
    -523, 409, -83, -566, 84, 87, -276, 796,
    108, -1591, 41, 550, 544, -230, 1867, -1526,
    -522, 565, -402, -1005, 1621, 34, 572, 896,
    121, -453, -423, -62, 1511, 447, -580, 161,
    1173, 237, -1316, 402, -167, -241, 67, -975,
    1706, -746, 334, 526, 2091, -580, 898, -310,
  },
  {
    -210, 1261, 168, -1888, -364, 678, -1258, 378,
    975, -588, 842, -43, -164, -378, 1447, 14,
    -574, 1239, -438, -221, 244, 588, 283, -170,
    -791, 1160, 884, 582, 290, 446, 2982, 312,
    -728, 107, 935, -299, -1044, -588, -182, 317,
    -513, 67, -474, 860, -520, 583, 260, -524,
    -1204, 1144, -278, -997, 79, -108, 381, 877,
    -502, 193, -651, -494, 994, 224, 24, 714,
    446, -760, -108, 429, -1149, -39, 267, 82,
    1475, -727, 452, 721, -512, 1383, -84, 315,
    168, 882, -567, 1400, 1929, -321, 249, 1410,
    -713, 1568, -24, -298, 1115, -176, -194, -40,
    -25, -917, 668, 382, -406, -1053, 643, -271,
    78, -1638, -393, 528, -564, -359, 1283, -1625,
    1868, 618, 1415, 470, -638, 329, -459, 1233,
    -1552, -837, 197, 1915, 559, 781, 819, -550,
    -657, -578, 490, 646, -1386, 909, -1095, 1039,
    397, 136, 250, 270, -1147, 256, 50, -1037,
    -872, 939, -1850, 693, 200, 805, -878, 320,
    -1659, 504, 528, -1765, 543, 1885, -353, -438,
    447, -536, 1133, -40, -1735, -161, 216, 120,
    1305, 740, 1519, -522, 898, 970, 153, -566,
    122, 477, 1619, -1530, 1135, 418, -327, 535,
    922, 194, -972, -63, -1493, 165, -445, 747,
    710, 204, 2216, 130, -1070, 2477, 1332, 1484,
    -795, -789, 269, 10, -576, -857, -437, 178,
    809, 1592, 891, 941, -246, 859, 1108, 757,
    -181, 421, -198, -242, 1454, 1231, -775, -289,
    615, -1496, 1445, -57, 164, -2, 8, -850,
    -1786, -784, -649, 1243, -6, 256, 663, -168,
    251, -662, 1128, 1246, 622, 1247, -221, 1651,
    -347, 570, -113, -1400, 229, 134, 324, -903,
    -761, -1387, -11, -329, -541, -1749, -284, 89,
    -457, -476, -847, 1462, 561, 136, 870, 1505,
    -739, 194, 942, 82, 27, -79, -701, 1051,
    202, -319, 257, -412, -412, 727, 1555, -1442,
    1608, -807, 376, -1261, -1131, -7, -1055, 89,
    -19, -1311, -1408, 232, 1305, 182, 114, -2072,
    -723, -334, -160, -93, -243, -438, -1987, 169,
    416, 612, -1075, -753, 817, 837, 572, -101,
    -530, -506, -502, -763, -1694, 3, -1010, 214,
    1913, 1590, -527, 583, -540, -499, -24, -667,
    -290, 78, -700, -1104, -432, -592, -679, 436,
    -300, -1000, -349, 286, 948, -725, 1271, -1922,
    -53, 229, 88, -710, 1429, 329, 278, 841,
    127, -1105, -677, 209, 1122, -368, -671, 151,
    894, 142, -1302, 804, -314, -884, 511, -683,
    1839, -501, 544, 518, 1696, -39, 516, -737,
  },
  {
    -192, 1072, 23, -1618, 214, 1112, -913, -486,
    1536, 56, 870, -820, -784, -129, 826, 107,
    -387, 402, -529, -470, 392, 74, -205, -79,
    -582, 654, 479, -104, 607, -18, 2702, 134,
    -403, -93, 1079, -830, -1507, -380, -302, 53,
    -530, 200, -357, 904, -550, 460, 40, 246,
    -413, 1584, 405, -238, -225, 104, 118, 1413,
    -177, -156, -154, -778, 392, 864, -414, 466,
    -164, -769, -128, 1135, -1403, -450, 1036, -346,
    1591, 110, 201, 722, -745, 894, 372, 1102,
    419, 1210, -821, 1453, 2241, -1516, 900, 741,
    -626, 925, 884, -533, 655, 191, -108, -44,
    307, -703, 1459, 373, 221, -1183, 219, 287,
    165, -1276, 99, 386, -1038, -266, 1626, -1186,
    1091, 828, 2091, 537, -661, 190, 187, 1372,
    -1730, -222, -106, 2337, 139, 1665, 85, 166,
    -843, -587, 755, 700, -1202, 1375, -697, 1141,
    912, 966, 913, 194, -202, -303, 292, -404,
    -546, 673, -1382, 298, 453, 607, -969, 64,
    -1471, 325, 619, -1337, 270, 1292, 122, -361,
    19, -964, -154, -60, -1455, 186, 579, 77,
    540, 1174, 1301, -712, 584, 607, -707, 167,
    123, 129, 1133, -1657, 1006, -398, 66, -244,
    602, 588, -1672, -631, -1489, 1049, 203, 944,
    289, 509, 1702, -499, -1062, 3058, 709, 1201,
    -1056, 11, 248, -453, -579, -1423, -1005, 713,
    628, 975, 1423, 1012, -225, 249, 950, 796,
    -32, 177, 321, -623, 1628, 931, -535, 441,
    947, -1684, 1469, 604, 734, -685, 20, -841,
    -1181, -424, -209, 1261, -68, 567, 74, -176,
    -189, -849, 1011, 1179, 554, 1646, 443, 1056,
    -208, 1029, 368, -1202, -413, 388, 827, -830,
    -50, -1149, -396, 384, -1058, -914, 498, 19,
    -487, -349, -1453, 177, -32, 460, 5, 1706,
    -165, -488, 368, 363, 295, 651, -140, 425,
    440, -271, 683, -18, 138, 492, 679, -1280,
    1829, -573, 44, -1599, -1063, -481, -316, 414,
    -263, -1319, -1568, 764, 370, 81, -3, -2084,
    -774, -937, -392, -855, -162, -739, -1087, 128,
    -137, -96, -401, -709, 750, 712, -258, -110,
    -444, -832, -422, -255, -1411, 52, -844, 522,
    1564, 499, -873, 987, -531, -664, -322, 209,
    -108, -330, -75, -954, -602, -292, -624, 1126,
    119, -988, 252, 1383, 330, -401, 864, -906,
    -90, -315, 542, -603, 1127, -595, 200, 908,
    309, -204, -857, -10, 935, -455, -184, -523,
    669, 836, -593, 999, 206, -684, -255, -1385,
    1241, -465, 248, -24, 1360, -458, 227, -482,
  },
  {
    98, 1003, 10, -1604, 418, 880, -1939, 194,
    1030, 270, 582, -893, -1163, -639, 822, 317,
    -729, 480, -102, -820, -77, 45, -297, -564,
    -431, 471, 546, -409, 504, 315, 2507, 646,
    68, -124, 1548, -410, -1038, -538, -410, -77,
    -827, 163, -162, 706, -568, 962, -218, -396,
    159, 1353, 166, -875, -761, 1002, 150, 1314,
    381, -842, -591, -755, 1369, 318, -415, 248,
    297, -569, 527, 1242, -1070, -394, 624, 20,
    1100, -423, -166, -87, -202, 896, 112, 361,
    621, 1247, -160, 1823, 1865, -1279, 1170, 903,
    -330, 1999, 831, -422, 326, -99, 529, -399,
    -409, -1421, 1008, 418, -156, -843, 803, 477,
    496, -1443, -605, 644, -1363, -751, 1577, -1257,
    1779, 497, 1694, 1132, -915, 632, -425, 1380,
    -1747, -586, 636, 1501, 45, 2139, -195, 508,
    -1001, -1650, 295, 83, -919, 574, -777, 182,
    735, 947, 22, 574, -458, -517, 170, -149,
    -438, 1018, -1571, 707, 341, 842, -1078, -281,
    -1468, -160, 568, -1720, -938, 1300, -147, -84,
    352, -780, 347, -224, -1132, 530, 84, -536,
    845, 1072, 1859, -698, 535, 667, -889, -372,
    -249, -184, 845, -2017, 631, -393, 37, 134,
    548, 357, -1107, 188, -1918, 813, -527, 308,
    -160, 164, 1385, -130, -803, 2318, 809, 864,
    -727, -275, -479, -849, -1449, -1623, -365, 327,
    593, 1657, 1219, 896, 120, 659, 1408, 1454,
    -361, 760, -57, -221, 1149, 1465, -680, 433,
    767, -1131, 509, 108, 919, -911, -735, -422,
    -1257, 111, -779, 1114, -202, 1033, 457, -281,
    392, -757, 1221, 717, -178, 1154, -336, 1333,
    -554, 882, -386, -1542, -907, -696, 31, -987,
    -524, -680, 587, 1035, -200, -949, 788, 699,
    -561, 18, -1601, -221, 369, -272, 69, 1552,
    -8, -176, 931, 336, -58, 642, -477, 359,
    713, 371, 748, 401, 102, 210, 1105, -1592,
    1592, 580, -70, -1565, -763, -145, -546, 350,
    -186, -900, -1186, 1341, 1290, 1048, -1036, -1199,
    -736, -227, -78, -1138, -854, -942, -1090, 269,
    309, 741, -3, -964, 559, 541, 447, -574,
    -663, -1041, 147, -456, -1345, 354, -710, 254,
    1326, 87, -4, 1094, -907, -668, 46, -512,
    -350, -305, -63, -543, -356, -617, -494, 532,
    1151, -744, 34, 1156, 779, -895, 367, -299,
    -941, -394, 132, -1306, 1155, 167, -29, 176,
    422, -493, -872, 83, 46, -419, -338, -213,
    929, 696, -329, 1080, 473, -837, 82, -1572,
    786, -238, 867, 525, 1008, -772, -368, -201,
  },
  {
    -86, 338, 780, -788, 296, 1146, -1246, -106,
    539, -629, 249, -1233, -1777, -320, 891, 303,
    -873, 910, 179, -708, -11, 274, 303, 30,
    -380, 160, 815, -466, -134, 155, 2139, 461,
    671, -73, 1202, -368, -1426, 354, -753, 298,
    -575, 597, -1110, 766, -860, 267, -731, 482,
    127, 654, -319, -915, -513, 522, 374, 1368,
    81, -1215, 326, -1089, 990, -49, 357, 252,
    -482, -929, 177, 1524, -1459, -39, 1032, -364,
    1609, -178, -515, -3, -1050, 1571, 133, 885,
    80, 496, -468, 1284, 2407, -1002, 556, 1038,
    -76, 1031, 564, -235, 852, 178, 142, -628,
    -623, -1153, 926, 254, -830, -588, 482, -65,
    -84, -1108, -283, 647, -1579, -1204, 1527, -1538,
    1804, 824, 1435, 1662, -1180, 377, -947, 1764,
    -1613, -347, 611, 1512, 62, 2596, -3, 779,
    -199, -1176, -318, 124, -806, 491, -535, 172,
    460, 303, 848, 392, -218, -1207, -449, -650,
    -414, 652, -953, 905, 876, 919, -430, -7,
    -725, 102, 466, -1147, -782, 1097, 451, -622,
    710, -729, -698, -98, -1475, 60, 142, 153,
    230, 1100, 1795, -188, 342, 764, -833, 570,
    595, 23, -432, -1921, 262, -34, 413, -34,
    865, 195, -1786, 249, -2021, 1210, -888, 380,
    123, -219, 422, -533, 29, 2499, 673, 1662,
    -1224, -632, -541, -646, -1223, -2097, -187, 997,
    654, 1007, 1663, 241, -716, 529, 1228, 663,
    145, 1021, 125, -915, 610, 1212, -723, 691,
    116, -933, 1132, 168, 802, -1134, -1361, -881,
    -784, 139, -255, 1387, -156, 222, -50, -294,
    25, -104, 1194, 669, -741, 1344, -404, 958,
    -66, 1370, -316, -1300, -390, -815, -100, -1092,
    -61, -705, 88, 1397, -368, -780, 1071, 213,
    -167, 49, -712, -1384, 307, -161, 50, 2020,
    0, 83, 1132, 853, -137, 309, -154, 821,
    1367, 27, 257, 537, -169, -462, 999, -1774,
    904, 690, 490, -1060, -1359, 494, 359, -465,
    37, -826, -1249, 1163, 663, 919, -1053, -1020,
    -495, -784, 422, -1097, -898, -840, -964, 1155,
    -160, 1062, -480, -1348, 524, 675, 86, -531,
    -148, -532, 178, -923, -1053, -176, -153, 533,
    823, -1052, 425, 768, -210, -1037, -94, 211,
    -131, -92, -398, -770, -214, -1247, -30, 1090,
    746, -336, -72, 1564, 482, -714, -132, 320,
    -1199, -1636, 359, -1068, 601, -163, -254, 233,
    -36, -201, -1007, -406, -784, -1244, -96, -512,
    876, 422, -653, 883, 70, -198, 316, -1839,
    -415, -490, 685, 229, 1318, -1101, -297, 648,
  },
  {
    122, -50, 602, -381, 390, 1054, -1660, -770,
    579, -19, 195, -749, -1804, 196, 1306, 297,
    -1629, 386, -493, -685, -230, 713, 79, -434,
    -560, 201, 67, -276, -235, 836, 1988, 86,
    773, -1049, 1258, -873, -1340, -309, -114, -720,
    33, 927, -812, 402, 40, 908, -507, -122,
    170, 979, 344, -1233, -1176, 1034, 539, 1233,
    -33, -1492, 84, -1556, 915, -129, -5, 91,
    -14, -332, 601, 1393, -1062, 188, 1169, -668,
    906, -420, -1053, -115, -906, 1506, 2, 913,
    620, 685, -442, 1006, 2322, -1023, 923, 541,
    -140, 1226, 624, -379, 320, -99, 227, -292,
    -331, -1822, 1178, 687, -566, -597, -250, 326,
    -455, -937, -456, 27, -1621, -1146, 1198, -1367,
    2024, -85, 2338, 1861, -714, 307, -480, 1550,
    -1519, -112, 795, 1601, 78, 2882, -201, -31,
    -234, -1007, -756, 454, -680, 202, -937, 460,
    322, -240, 540, 547, -608, -1549, 113, -608,
    -791, 1119, -1072, 848, 37, 881, -1284, -1052,
    -726, 592, 38, -935, -1462, 1304, 1182, -560,
    116, -1197, -577, -17, -653, -228, 399, -772,
    254, 1210, 1401, -389, 812, 103, -1211, -338,
    64, -520, -369, -1704, -302, -753, -362, 347,
    1271, -87, -1788, 169, -1450, 982, -612, -498,
    229, -520, 335, -283, -172, 2243, 248, 1754,
    -1013, -286, -151, -563, -729, -1684, -177, 333,
    1253, 1046, 1263, 803, -335, 471, 1257, 1195,
    484, 1131, 285, -606, 850, 1124, -302, 927,
    511, -468, 1251, 623, 673, -1280, -1515, -404,
    -416, -43, -272, 1146, -9, 725, -219, -492,
    235, -429, 903, -26, -1212, 1045, -451, 549,
    -415, 718, -14, -1548, -507, -672, -211, -765,
    -814, -17, 86, 1050, -393, -249, 1111, 304,
    -17, -730, -1349, -1359, 606, 103, 461, 1921,
    753, -687, 814, 307, -150, 573, -550, 499,
    1158, 302, 513, 1069, -243, -566, 151, -1538,
    386, 909, 363, -947, -1542, 260, 743, -180,
    -124, -508, -483, 1893, 961, 720, -830, 385,
    -1479, -437, 502, -1549, -93, -919, -417, 1121,
    -293, 1753, 446, -740, -444, 599, 39, -438,
    -483, -1227, 181, -412, -188, -210, -770, -214,
    -126, -1521, 914, 430, 216, -1431, -108, -213,
    -667, -386, -719, -796, -935, -1392, -1128, 1471,
    1195, -41, 29, 2086, 213, -976, -405, 997,
    -1468, -1764, 903, -852, 1121, 121, -17, -29,
    346, 88, -1097, -71, -1256, -1043, -763, -339,
    619, -354, 38, 228, 817, -307, -107, -1673,
    52, -261, 536, -341, 790, -556, -751, 54,
  },
  {
    -414, 415, 482, -265, 852, 919, -1282, -91,
    1027, -398, -191, -1012, -1588, 34, 1555, -188,
    -1699, 656, 164, -1137, -650, 202, -277, -625,
    -467, 312, 354, -127, -44, 304, 1324, -10,
    504, -1279, 1455, -931, -1280, 174, -680, 26,
    -478, 866, -594, -625, -209, 1038, -952, 116,
    527, 984, 208, -1792, -1010, 680, 166, 1365,
    -86, -630, -298, -1423, 1137, 544, -35, 1043,
    -12, -780, -76, 1034, -1151, 47, 1348, -560,
    849, -705, -1253, 852, -1237, 1664, -526, 811,
    1165, 767, -665, 1365, 1969, -1375, 547, 299,
    -171, 1052, 833, -476, 888, -37, 329, -240,
    -520, -1817, 771, 329, -958, -461, -266, 33,
    -218, -603, -278, -213, -2314, -857, 1251, -717,
    1929, -339, 2457, 1564, -1388, 188, -1520, 1523,
    -1499, -700, 707, 1839, -241, 3295, -149, 42,
    -1049, -1138, -1203, 470, -443, -777, -476, 377,
    157, 35, 917, 443, 254, -1351, 175, 6,
    304, 616, -759, 383, -209, 498, -624, -1103,
    -1351, 441, 265, -680, -690, 1415, 371, -562,
    59, -505, -314, 31, -1167, 40, -142, -674,
    313, 1000, 1264, -897, 1108, 608, -1145, -461,
    792, -413, -973, -1964, -354, -976, 248, 362,
    1318, -764, -1960, 172, -1937, 955, -407, -197,
    -195, -537, 163, -591, -901, 1755, 617, 2068,
    -562, -348, -395, -882, -389, -1138, 133, 704,
    1024, 973, 1763, 498, 262, -147, 1095, 360,
    469, 844, -411, -920, 130, 1725, -352, 1146,
    27, -422, 1110, 937, 911, -1594, -1442, -758,
    -831, 287, -423, 806, 374, 579, 148, -415,
    268, -688, 889, 384, -538, 840, 340, 510,
    -52, 1345, -61, -1837, -604, -572, -486, -819,
    -474, -846, -300, 1465, -323, -450, 335, 663,
    -486, -1190, -1307, -1079, 620, 644, 151, 1484,
    911, -181, 587, 367, -99, 862, -620, 151,
    1646, 627, 18, 1549, -518, -28, 646, -1015,
    157, 915, 869, -1063, -1157, 641, 290, -470,
    751, 69, -251, 1176, 1555, 436, -680, 158,
    -819, 417, 523, -951, -677, -995, -167, 1540,
    -19, 2101, -244, -1163, -559, 519, -509, 184,
    -730, -668, -604, -538, 115, 413, 205, -57,
    -832, -1099, 1633, 761, -119, -1726, -704, -132,
    54, -445, -710, -516, -93, -846, -746, 1082,
    1328, 96, -242, 1926, 339, -180, -556, 640,
    -1801, -1315, 723, -804, 512, 1008, -767, 258,
    550, 794, -300, 721, -1622, -1409, -563, -190,
    163, 351, -466, 679, 439, -915, 2, -1080,
    -774, 184, 763, -185, 619, -1628, -654, -34,
  },
  {
    -278, 132, 684, -1040, 636, 761, -970, -626,
    493, -470, -275, -626, -1467, -471, 2019, -238,
    -1428, 59, -347, -1011, -251, 504, 376, 271,
    -591, 253, 301, 103, -870, 630, 1068, 412,
    544, -1093, 1493, -616, -1193, 163, -747, -868,
    -440, 4, -940, -592, 136, 872, -690, 27,
    -78, 208, 80, -2122, -983, 463, -148, 1884,
    74, -406, -574, -1150, 1374, -30, -53, 773,
    -145, -1421, 463, 413, -1373, 158, 1313, -559,
    992, -565, -1064, 637, -1123, 794, -174, 1293,
    355, 1162, -181, 1993, 1619, -982, 154, 184,
    -858, 193, 502, -970, 743, -332, 185, 131,
    -34, -2015, 1149, 532, -518, -668, 60, -135,
    -293, -985, -603, 233, -1697, -755, 1371, -534,
    2290, 312, 2020, 1163, -1387, 147, -1672, 1355,
    -1515, -382, 803, 1864, -399, 3735, -272, 451,
    -643, -554, -1033, 1144, -834, 116, -476, 147,
    626, 97, 985, 470, -238, -824, -31, 214,
    -54, 251, -443, 687, -383, 828, -1321, -398,
    -1060, -120, -272, 297, -1139, 819, 704, -893,
    824, -1106, -177, -147, -982, 132, 232, -511,
    227, 450, 691, -693, 588, 208, -1762, -325,
    627, 30, -1164, -1706, -413, -931, -242, 597,
    1284, -536, -1839, 594, -1964, 1456, -824, -220,
    -178, -1092, 89, -109, -459, 1041, 152, 2062,
    -1081, -574, -354, -588, -762, -809, 324, 737,
    1032, 400, 1380, -140, 331, 257, 1229, 305,
    256, 666, -851, -652, 527, 1181, -288, 460,
    620, -985, 1164, 385, 927, -1444, -651, -20,
    -1287, 170, -1040, 415, -508, 789, -274, -648,
    -535, -335, 959, 839, -1174, 1244, 345, -7,
    -235, 997, -148, -1111, -1344, -221, 227, -1136,
    -426, -1033, 8, 688, -393, 508, -272, 618,
    -178, -1480, -1386, -1053, -65, 230, -157, 1008,
    104, -823, 1008, 85, -805, 598, -893, 92,
    824, 731, 766, 673, -157, -516, 499, -405,
    -111, 1456, 841, -1738, -942, -268, 144, -1137,
    840, -601, -175, 1086, 1407, 785, -1388, 1160,
    -1262, 577, 952, -1048, -528, -138, -212, 914,
    158, 2351, 609, -747, -775, -323, -598, -237,
    -572, -1160, -660, 561, 39, 387, -405, 81,
    -1134, -1355, 1085, 467, 485, -1138, 62, -631,
    -330, -522, -491, -286, -23, -896, -810, 1557,
    978, 145, -921, 2012, 885, -590, -1189, 223,
    -1414, -1007, 166, -169, 614, 1235, -632, -152,
    399, 139, -977, 759, -1640, -1456, -333, -832,
    552, -426, -113, -157, 735, -697, 671, -1091,
    -66, 401, 67, -525, 950, -1769, -324, -39,
  },
  {
    235, -463, 814, -1567, 1309, 282, -605, 343,
    496, -829, -341, -1202, -1459, 256, 1790, -535,
    -1718, 698, -674, -1047, -396, 453, 111, -131,
    -640, 391, 640, -255, -177, -11, 1611, 186,
    -471, -729, 1857, 105, -1292, -236, -1274, -962,
    -205, 55, -1389, -1145, 67, 832, -866, -152,
    45, 244, 431, -2091, -701, -64, -216, 2010,
    -308, -386, -716, -619, 647, 359, -313, 1975,
    -734, -1642, 485, 187, -674, 176, 1281, 0,
    -41, -1017, -1613, 996, -1251, 1136, 0, 1388,
    366, 982, -945, 2275, 2042, -1314, 346, 485,
    -660, -650, 349, -658, 1228, -461, -46, 217,
    198, -1906, 521, 384, 103, -1327, 129, -277,
    -916, -405, -354, -749, -1771, -1062, 1743, -941,
    1919, 129, 2806, 1421, -1269, 38, -1494, 278,
    -1127, -611, 231, 1510, -33, 4575, 285, -284,
    -1042, 8, -698, 603, -461, -47, -836, 1247,
    744, -547, 168, -136, 481, -686, -523, 231,
    -318, 492, -671, 811, -38, 925, -481, -1077,
    -1325, 616, -239, 385, -342, 866, 428, -745,
    850, -1238, -719, 651, -493, 434, -110, -411,
    204, 1030, 20, -243, 1182, 105, -1479, -263,
    558, 244, -1087, -1711, -109, -251, -431, 239,
    733, 286, -1496, 124, -1801, 843, -646, -323,
    -337, -1230, 671, -218, -883, 622, 702, 2696,
    -99, -909, 404, 309, 144, -1240, -6, 789,
    1192, 676, 1558, 663, 340, -546, 931, 290,
    225, 1137, -777, -128, 34, 1581, 194, 733,
    276, -1106, 1690, 75, 462, -1001, -879, -635,
    -496, 944, -712, 434, 233, 489, 37, -224,
    -671, -702, 945, 546, -326, 449, -249, 956,
    -507, 547, 50, -1138, -870, -40, -342, -827,
    -588, -834, -778, 547, 205, 411, -415, -197,
    255, -1377, -972, 81, -32, 305, 525, 451,
    87, -282, 480, -40, -1222, 753, -947, -413,
    927, 255, -11, 685, 273, -115, 758, -738,
    438, 1623, 487, -1969, -1130, 59, 915, -1178,
    946, -145, 536, 1060, 1882, 677, -674, 1237,
    -1052, 425, 1347, -912, -438, 201, 137, 1197,
    -142, 2077, 665, -1445, 42, -125, -679, -364,
    -336, -1018, -664, 158, -61, -21, -157, 207,
    -1551, -810, 1699, 1113, -275, -1216, -537, -199,
    -857, 234, -998, -538, 581, -1399, -1512, 1635,
    527, 2, -938, 1994, 544, -352, -546, 28,
    -2012, 158, 149, -355, 101, 1917, -418, 195,
    91, 853, -281, 848, -922, -1161, -105, -508,
    188, 439, -1018, -198, 478, -257, 1264, 448,
    -817, 91, 175, -497, 405, -1576, -501, 567,
  },
  {
    231, -27, 497, -962, 991, 637, -394, 349,
    784, -60, -128, -1363, -784, 635, 2039, -437,
    -1354, -1, -282, -1640, 303, 117, -548, 254,
    -308, -29, 1414, -152, -615, 580, 1541, -1068,
    -179, -1342, 1166, -424, -838, -811, -539, -363,
    39, -419, -784, -1571, -213, 796, -915, 246,
    -973, 139, 558, -2364, -821, -543, -1254, 2054,
    -518, 293, -316, -829, 1034, 551, 69, 2197,
    229, -1101, 106, -187, -1134, 68, 815, -584,
    633, -1718, -1313, 882, -156, 1217, 276, 1947,
    665, 942, -197, 1451, 1258, -640, 739, -57,
    -125, -1285, -16, -982, 1040, -110, -290, 122,
    -274, -1775, 1153, 710, 91, -467, -137, -962,
    -1017, -898, 98, -246, -1732, -1337, 1731, -55,
    2823, 469, 2661, 671, -1088, -394, -1400, 599,
    -1171, -679, 906, 421, -176, 3367, -187, -128,
    -803, -529, -315, 906, 9, -164, -1271, 748,
    -92, -586, 313, 306, 624, -618, -545, 234,
    -399, 506, -230, 338, -122, 160, -449, -737,
    -511, 523, -70, 398, -466, 1586, 873, -611,
    649, -343, -314, 602, -905, -40, -452, 385,
    334, 870, 435, -402, 1086, 861, -1437, -450,
    417, 495, -60, -1501, -859, -717, -264, 96,
    787, -265, -1542, 488, -678, 1034, -631, -231,
    -259, -2320, 589, -189, -1363, 296, 635, 2855,
    163, -388, 471, 150, -423, -910, 419, 793,
    701, 567, 809, 649, 114, -446, 1341, 785,
    411, 691, -520, 348, -320, 1703, 273, 626,
    899, -294, 1683, 579, 1004, -28, -351, -471,
    -1299, 1302, -1196, 1092, -615, 613, 233, 33,
    -762, -947, 798, 635, -663, 881, -41, 760,
    -296, 189, -725, -669, -396, 836, 215, -817,
    -1303, -1067, -1108, 406, -704, 439, -831, 199,
    -603, -1274, -1136, -50, -568, 937, 90, 390,
    150, -778, 799, 44, -1096, 418, -977, -137,
    607, 229, 383, 81, -231, -635, 174, -617,
    146, 1314, 240, -1846, -511, -214, 400, -655,
    1749, 326, 315, 446, 1943, 18, -701, 566,
    -1722, 735, 914, -429, 367, 381, 350, 1290,
    -620, 2640, 696, -1392, -890, -38, -973, 518,
    -330, -1616, -269, 1276, -140, 601, 311, -298,
    -1532, -493, 1571, 452, 656, -1527, -466, -992,
    -322, -590, -1158, -201, 137, -981, -1041, 1654,
    380, 789, -493, 2480, 996, -177, -884, 295,
    -3248, 600, 48, -894, 736, 2055, -1210, 396,
    326, 736, -709, 929, -844, -501, -152, -1181,
    322, 135, -762, 165, 346, -302, 622, 601,
    -528, 823, -219, -604, 430, -2074, -960, -167,
  },
  {
    155, -224, 457, -1786, 1713, 564, 443, 562,
    116, -350, -803, -855, -33, -183, 2184, -269,
    -779, 630, -158, -1681, -117, -326, -659, -229,
    -176, -28, 1031, -107, -1012, 816, 907, -949,
    -81, -1040, 982, -406, -754, -841, -933, -308,
    -59, -507, -638, -2263, -394, 1091, -742, -486,
    -585, 666, 183, -2466, -115, -746, -1661, 1682,
    -719, -195, -530, -709, 1305, 488, -33, 2842,
    -292, -925, 706, -322, -122, -309, 631, -250,
    302, -1644, -1264, 915, -600, 529, -269, 2148,
    607, 220, -200, 1373, 1114, -1526, 323, -361,
    -188, -712, -489, -496, 1038, 752, -70, -506,
    675, -1480, 334, 1448, 591, -543, -706, -470,
    -1692, -414, 125, -1325, -1221, -1328, 1921, -152,
    2732, -89, 2867, 856, -12, -613, -1123, -257,
    -431, -102, 618, -69, -797, 3312, 645, -460,
    -95, -356, -1179, 621, -375, 520, -917, 315,
    711, -936, 425, -277, 121, -860, 105, 651,
    -339, -416, -427, 264, -794, 400, -1223, -390,
    -932, 878, 322, 44, -224, 720, 616, -542,
    -74, -334, 308, 972, -433, 243, 205, -251,
    -101, 301, -353, -822, 1883, 838, -1981, -1061,
    -128, -108, 289, -955, -999, -800, 164, 166,
    909, 763, -1490, 291, -538, 710, -103, -158,
    -542, -2567, 551, 580, -1209, 295, 1154, 2442,
    129, -580, 885, 607, 378, -238, -190, 156,
    662, 530, 1200, 710, -501, -593, 1195, 1295,
    -159, 284, -958, 559, 333, 1683, -29, 678,
    1091, -438, 2492, 431, 888, 527, -1266, -449,
    -710, 1003, -1593, 861, -256, 1405, -681, 423,
    -303, -596, 1025, -7, 144, 362, 307, 1131,
    212, -467, -488, -1142, -480, 516, -516, -1046,
    -1378, -30, -871, -49, -670, 169, -721, -141,
    -433, -1311, -628, 783, 278, 751, 749, 295,
    527, -230, 1122, -626, -1543, 407, -709, -470,
    469, 709, 393, 318, 29, -92, 720, -256,
    -49, 524, 1114, -696, -677, -672, 189, -392,
    1652, -50, 738, 73, 978, 457, -755, 1085,
    -1137, 294, 1547, 187, -127, 1159, 316, 1861,
    127, 1956, 285, -1377, -1211, -454, -649, 669,
    394, -1378, -463, 1251, -406, 276, 349, 453,
    -1687, -1198, 1217, 1094, -277, -1023, -425, -944,
    -705, -165, -957, -414, 367, -913, -1565, 1270,
    405, 768, -455, 1924, 1074, -211, -737, -109,
    -3188, 765, 136, -681, 596, 1676, -1788, 1130,
    470, 354, 333, 1120, -618, -156, 12, -1803,
    -111, 553, -224, -69, 252, -132, 1331, 945,
    0, 576, -470, -381, 627, -2248, -717, -94,
  },
  {
    -596, -654, -324, -1288, 938, 1068, -291, 401,
    -267, -926, -520, -1858, 87, 87, 2640, -693,
    -313, 608, -122, -2038, 530, -64, 170, 164,
    -638, -312, 843, 160, -456, 699, 1000, -1619,
    -530, -641, 1114, 7, -192, -1100, -18, -282,
    -353, -650, -1111, -2013, -449, 234, 180, -741,
    -513, 415, 565, -2030, 50, -47, -1789, 1140,
    -622, 171, -54, -594, 999, 320, 580, 3043,
    413, -460, 79, -165, -563, -416, -22, 81,
    89, -1709, -1055, 758, -354, 992, -254, 1513,
    516, 359, -633, 2230, 531, -913, 524, -697,
    -448, -1452, -604, -671, 1286, 736, -224, -364,
    316, -1172, 186, 1008, -68, -342, -883, -205,
    -1434, -696, 1267, -788, -80, -1323, 1903, 78,
    3101, -90, 3339, 428, 329, -162, -1154, -327,
    36, -40, -253, -539, -774, 2146, 12, 117,
    -282, -134, -923, 96, 428, 692, -432, 816,
    670, -656, 47, -20, -241, 228, -437, 636,
    82, -375, -439, 292, -1153, 22, -797, -991,
    -132, 483, 1179, -503, -470, 1195, 148, -942,
    -442, -244, 357, 653, -300, 742, -189, 557,
    348, 522, -662, -418, 1439, 1270, -1614, -1366,
    -264, -68, 245, -185, -815, -1227, 684, -900,
    1293, 142, -2207, 451, 6, 371, 223, -535,
    -85, -1986, 91, 272, -1803, 263, 1081, 1993,
    187, -65, 611, 222, -333, -471, 905, 114,
    210, 583, 1208, 988, -730, -366, 1590, 740,
    -80, -617, -612, 932, 40, 1359, 591, 1364,
    1139, -1199, 2664, 190, 303, 254, -976, -559,
    -1004, 878, -2021, 718, 105, 741, -180, 732,
    -46, -98, 1357, 298, 452, 309, -71, 851,
    219, -801, -190, -822, -285, 1045, -196, -1407,
    -1440, 503, -1317, -480, -673, 342, 343, 248,
    -613, -1379, -502, 477, 967, 1062, 1259, 285,
    392, -81, 1022, -811, -1993, 962, -1125, -695,
    -280, 390, 7, 40, 686, -1013, -150, 510,
    377, 447, 1205, -414, -514, -845, 505, -676,
    1396, 432, 738, -1027, 879, 380, -337, -139,
    -893, 0, 644, 424, 524, 1277, -634, 1599,
    -492, 1537, 422, -804, -906, -395, -321, 1160,
    122, -534, 6, 1852, -591, 0, 496, -204,
    -1341, -411, 112, 583, -510, -469, -987, -1005,
    -203, 372, -685, -588, 362, -40, -1411, 607,
    444, 1228, -430, 1108, 324, 24, 9, -726,
    -3057, 570, 608, -560, 482, 1274, -1724, 1380,
    -48, 412, -488, 964, -337, -572, -466, -1752,
    -829, 175, -730, -932, 459, 427, 1982, 1239,
    716, 857, -245, 139, 783, -2666, -1110, 437,
  },
  {
    -218, -807, -359, -1400, 1735, 788, 735, -30,
    420, -222, -258, -1982, 265, 274, 2125, -715,
    51, -96, 686, -1738, 824, 721, -657, 58,
    -242, 136, 886, -157, -681, 79, 706, -1438,
    -1227, -1210, 1260, -299, 626, -1448, -426, -132,
    315, -399, -1528, -2501, 229, 1059, 302, -320,
    -1246, 875, -219, -2304, 117, -178, -1827, 1318,
    -167, -393, -334, -194, 847, 532, 231, 3372,
    107, -682, 1254, -1284, -230, -783, 482, 36,
    530, -1429, -950, 1232, -832, 184, 164, 1474,
    943, -247, -318, 1758, 391, -1044, 1176, -504,
    -51, -1065, -319, -543, 456, 560, -45, -693,
    345, -1109, 777, 1594, 362, -1010, -273, 27,
    -1308, 76, 1044, -1309, -565, -1115, 2013, 81,
    3391, -30, 3424, 1006, 606, -917, -926, -223,
    -429, 201, -400, -1192, -1706, 2401, 142, 326,
    -379, -107, -965, -485, -104, 973, -995, -27,
    327, -1218, -881, 453, 143, 549, -58, 666,
    -656, 157, -508, -345, -448, -643, -970, -945,
    348, 363, 492, -1189, -883, 1344, -468, -1654,
    -149, 302, 210, 295, 231, 1035, -502, 742,
    -198, -252, -563, -1235, 1219, 1174, -1722, -1061,
    -131, 310, -331, -560, -262, -1168, 973, -735,
    527, -311, -1969, 644, -88, 379, -529, -125,
    -535, -2026, 450, 363, -2386, 64, 1255, 1072,
    30, -292, 434, 360, -307, -300, 884, 527,
    494, 745, 1138, 1287, -867, -1374, 1938, 920,
    -315, -426, -1145, 1150, -464, 1386, 200, 1162,
    1549, -336, 2428, 306, -192, 115, -1319, -1163,
    -409, 1746, -2090, 286, 216, 241, -960, 1613,
    -104, -289, 1355, 165, 415, 91, -299, 531,
    -126, 43, 489, -659, -243, 1386, -555, -1334,
    -1635, 985, -1497, -739, -676, 763, 603, -165,
    -299, -798, 712, 765, 149, 1245, 1349, -508,
    -207, 280, 571, -671, -1827, 264, -907, 129,
    239, 900, 437, -385, 595, -410, -399, 1107,
    -392, -243, 1061, -196, -566, -196, 147, -1003,
    497, 929, 693, -1136, -63, -27, -185, 441,
    86, -438, 762, 945, 613, 681, -336, 1878,
    -885, 960, 400, -36, -1025, -443, -1246, 1114,
    687, -851, -84, 1342, -822, -349, 419, -134,
    -284, -1110, 42, 140, -906, -351, -688, -613,
    -1045, 477, -1299, -317, -132, -668, -2094, 751,
    775, 1215, -182, 323, 716, 1040, -402, -426,
    -2132, 144, 566, -741, -253, 728, -1229, 1201,
    155, 958, 465, 1475, -232, -642, -553, -2194,
    -377, 626, -325, -872, 409, 410, 1996, 1335,
    834, 634, -339, 263, 888, -3592, -766, 654,
  },
  {
    -291, -717, 282, -1748, 1710, 1174, 662, -56,
    -40, -1075, -479, -1842, 404, 727, 2146, -995,
    141, 604, 359, -1040, 239, -96, -319, 92,
    -133, 198, 987, -406, -890, 477, 386, -1131,
    -939, -494, 1621, -198, 238, -942, 156, -932,
    -655, -1144, -1174, -2096, -226, 626, 419, -441,
    -1247, 784, -488, -2787, 302, -386, -1719, 1590,
    -64, -300, -410, -267, 814, 813, 788, 3275,
    92, -302, 991, -483, -58, -1023, 427, 259,
    429, -836, -1318, 749, -115, 987, -28, 2419,
    249, 441, -1048, 1983, -107, -980, 1404, -983,
    -732, -644, -484, -271, 489, 573, 206, -481,
    1034, -1898, 156, 950, -378, -670, -809, 32,
    -1885, 326, 1749, -1513, 47, -350, 1253, 498,
    3241, -71, 2899, 979, 329, -1398, -588, -1226,
    -422, -124, -384, -806, -1808, 1660, 793, 298,
    -289, 308, -661, -75, -42, 413, -714, 611,
    851, -1647, -1244, -374, -19, -331, -31, 1270,
    -478, -792, -201, -1180, -1199, 287, -181, -861,
    -132, 192, 1134, -1062, -1231, 776, -728, -1433,
    -983, 340, 794, -285, -66, 1741, -150, 660,
    -663, -183, -141, -841, 1044, 1400, -2162, -301,
    4, -607, -523, -601, -1189, -1734, 1556, -677,
    172, -178, -1502, 643, 542, 412, -124, -336,
    -819, -1912, 345, -42, -1642, -155, 1126, 259,
    492, 20, 138, -696, -133, 199, 823, 224,
    829, 99, 811, 1567, -247, -553, 2055, 1720,
    -1075, -1263, -534, 695, -232, 663, 566, 1525,
    536, -875, 1743, 559, -34, 655, -1768, -1797,
    -185, 1572, -2652, 595, -42, -330, -698, 1223,
    -186, -1, 1970, -496, -405, 199, -514, 1038,
    -216, -897, 449, 191, -896, 2167, 136, -340,
    -1301, 1525, -1827, -870, -1006, 614, 1068, -287,
    -796, 128, 309, 415, 776, 1315, 1339, -1187,
    -757, -82, -234, 378, -1926, 1054, -435, 27,
    895, 143, 1310, -814, 887, -1047, 170, 1369,
    -98, -1551, 1267, 510, -301, -256, 226, -1382,
    566, 833, 834, -953, -957, -103, -351, -433,
    -31, -118, 751, 1460, 403, 321, -850, 2070,
    -1066, -254, 380, -56, -1469, -825, -1169, 615,
    152, -608, -477, 2368, -671, -91, 1056, -901,
    480, -525, -130, -502, -1027, -15, -614, -263,
    -901, 580, -1217, -769, 123, -508, -1998, 744,
    477, 1604, -109, -252, 623, 351, -894, 545,
    -1855, -587, 1063, -618, -1053, 512, -2009, 1603,
    294, 407, -197, 1248, -5, -358, -249, -1511,
    -630, -237, -538, -1320, 620, 889, 1928, 1115,
    638, 1011, -240, 314, -361, -3589, -1052, 769,
  },
};

static const s32 gru_recurrent_kernel_q12[128][384] = {
  {
    -389, -554, -180, -679, 863, 884, 1169, -887,
    -1268, 1566, 518, -763, -581, -986, 581, -536,
    -960, -551, 1120, -1094, -688, -1057, 1571, 625,
    1069, 680, 259, -1292, -170, -963, -73, 1769,
    351, -1245, -503, -584, -508, -477, 991, 2687,
    -931, 1217, 361, -148, 893, 2521, -307, 609,
    1337, -1028, 569, -259, 962, -231, 61, 328,
    549, 554, -62, -1, -219, 411, 2153, -2009,
    19, 426, 1891, 107, -244, -1, -491, 413,
    -220, -1150, -311, -1038, -670, 999, 359, 1229,
    1462, 4, -774, -1188, -1924, 173, 344, -656,
    1644, 2092, 49, -84, 300, 1551, 313, -1148,
    699, 349, 507, -744, -1146, 869, -480, 494,
    328, 3590, -197, -1036, -226, -795, 881, 601,
    -290, -260, 603, 605, 872, 2477, 420, -1462,
    1699, -2273, -515, -335, -216, -1769, 1212, -295,
    -771, -273, -253, 1074, 819, 70, 782, 1714,
    -829, -21, -395, 87, 739, -599, -814, 1341,
    -1172, -674, -1314, -26, -162, 1389, 654, -116,
    -159, -640, -507, 800, 281, 561, 3285, 1416,
    -1023, 841, -655, 267, -91, -511, 877, -961,
    -235, -1061, 383, -1673, 844, -163, 602, -1577,
    -135, -1116, -453, 652, -455, 330, 778, 462,
    -1059, -170, -197, 553, -965, -1830, 718, -1165,
    494, -408, -1036, -55, -644, 172, 931, -368,
    -913, 1808, -1581, -130, -628, -798, -389, -1306,
    654, 587, 954, -649, 547, -1328, -130, 13,
    -677, -401, 51, 286, 248, 987, 267, 460,
    -724, -872, 357, 1006, -879, -1033, -471, 497,
    523, -3, -2348, 1356, 1020, -620, -174, 292,
    823, 935, -356, -835, 368, -1176, 603, -2060,
    -281, -959, -648, -97, 269, 648, 74, -360,
    592, -77, 416, 531, -1707, 293, 1196, 618,
    49, 372, 443, -498, -824, -744, 1640, 444,
    94, 139, 186, 325, -1159, 171, -1073, 88,
    -112, 627, -1277, 649, 573, 473, 875, 346,
    -69, -236, 373, -859, -429, 257, 180, -931,
    652, 214, 193, 157, -184, 770, -550, 59,
    535, -140, -764, 1390, 600, -1097, -775, -131,
    -769, 461, -2041, 374, -223, 869, -819, 166,
    -50, -495, 35, 515, -206, 612, -545, 540,
    17, -103, 9, -432, -333, 213, -696, -1284,
    -939, 640, -509, -159, -830, 586, -115, -49,
    -763, 106, -1481, -409, 1374, 72, -667, -230,
    -371, 64, 1006, -1542, -8, 116, -463, -123,
    225, 834, 816, 673, 86, 53, 111, -427,
    -621, 130, -671, 743, 539, 628, -191, -784,
    983, 293, -488, 147, -133, -23, 58, 787,
  },
  {
    -119, 476, -276, 926, 1761, -254, -496, 1826,
    1179, 353, -610, 1864, 558, 963, 1069, 37,
    -544, 386, -63, -82, 1420, 978, -405, -374,
    -2413, 1187, -1176, -1764, -98, 1064, 1193, -932,
    -1990, -602, 165, -1200, 354, -1346, 831, -361,
    54, 1083, -227, 1403, -500, -1145, -1675, 395,
    -1000, 1106, 1361, 1320, 298, 688, 981, 1231,
    -1367, 1937, 710, 1437, 706, 73, 738, 634,
    1753, -555, 1133, 360, 1129, -1066, 1711, 604,
    2139, -253, -337, 1138, -294, 99, -911, 1184,
    -634, 253, -1961, 2244, -202, -1030, -737, 671,
    241, -102, -813, -218, 2229, -802, -151, -445,
    -821, 1597, 283, 1195, 735, 1104, 2704, 488,
    592, 270, 1519, -104, 448, 53, 263, 2563,
    897, 2061, 1292, 351, 270, 933, 1552, 2294,
    315, 320, 796, -692, -836, 1911, -749, 249,
    452, 1042, -520, 355, -1791, 1028, -668, 292,
    412, 1122, -541, -274, 436, 320, 1028, 1154,
    1480, 1267, -536, 950, 1119, -724, -410, -109,
    1384, 499, -657, -512, 930, 238, -302, 2089,
    -438, 759, 1510, 561, 946, -850, 705, 1405,
    506, 1237, 1279, 514, -2985, 885, -391, -104,
    -611, 857, 122, -414, -470, 473, 512, 255,
    1285, 493, 123, 1947, 408, 304, 396, 971,
    671, -390, 1083, 1179, 208, 338, 152, -374,
    -1306, -212, -1420, -1024, 629, -100, 153, 1122,
    223, 299, 1195, 1141, 1310, 2100, 150, 183,
    464, -1267, 206, -231, -96, 1330, 816, 885,
    -1024, 2956, 990, 1463, 1395, 1258, 539, 294,
    315, 121, 166, -390, -1749, 2465, -153, -3861,
    331, -23, 874, 673, 1931, 407, 1372, -105,
    916, -1152, 75, -425, 665, -280, 1646, 196,
    -74, 170, -250, 57, -1331, 165, -492, 890,
    -1446, -1463, -1147, -571, 682, 367, -330, 194,
    220, 1244, -1340, -137, -62, -303, 284, 49,
    725, 1031, 510, 1038, -70, 561, 618, -94,
    67, -379, 547, 159, -725, -704, -149, -1012,
    -423, 392, -1911, -849, 214, -301, -518, -1096,
    1586, 193, 580, -291, -1114, 1524, -254, -6,
    -874, 320, -1657, -457, 533, -1155, -1333, -1047,
    230, 282, 1118, -702, -843, 805, -919, -197,
    -392, 532, 553, -1515, -183, -1041, -12, 73,
    -304, -876, 473, -313, -1194, 319, -358, 1183,
    537, 22, 248, 20, 192, -225, 714, -227,
    145, -917, 1288, -875, 556, -272, 697, 1645,
    217, -848, 849, 125, -1576, 246, -727, 740,
    59, -276, -1278, -580, -671, 441, 480, 482,
    1239, 286, -652, 749, 1425, -493, 747, 2008,
  },
  {
    -236, 736, -548, -67, 2343, 195, 1299, 427,
    -739, 1762, 307, 1455, 285, 258, -858, 1508,
    160, 1405, -308, 738, -723, -772, 789, -260,
    151, 240, 850, 1502, 479, -959, -1065, -275,
    850, 1167, -1051, -88, 1496, 1430, 674, 516,
    -194, -78, 1256, 200, 335, -271, 9, 97,
    -855, 78, 932, 778, 93, 837, -418, 20,
    -596, 92, -570, 926, 846, -508, 1465, -259,
    552, 1388, 774, 81, 880, 46, -677, 1183,
    -101, 626, 58, -873, 19, -300, -203, -159,
    1434, 1587, -202, 284, -115, 483, -745, 189,
    1302, 1562, 191, 1048, -589, 1353, 1441, 1416,
    -226, 1476, -441, -986, -202, 530, -367, 1213,
    317, -56, 1323, 1097, 2103, 187, -1526, 1094,
    -147, -958, -482, -954, 1413, 715, -147, 1380,
    1282, 1903, 948, 1132, 2434, 734, -52, -131,
    1162, -381, 87, -955, -627, 46, 1012, 503,
    -1422, -531, 1089, -648, 393, -956, -475, -19,
    267, -1050, -1461, -311, 323, 227, 67, -1928,
    389, -32, -275, 605, -171, -712, 69, -198,
    443, -54, -497, -62, 372, -807, 192, 157,
    -15, -2233, 500, -752, 1372, 443, -740, -318,
    -262, -1277, -43, -1421, -682, 96, -1319, -848,
    544, -319, -215, 48, -849, -253, 198, -333,
    -321, -571, 621, 56, 62, -1327, -526, -875,
    -532, 956, 239, 187, -518, 1214, 348, -295,
    -1141, 207, 637, -86, 263, -532, -1183, -965,
    546, -271, -737, -607, -345, 422, 1122, -631,
    78, -455, 603, -407, 1010, 519, 175, -449,
    865, 259, 467, -335, -121, 137, -271, -1254,
    1304, 930, -395, -304, -314, 321, -680, -515,
    -326, -3284, -655, -65, 995, -712, -72, 76,
    -695, 1112, 168, 1057, -305, 807, -292, -56,
    -821, -37, 493, 213, -22, 609, -1830, 788,
    -364, -948, 323, -299, -561, -497, 797, 127,
    859, 427, 929, 883, 98, 1471, -1234, 1339,
    9, -76, 302, 136, 1103, -394, -520, 72,
    262, 461, 976, -837, -407, -1164, -318, -825,
    501, -618, -4, -691, -223, 501, -146, 808,
    667, 464, -86, 675, -730, -17, -442, 1885,
    150, 1171, 472, -382, 406, 1007, -634, 795,
    -583, -778, 860, -493, 764, -24, -285, 1874,
    -1043, -824, 272, -117, -1258, 121, 178, -420,
    408, -89, 388, -373, 24, -228, -401, -469,
    741, -703, 237, 718, -814, 633, -3, -794,
    811, 666, -207, -1010, -1228, 746, -1154, 367,
    -1395, -424, -62, 530, -401, 485, 685, -755,
    508, 737, 84, -392, -759, -689, -176, 275,
  },
  {
    1385, -587, 48, 999, 1506, 430, -75, 447,
    320, -679, -425, 356, -59, 1514, -705, -698,
    1170, -657, -128, 54, -439, -164, -219, -178,
    1213, -214, 100, -970, 428, 1464, -1550, -2097,
    -1967, 2218, 181, 437, 1669, -560, 2197, 1592,
    357, 707, -3, 2093, -1437, -900, -1656, 62,
    -1499, -1204, -225, -316, -399, 139, -668, -759,
    -74, 1137, 232, 653, 765, -1494, 322, -181,
    1912, 957, -773, -349, -265, 698, 794, 367,
    -253, -865, 1185, -80, 1203, -2529, 100, 1238,
    842, 926, 383, 1113, 305, -127, -159, -66,
    -503, 2413, -1570, 3022, 622, 492, -2245, 1005,
    -1583, 1677, -759, -1168, -1150, 704, 471, 695,
    -149, -435, 1419, -492, 664, -298, -1407, 1565,
    427, 1284, 1385, -32, -336, -82, -378, -434,
    -337, 749, -1020, 1378, 545, 459, -1476, -1353,
    465, 266, -179, 67, -770, 640, 1292, -435,
    468, 76, -444, 114, -7, 635, 1345, 1851,
    1199, -52, -467, 231, 721, 788, 1427, 320,
    -50, -650, 367, 1064, -762, -777, 1296, 725,
    -1159, 899, 2247, -440, 476, 943, 651, -298,
    399, 267, 2116, -978, -1545, 60, 89, 609,
    -1122, 573, -1013, -798, 361, 489, 856, 884,
    1307, 43, -794, 378, -639, 340, 1308, -297,
    41, 1478, 1283, 1638, 1632, 318, -1032, 112,
    1960, -106, -740, 199, 689, -138, -283, 350,
    606, 1448, 1582, -221, 532, 1090, -769, 330,
    958, 545, -529, 1316, 4, -209, 1884, 137,
    -600, 389, 883, 203, 308, -262, 707, 188,
    1007, -1264, 570, -421, 901, 1965, 265, -1709,
    1301, 827, 889, -535, 912, -368, 1135, -1141,
    -190, 184, -529, -442, 1121, 555, 1811, -502,
    -143, 1007, 115, -685, 1128, 1700, 1031, 1010,
    32, 96, -568, 530, -419, -324, -2198, 1079,
    375, 341, 612, 724, -9, 1007, -301, 1587,
    -951, 364, -1195, 55, -1787, 2683, 101, -398,
    996, -282, 470, 679, -377, -599, 302, -403,
    -2104, 260, -349, -1629, -438, -2700, -222, -515,
    1218, 186, 83, 411, -380, 347, -796, 570,
    -669, -584, -981, 1020, 380, -1911, -689, -996,
    -137, -800, -2064, -491, 813, 555, -906, -739,
    -1057, -39, -726, -297, 358, -606, -109, 63,
    -788, -504, -2, -172, 227, 534, -577, -1766,
    1471, 1134, 2292, 343, 335, 1307, 246, -874,
    497, -1090, -166, -1087, -331, -682, 339, -912,
    -1028, -52, 25, -383, -1366, 1153, -257, 211,
    -1387, -252, -1707, -588, 939, 2624, -1069, 138,
    1186, 238, -1361, 1263, -368, -473, -1774, 599,
  },
  {
    1028, -7, 1062, -2368, 1215, 2471, 726, 217,
    293, 1159, -500, 1492, 329, -211, -819, -1092,
    -930, 650, 1911, 543, 1077, 487, 826, 1049,
    655, -177, -1190, -19, 797, -530, -195, 529,
    587, -1063, -655, -3170, -160, -651, 2078, -246,
    -2801, 1445, -1385, 435, -404, -747, 840, -530,
    -1030, 293, -1718, -57, 420, 236, -742, -1135,
    -49, -1652, -400, -1977, -844, -1812, -402, -645,
    2, 1818, -764, 1293, -1719, 621, -339, 1358,
    260, 719, -556, -1426, -632, -729, -749, -27,
    -70, -614, 171, 994, 122, 1778, 225, 926,
    -473, -873, -847, 116, 2643, 314, -2344, -1706,
    873, -885, -137, 478, -1958, 2590, 1046, 379,
    1269, -1248, 189, -296, 214, -659, 932, -1277,
    -992, -389, -1158, -855, 1469, 418, 307, -621,
    -417, -580, -1182, -1966, -1221, -727, 439, 1481,
    -900, 318, 219, 1153, -1298, 1174, -756, 798,
    202, 1904, 484, 468, -103, 46, -469, 99,
    561, 466, 471, 2028, -189, -160, 1337, 3719,
    -824, 601, -368, 56, -381, 1159, 1482, 1571,
    1427, 2082, 1853, -419, 2015, 785, -891, 1870,
    376, 1994, 1335, 1010, -397, 181, -243, -166,
    209, -286, 677, 902, -755, -279, 431, 59,
    922, 1048, -895, 1096, 368, 1680, -593, -228,
    -242, 926, -736, 1426, 1318, 28, -491, -405,
    810, -53, 1238, -386, 751, 861, 112, -155,
    -354, -787, -1486, -294, 73, 135, 300, 55,
    -1033, 722, 847, 1666, 353, 593, 967, -117,
    -376, -921, -834, 1384, -851, -273, 989, -599,
    290, 955, 608, 658, 2703, 477, 221, -291,
    759, 326, -610, 430, -380, -1036, 431, -1227,
    -719, 935, -1561, 262, -779, 880, 2045, -1016,
    -492, -681, -620, -272, -416, 959, -548, -942,
    803, -75, 1284, -2221, 1402, -245, -48, 470,
    -292, -630, 756, -1787, -97, -415, -718, -327,
    -1393, -539, 1141, 194, 700, 777, -1055, -1397,
    23, -677, -4, 63, -351, -1158, -175, -899,
    -175, -804, -260, -746, -186, -206, -1585, -225,
    1373, -675, -563, 88, 118, -91, -912, -482,
    -166, 640, 23, -560, -991, 43, 478, -657,
    -1096, 672, 714, -742, -165, -743, -207, 429,
    -4, -1128, 25, -661, 717, -309, 777, -1939,
    -13, -891, -1522, 220, 520, -71, 257, 633,
    1143, 356, -1039, 217, 6, -1040, -579, 385,
    -82, -847, -246, -270, 751, -1363, 778, 1005,
    1229, 1411, -498, 429, -100, -503, 76, -1515,
    -275, -188, 415, 891, 738, -343, -19, 756,
    -111, 561, -445, 830, 310, -255, 433, -11,
  },
  {
    457, -376, 818, 913, 19, -1437, -2044, 1075,
    2086, -620, 490, -54, -191, 848, -311, -168,
    -696, -351, -276, -1287, 254, 1788, 1473, -1743,
    -89, 721, -676, -1623, -39, 1620, -394, -1222,
    2, -218, 1869, 2339, 545, -269, -622, -1274,
    200, -1970, 643, 1796, 737, 465, -731, 237,
    166, 1142, 914, -196, -961, -1521, 574, 861,
    118, 386, 860, 374, -64, -950, -1506, 655,
    696, -2095, 34, -421, 781, 630, 2265, -1444,
    -617, 76, -370, 2759, -1931, 1475, 174, -396,
    -717, -126, -928, 1474, -986, -54, -1931, 1052,
    -836, -446, 647, 1193, 237, -1021, 29, 1323,
    -1559, 414, -750, 766, 309, -898, 365, -606,
    925, -317, 1144, -593, -836, -487, 599, 44,
    350, 902, 242, 2472, -266, 744, 1861, -1007,
    323, 122, 1420, -2150, -121, 738, -141, -2234,
    912, 3, -381, 824, -1597, -220, -19, 388,
    378, -212, -495, 595, -132, -523, -437, 1111,
    286, 883, 841, -1501, -296, 25, 1970, -133,
    -582, -203, -721, -2241, -208, 657, -772, 1104,
    268, 1567, -607, -2168, -2179, 1481, 1889, -1196,
    -666, -156, 688, -466, 674, -107, 772, -648,
    539, 781, -200, 1654, 302, 410, 754, 592,
    452, 65, -341, -94, 583, 1060, -237, -118,
    -293, -169, 695, -279, -162, 652, 521, -895,
    -1095, -1000, -2529, -578, -623, 253, 1642, 988,
    205, 711, 532, 44, -1860, 500, 1086, -116,
    -257, -529, 530, -1365, -523, -139, -408, 1255,
    105, -473, -853, 767, -171, 652, 107, -14,
    -474, -472, 569, 299, 630, 704, 76, -1463,
    -710, -911, -861, 612, 800, 328, 558, 218,
    107, 457, -53, -1110, -130, 1126, -360, -539,
    155, -173, -715, 85, -292, -123, -1647, 307,
    -898, -729, 2017, 1206, 1093, 483, 1303, -502,
    794, -1233, 1393, 126, 468, -1284, 919, -102,
    -898, -225, -135, -1383, -625, -1697, 1213, 151,
    -1210, -232, 1206, 415, -587, -278, 789, 524,
    -179, -197, 979, 959, 540, 443, 242, -577,
    -445, 602, -507, 52, -409, 882, -659, -269,
    1155, 514, 1317, -1027, 2, 402, 295, -388,
    520, -267, -1054, -151, -911, 577, -724, 448,
    619, 782, -1346, -843, 1122, 691, -214, 28,
    -510, 327, 1281, -580, 727, -969, -116, 1143,
    -337, 1590, 370, -404, 102, -3, -190, -1486,
    -426, 244, -932, 308, 289, -581, 430, -247,
    760, -1176, -441, -278, -399, -681, 811, -193,
    674, 678, -640, -223, -308, 1536, -223, 1232,
    -726, -686, -176, 1997, 528, -245, 461, 845,
  },
  {
    595, 126, -2282, -483, 933, 1299, 1158, 1256,
    -116, -975, 787, -984, 745, -369, -2040, 278,
    -1542, 118, -564, 641, -1064, 608, 695, -324,
    -1403, -544, 1663, 700, 1089, -1483, -648, -1284,
    -446, -491, 1071, -123, -1, 275, -775, 1812,
    611, -1118, -131, 402, -2275, -139, 195, -84,
    -1227, -2100, -556, 904, -1521, 2759, -1097, -1164,
    -5, 459, -1285, -1333, -1777, 918, 332, 305,
    601, -903, -695, -460, -83, -1060, -49, -368,
    -209, 66, 1602, -1014, -1071, 81, -991, -448,
    1173, 191, 663, -106, -679, 348, -437, -257,
    218, 553, -754, 1204, 1753, 80, -261, 1694,
    -1389, -547, -467, 157, -1338, -715, 1179, -2650,
    -1551, -210, -1690, 1040, 829, 158, -250, 213,
    240, -217, -960, 194, -708, -303, 264, -413,
    -1677, 814, -626, 68, 207, 18, -1589, 7,
    -896, 682, 575, 494, -86, 1262, -382, 105,
    -1070, -125, 329, -845, 623, 518, -341, -46,
    -52, 934, 888, 874, 101, 387, 15, 826,
    1032, -1547, 328, 531, 268, -188, 191, -854,
    -1204, 328, 437, 1426, -575, 1092, 181, -297,
    -844, 117, -526, 294, 1051, 464, 239, 954,
    131, -164, -79, -254, 851, -290, 1449, 400,
    -483, -236, 560, 1219, 64, -14, -392, -340,
    -609, -853, -888, 1086, 1452, 964, -350, 404,
    569, -394, 1201, 953, -1131, -718, -93, 1701,
    1064, 487, -125, -831, 339, 191, 576, 422,
    -596, -433, -308, -520, 1729, -200, -515, 25,
    260, 62, -1166, 97, 261, -6, 429, -399,
    241, 38, 300, 648, 505, 781, -416, -377,
    1302, 184, -1148, -504, -385, -737, 1132, 399,
    -733, 429, -790, -22, 2404, 505, -210, 251,
    82, 728, -266, -204, 439, 613, 50, 999,
    -718, 1283, 376, 1149, 314, 63, -452, -39,
    -202, 1782, 396, 317, 526, 512, 438, 814,
    -1198, 514, -279, -532, 136, 449, 400, -1214,
    264, 443, 126, -283, -309, 466, -174, -295,
    67, 550, 1010, 404, -1147, 255, 438, -956,
    -663, 62, -1107, -151, -596, 88, 1237, -174,
    611, 740, 170, 339, 209, -599, -497, 866,
    294, 699, -477, -1227, 966, -1046, -176, 566,
    -330, -397, 933, -543, 885, 258, 485, -127,
    -340, 150, 655, 415, 669, -393, -12, -1186,
    432, 840, 2022, -864, -463, 839, 983, -39,
    270, -836, 1763, 367, 673, 404, -117, -1431,
    160, 976, -637, -1015, -380, 1326, -1093, 149,
    -85, 1342, -386, -433, -752, 394, -110, -801,
    -251, -143, -634, 423, -142, 731, 211, 76,
  },
  {
    -492, 558, 474, 940, 52, -376, 144, -960,
    249, 271, -838, 766, -191, -193, 154, 618,
    -177, 602, -118, 797, 115, -500, -843, -222,
    -87, 577, 119, 530, 1235, 783, -1109, 1691,
    2024, 395, -1098, 300, 429, 838, 917, 1528,
    72, -740, 3076, 592, 151, 346, 150, 601,
    1704, -613, -1316, -3, 10, -350, -462, -1021,
    -1011, 1244, -369, 403, 393, 176, 865, -792,
    -1370, -1080, -615, -674, 1271, -287, -51, -1233,
    579, 1924, -1518, 675, -298, -598, 1139, 844,
    -771, 154, 157, -1677, 397, 438, 677, -541,
    326, -431, -356, -418, -761, 310, 434, 342,
    789, -1501, -65, 131, 278, 202, -704, 802,
    -61, -673, -34, -303, 935, 218, -977, 379,
    593, -586, -280, -95, 890, 331, 110, -71,
    1523, 320, -172, -268, 1883, 11, -650, -611,
    -1130, -572, 247, -1251, -179, 361, 45, -670,
    -325, 530, -642, -1838, 552, -827, -945, -1173,
    -404, -733, -2105, -552, -622, 594, -303, -1551,
    1562, -644, -1118, -266, 1456, -452, 222, -567,
    858, 450, -1103, -146, 1080, -148, 252, -402,
    -115, -1517, -371, -552, -894, -122, -676, -176,
    -1382, -1165, 733, 1274, -1736, -1408, -1101, 502,
    -36, -460, 185, 357, 585, 208, -10, 222,
    -483, -1685, -478, 295, -580, -556, -522, 1917,
    -757, 213, 321, -156, -683, 64, 698, -1471,
    560, -706, -841, -192, -888, 319, -232, -999,
    248, -365, 383, -313, -663, -1041, -134, 300,
    -814, 398, -986, -2041, -238, -532, 708, -486,
    -1234, 1065, 316, -506, -484, -341, 364, -622,
    -879, 541, -1204, -444, 126, -257, -578, -420,
    329, -416, 925, -761, -183, -1440, 474, 362,
    382, -138, 1185, 845, 189, -680, -924, 829,
    936, -270, -820, -1664, 375, -248, -733, -295,
    30, -537, 262, 570, 47, -1077, 105, 417,
    166, -299, 48, -446, 551, 320, -945, 315,
    528, -323, 194, 857, 1504, 450, 469, 717,
    498, 1028, -476, 386, 1005, -115, 660, 389,
    619, -836, -1431, -162, 999, 292, -163, -27,
    51, -595, 610, 157, -789, 148, -118, 701,
    513, 1255, 547, 229, 335, 94, 54, 416,
    -49, 25, -373, -1413, -751, 71, 224, 52,
    822, 1011, 36, 182, 229, 631, -68, -969,
    432, -1621, 221, 1013, -599, -759, -655, -196,
    253, -471, -32, 1713, 102, -581, 698, -1305,
    180, 317, -136, -449, -292, -284, 661, 1068,
    31, -1213, 446, -697, -70, -461, -105, 524,
    169, 678, 1047, -1588, -469, 332, -485, -542,
  },
  {
    -413, 871, 333, 731, -33, -123, -291, -565,
    -1014, 1678, -602, 2439, 1245, 635, 2060, -553,
    686, 945, 877, -865, 2261, -625, 1180, 3316,
    -154, 1114, -2002, -1680, -1569, 2690, -640, -2693,
    -1005, 155, 274, 717, 525, 834, -71, -688,
    1184, -126, 334, -808, 752, -2529, 1795, -629,
    661, 125, -886, 209, 889, -214, 1185, -3825,
    755, 1243, -983, 959, 973, -1029, -995, 675,
    1249, 770, 1150, 7, 373, 650, -77, -1149,
    1586, -1503, -2366, -429, 1868, -985, -2015, 1154,
    946, -363, -1831, 1081, 795, 1660, -52, -4621,
    -3302, 1300, -253, -2031, -364, -471, 632, -1341,
    1924, 1110, 1126, 3092, -210, 736, -372, 1121,
    1407, -1177, 1634, 475, -697, -105, 1142, 1139,
    -464, 423, 21, 720, -387, 573, 1413, 84,
    -637, -1068, -683, -1996, -1516, 1505, 1120, -908,
    -1241, 2477, -1402, 551, -200, -1109, -613, -1155,
    -1058, 9, -85, 235, -1486, 176, 9, -874,
    357, -1769, 201, -475, -551, -182, -315, 691,
    -743, 950, -87, -1531, -1996, 696, 1353, 1207,
    -687, -1292, 66, -437, -1046, 116, -1017, 819,
    -1875, 752, 73, 558, -2196, -88, -914, 1591,
    -1096, 1200, 296, 2147, -1790, -496, 2833, -958,
    1175, 533, -179, 466, 1207, 208, -526, 1544,
    3335, 161, -91, -407, -1221, 1921, -1182, -183,
    -983, -2253, -284, -327, 1387, -1014, -1436, 687,
    353, -1133, 1614, -1235, 3140, -202, 860, -298,
    708, -2361, -116, 37, -1600, -646, 732, 1192,
    851, 1760, 263, 242, 1432, -755, -1332, -455,
    963, -313, 1182, 992, -1210, -1914, -870, -1763,
    888, 852, -433, -484, -1665, 1627, 50, 867,
    -959, -3, -458, -1525, -96, 544, -762, -422,
    -694, 1328, 459, 1095, -2860, 320, 226, -584,
    -1016, -1766, 468, 701, 3, 173, 205, 1379,
    -958, -1564, -836, -907, -476, -360, -57, -1538,
    -160, -599, 520, -247, 726, 177, -631, -396,
    1313, -157, -296, -774, 466, 2970, -709, -226,
    1859, -171, -1688, 76, 220, 1637, 672, 361,
    68, -994, 932, -52, -1416, 879, 325, 634,
    377, -885, -798, 370, 162, -310, -1067, -703,
    1111, -600, 619, -538, -208, -1006, 549, -782,
    1896, 514, -205, -10, 817, 816, -690, 195,
    804, -967, -603, -1915, -560, 2305, 589, 1893,
    1539, 125, -44, 1423, -537, 451, 462, 904,
    -1849, 1447, -524, -1046, 345, 1311, 94, -656,
    124, -604, -664, -1073, 723, -460, -435, 1449,
    -7, 702, 452, 120, 71, -389, 1903, 137,
    1751, -248, 650, 1258, 3099, -209, 883, -701,
  },
  {
    -1157, -644, -560, -48, 932, 600, -358, 964,
    -428, -175, -993, -578, -585, 671, -2027, 1652,
    598, -2, -1379, 512, -871, 210, 1548, 2259,
    -1066, 906, 1481, -1138, -224, -153, 572, -964,
    750, -470, 23, 1008, -463, 826, -387, -1299,
    -171, -382, 1317, -706, -55, 938, 182, -460,
    -2160, -226, 513, -1446, 957, -344, -611, 712,
    -1703, -532, -1069, -156, 732, -653, 627, -184,
    -345, 247, 750, 93, -293, 382, 947, -154,
    879, 6, -831, -433, -1168, -357, 978, 759,
    839, 450, -2947, 25, -2307, -1160, 744, -1436,
    -245, 1048, -2017, -393, 1119, 228, 695, -1024,
    -130, 1156, -770, 153, -404, 1739, -791, 208,
    -1806, 156, 564, -976, 206, -1087, 1058, 91,
    1308, 169, 1147, 1269, 677, 36, 370, 445,
    -774, -1077, -941, 100, 90, 1092, 538, -126,
    1257, -685, -250, -169, 840, -1087, 366, 159,
    -282, 430, -156, 1262, 304, 186, -499, 997,
    -896, -226, 1250, 679, 281, -535, 1628, 441,
    -110, -98, 83, -1204, -536, 1186, -65, 507,
    -321, -719, 258, 1467, -802, 1748, -1330, -214,
    -349, 78, 537, 676, 73, -83, 945, -226,
    -2377, -1462, -75, 61, -1004, 219, -796, -295,
    -387, -390, 843, 1043, -390, -208, 125, 1341,
    111, -2584, -476, 295, 764, 504, -262, 5,
    -179, -53, 535, 941, -591, -442, 311, -930,
    1256, -132, -391, -130, 1217, -616, 683, 549,
    458, -606, 297, 493, 685, 924, -161, 920,
    34, -1, 221, 1335, 959, 608, -348, -675,
    -334, 1521, -1394, 571, -521, 113, 349, -362,
    218, -845, 1143, -33, -1015, 427, 1244, 1066,
    -887, -245, 149, -219, 1355, 97, 27, 175,
    94, -630, 276, -108, -746, -906, 531, -1192,
    -283, -656, -330, -530, -1494, -533, 1031, -154,
    -1400, 811, -219, 787, -914, 362, -370, 106,
    157, 968, 557, 466, 316, -732, 296, -116,
    966, 90, 394, -737, 273, 198, -484, -85,
    810, -14, -378, 1256, 313, -1016, 368, -1096,
    -853, 28, 290, -555, 267, -437, -80, 436,
    -19, 874, -191, -145, 3, 113, -282, 367,
    -1502, 321, 923, -822, -341, -509, -322, -725,
    325, -161, -478, 1424, 482, -60, 93, -1256,
    480, -112, -1300, -770, -1064, -880, 857, 325,
    -57, -2005, -870, 1498, 365, 467, 75, 539,
    -699, 285, 1010, 597, -208, -156, 165, 1441,
    -1309, 531, 457, 38, 336, 870, 264, -208,
    906, -145, -894, 859, 642, -271, -213, -6,
    -394, -553, -102, -93, 872, -491, 259, 457,
  },
  {
    -830, -149, 125, -1125, -82, 61, -1846, 7,
    406, -694, 121, -1060, 1896, -411, 1233, -420,
    -142, 416, -120, -807, 712, -852, 1239, 474,
    -900, -451, -335, -1545, -218, 67, 324, 212,
    -1691, -1377, 410, 1664, -941, 525, -887, -437,
    -2345, -410, -1253, -319, 247, -358, 303, -227,
    -76, -678, -268, 444, -836, -229, -527, -694,
    515, -1367, -1076, -1346, -1497, -335, -808, 474,
    266, -1400, -487, -192, -689, 909, 1004, -648,
    -1748, 116, -1300, 667, -761, 208, -429, -284,
    180, -90, -463, 561, 949, -21, -1478, -752,
    405, -155, -1019, -965, 190, 145, -727, -1007,
    885, -721, -488, 1886, -900, -365, -732, -864,
    199, -40, -530, -44, -273, -876, 1737, -723,
    1600, 455, 443, 862, -181, -533, 138, -1408,
    -139, -2072, -1342, -2715, -2532, 335, -630, -163,
    -513, -528, 203, 202, -818, -569, -2344, 296,
    563, 50, -224, 443, 430, 15, -1041, 825,
    -75, 317, 1035, -265, 491, -1625, -231, 1450,
    7, -669, 803, -828, -755, 1068, 316, 985,
    183, 43, -212, -187, -147, 760, -1744, -303,
    -306, 1545, -340, -169, -738, 288, 522, 32,
    1060, -791, -153, 929, 91, -441, -115, -12,
    -875, 413, 100, -21, 350, 101, 71, 583,
    209, -542, 477, -125, -565, 805, 543, -748,
    -292, -738, -507, -559, -427, 529, 599, -976,
    294, 32, -136, -653, 594, 928, 212, 394,
    -1682, -1216, 512, -692, -285, 114, -1204, 943,
    427, 927, -652, 535, 80, -284, -172, 323,
    -476, 60, 202, 1368, 470, -835, 486, -630,
    -379, -963, -324, 935, -556, -813, 96, -608,
    699, 1229, 1471, -444, -357, 735, -1070, -738,
    614, -1599, -2336, -554, 702, 462, -1465, 303,
    -873, -480, -333, -82, -144, -372, 1636, 1078,
    1081, -542, 212, -147, -1319, -771, 89, 377,
    -704, -136, -1571, -111, -954, -1182, 932, 163,
    -1546, 874, 274, -751, -1394, 106, 952, 633,
    1201, 490, 846, 365, -332, 904, 268, 691,
    -411, -57, 276, -685, 466, -1939, -285, -249,
    -371, -1356, -236, -904, 1337, 619, -424, -1656,
    -1184, -199, 1581, -405, -636, 670, -145, -593,
    -997, -860, -416, 1302, 1123, 1740, -698, 81,
    -10, -300, 28, -198, 1907, 94, -721, 960,
    -403, 1044, -53, -736, 1439, 106, -861, -510,
    -169, 398, -1000, -844, 681, -999, -1027, 757,
    652, -1354, 91, 846, 93, 45, 1267, -449,
    951, 312, 214, -1487, 2, -43, -725, 307,
    -1440, 235, 344, 1294, 450, -196, 1246, 179,
  },
  {
    742, -260, 438, 1215, -1171, -2193, 1484, 20,
    -145, 1171, 1628, -245, -2, -1348, -344, 415,
    937, 696, -275, -813, -170, 360, -804, -16,
    1624, 419, -498, -349, -550, -547, -406, 408,
    1785, -1080, -407, -586, 1172, 830, -388, -121,
    -265, -850, 639, -1756, -217, 536, -437, -8,
    1758, -629, 477, 2231, -504, -10, 1123, 193,
    1403, -1165, 1473, 678, 29, 120, 574, 94,
    -2327, -2763, 697, -545, 846, -60, -789, 1227,
    1244, 1575, 261, 1217, -450, 945, 239, 1307,
    -190, 724, 1253, -1811, 1034, -503, -1220, 2460,
    944, -754, -195, 526, -683, -52, -478, 577,
    485, -665, 2051, -303, 568, 1749, -162, 1561,
    1332, 69, 331, 537, 976, 1218, 1601, -213,
    -867, -574, -12, 124, -1880, 1438, 461, -1612,
    1719, 603, 1962, -869, 143, -1198, -1267, 1239,
    -722, -25, 1415, -670, -936, 748, -1878, -568,
    -498, 174, 151, 179, -756, 620, -338, -1301,
    373, -240, -874, 325, 307, -245, -235, -57,
    -402, -115, -471, 53, -69, 317, -239, -368,
    312, 4, -662, 1067, 298, 564, 525, -14,
    -118, -1189, -461, -332, -1092, 1253, -243, 1325,
    16, -110, 57, -57, 543, 925, -1385, 283,
    576, -404, -1065, -1247, 1108, 152, -217, 488,
    815, 76, -217, -413, -1001, -2253, 35, -2614,
    -74, -29, -1299, 476, -758, 828, 1145, 276,
    -284, 1013, -328, -761, -561, 1445, -337, -600,
    1777, 914, 341, 545, -66, 558, -890, 265,
    735, 918, -187, 1185, -875, 1842, -197, -480,
    -534, -1942, -886, -1063, -133, -1156, 2127, -1005,
    -353, 656, -1018, -227, -217, -802, -713, -1751,
    262, -1290, 230, -890, -2289, 513, -1073, 691,
    -205, 704, -225, 401, -114, -775, -2712, -419,
    94, 863, -134, -310, 858, 581, -831, -57,
    -475, 807, -678, -70, 436, -837, -13, -206,
    -388, 903, -607, -328, 2303, 453, -60, -366,
    -51, -61, 217, -50, 1543, 120, 223, -625,
    749, 935, 1511, -555, -61, 828, 254, 645,
    16, -904, 13, 180, -130, 638, 712, -145,
    261, -382, -193, -711, 39, 986, 829, -426,
    426, -89, 228, 92, 566, -417, 260, -47,
    -96, -35, -70, -1844, -645, -652, -201, 50,
    -1149, -152, 409, -166, 1209, -1628, 684, -617,
    -230, 966, -1191, -650, -1250, -67, 416, 1000,
    -314, 318, -249, 130, 175, -410, -764, 612,
    1550, -916, 660, 283, 627, -712, 625, 554,
    60, -576, -268, -620, -1046, -658, 375, 1529,
    -1956, 988, 1388, 0, -613, -450, 1650, -1224,
  },
  {
    121, 2584, 251, 318, -95, 324, 148, -1509,
    -73, -1763, 105, 225, 1005, -63, 130, -295,
    331, -295, 930, 416, 911, 219, 724, -1154,
    2559, 1495, 375, 1877, 219, -1092, 339, 1091,
    -175, -319, -158, -26, 1300, 385, 900, -20,
    -719, -936, 810, -2130, 806, -604, 1334, 798,
    1204, 1215, 1587, -1199, -596, -878, -1323, -1739,
    634, -909, -211, -240, 3145, -250, -164, 368,
    275, 861, 589, -515, -471, 241, 388, -1205,
    -502, -511, -457, 1541, -619, -68, -46, 358,
    -46, -8, 2, -352, 2707, 1268, -124, 247,
    418, -937, 587, 944, -897, -384, -713, 1649,
    1467, -1050, 2207, 511, -1190, 326, -1042, -475,
    2426, -275, 1161, 65, 109, -1050, 1785, 599,
    52, -831, -205, -591, 487, -744, -751, -502,
    717, 489, -636, -541, -592, -1604, 45, 944,
    -128, 1017, -77, 42, 1171, 1466, 121, 274,
    -111, -643, 125, -580, 44, -514, -656, -302,
    -476, 1155, -1079, 679, -1225, 212, -796, 90,
    271, 989, -793, 531, 921, -601, -260, 3,
    241, 945, 235, -1088, -1312, 963, 336, 391,
    -653, -756, 1179, -801, 45, -555, 68, -245,
    -466, 180, 5, -250, 763, 266, -83, 416,
    91, -45, -1343, -523, 241, 1635, 740, 412,
    790, -416, -87, -427, -684, -667, 699, -716,
    -282, -1088, -909, 42, -322, 537, -172, -697,
    1474, -875, -1274, 1075, -845, 306, -1767, 182,
    113, -1390, -1084, 409, -647, 1023, -137, 121,
    -786, -603, -2270, -911, 500, -678, 29, 535,
    -235, -2180, 1565, 382, 1029, 108, 792, 1127,
    201, 888, -766, -1135, 82, 278, -11, -550,
    -251, -1020, 88, -97, -610, 826, -877, -1142,
    413, 64, -853, -967, -815, 302, -62, -129,
    -350, 863, -160, 462, 462, -174, -911, -312,
    -237, -625, -19, -404, 330, -1828, 311, 626,
    471, -86, 223, 128, 823, -130, 2, 1554,
    -1645, -525, -385, 407, 724, -56, 16, -124,
    -265, -468, 742, 921, 84, -255, -173, 60,
    601, -180, -145, -458, 823, -1957, -852, -738,
    460, 111, 1031, -1068, -941, 928, 1033, 63,
    950, -104, -682, 976, 390, 1380, -379, 1376,
    -91, 93, 727, -751, 35, -75, 160, -132,
    -772, -174, 1009, -88, 715, -255, 223, -248,
    -507, 520, -897, -80, -963, -332, 6, -581,
    -55, -373, -1086, -674, 1018, 1159, -446, 643,
    185, 507, -456, -790, 507, -765, 1026, 639,
    414, -1770, 601, -1483, -336, -1110, 442, -817,
    -733, 1669, 835, -694, -392, -56, 677, -670,
  },
  {
    -1735, 884, -812, 738, -955, -1577, -432, -562,
    -344, -1439, -1286, -1849, -999, 817, 169, -635,
    -401, -662, -695, -2439, 1814, 99, -74, -266,
    -1859, 695, 102, -109, -327, 302, 734, 1166,
    -346, 705, 1270, 533, -1215, -101, -1663, -744,
    1102, 1255, 876, 1084, -555, -800, -503, -1732,
    187, -225, 382, -1604, -1481, -2244, -395, 110,
    -274, -175, -180, -128, 51, 1845, -1017, 892,
    369, -2122, -1706, -692, -398, -701, 562, -425,
    498, -139, -539, 1772, -139, 359, -198, 335,
    359, -197, -1369, 36, 113, 211, -295, -480,
    -702, 698, 66, 511, -815, 1388, 1062, -755,
    -725, -503, -959, 727, 729, -2079, 39, -1677,
    -441, -1626, 8, -61, -985, 956, 1208, 1232,
    1393, -521, 1613, 3334, -733, -254, -529, -37,
    436, 619, -60, -384, -855, 1399, 830, -637,
    -127, -244, -145, -1009, -984, -677, 846, 350,
    208, 1193, 322, 86, -1215, 397, 1118, 200,
    -1134, -301, -429, -1375, 1699, -1962, -3267, -2107,
    1368, 541, -466, -1586, 1685, 717, -714, -182,
    632, -368, -357, -34, -2043, -592, 462, -252,
    652, -435, 302, 385, 233, 1246, -1882, -1007,
    -110, 226, -6, 1461, 978, -649, -921, -480,
    -705, 1304, -414, -1242, 195, -888, 33, -235,
    1355, -2177, -34, -608, -222, -754, 1593, -318,
    -181, -541, -981, 326, -1103, 676, -107, 1630,
    1329, -610, 1351, 856, 616, 267, 1027, -250,
    508, -1021, 181, -322, 278, -744, 61, 572,
    -662, -153, 559, 34, 836, 1048, 656, -316,
    -1176, 472, -946, 626, -1367, -1436, -314, 945,
    -480, -400, 678, 577, 1177, 879, -411, 1455,
    2406, 911, 836, -332, 540, 749, 15, 659,
    324, -579, -121, 353, -1312, -76, -607, 240,
    80, -1153, 83, -478, 432, 368, -240, -63,
    194, 303, -1819, 188, 118, -595, 534, -582,
    -187, -757, 365, -1839, 327, -657, 337, 793,
    -1216, 331, 972, -558, 1539, 368, 12, 664,
    804, 186, -1098, 311, 2680, 814, -377, 279,
    -387, 604, 485, -960, 398, 198, 45, -461,
    970, 100, 1035, -688, -79, -778, -271, 1015,
    1031, 577, 1030, 732, -709, -1084, 664, -215,
    955, 381, -132, 98, -151, 1204, -1294, 400,
    9, -814, 1240, -650, 1062, -769, 203, 727,
    -264, 397, 343, 946, 60, -1395, -96, -219,
    -736, -82, -1279, 384, 1039, 481, -952, -1167,
    -615, -2248, -410, 605, 378, -305, 1371, 1934,
    1171, -45, -972, 115, -558, -914, -237, 612,
    64, -78, 604, -342, 486, 1462, -290, -1442,
  },
  {
    -378, -5, 132, 210, -2242, 1300, 63, 1347,
    688, -976, -295, -1623, -1494, 569, -301, 3206,
    1207, -449, -13, -546, -330, 397, -1355, 235,
    -546, -903, 773, 156, -1184, -150, -409, -251,
    2011, 693, -221, -480, -462, 876, -487, 61,
    1165, -42, 1156, -668, 1627, -761, 253, 1944,
    -339, -154, 660, 546, -1217, -1439, 196, 607,
    -369, -208, -559, 889, 72, -998, -434, 1068,
    -343, 324, 153, 1516, 367, -492, -1027, -116,
    56, 205, -36, -1071, 1514, -332, 2120, -507,
    628, -1206, 169, 548, 98, -980, 1386, 853,
    810, -69, -237, 608, 509, -941, 359, 2075,
    216, -374, -248, -768, 2001, -694, -768, 479,
    -834, -712, -1373, -1413, -465, 128, -1615, -802,
    -132, -1055, -905, -1103, -337, 170, -1691, 1198,
    546, 1037, 173, 1878, 1756, -228, 973, -1735,
    801, -1904, 3, -997, 1281, -97, -769, -1121,
    260, -566, 536, 67, 960, -1267, -714, 366,
    -313, 932, -337, 880, -611, -122, 271, -600,
    745, -1203, -452, 142, -418, -1084, -1639, -709,
    -760, 149, -306, 7, -1335, 0, 1086, 275,
    -260, -387, -112, 279, 118, -219, -2034, -998,
    -30, -393, 641, -497, 1030, 361, -1388, 801,
    -815, -249, 1188, 467, 16, 503, -413, 718,
    131, -216, -830, -157, 697, -469, 459, -731,
    563, 1129, 101, 52, -172, 904, -350, -965,
    -944, -368, -1578, -1364, 253, -993, -33, -742,
    1228, 281, -688, -67, 650, 275, 910, -658,
    604, -1569, -126, -550, 838, -390, 169, -1560,
    -2364, 1632, -612, -1008, -239, -1648, -63, 1605,
    -88, -105, -496, 8, 1028, -435, 110, 622,
    356, 821, 749, 658, 115, -826, 123, -590,
    869, 414, 345, 500, 359, -397, -440, 66,
    -203, 81, -747, 1540, -677, 321, -1348, 351,
    -985, -1271, 1429, -22, -377, 843, 1169, -768,
    555, -340, 323, 315, -295, -28, 728, 762,
    -472, 301, -1147, 254, -1018, 250, -438, 1449,
    -96, -319, 1485, 1898, 350, 808, 264, -526,
    -64, -487, 461, 236, -612, -290, 139, -236,
    -219, -825, 1433, 818, 312, 1140, -1412, 485,
    -143, 152, 538, 208, -1476, -480, -115, -615,
    472, 107, -81, -865, 344, 344, 609, 311,
    -226, -760, 347, 592, -265, -272, -340, -506,
    89, -675, 633, 1035, -892, 1099, 344, -1519,
    134, -785, -1712, 554, -422, -270, 1276, -1077,
    -278, 313, -393, -729, 646, -234, 50, -212,
    -746, 997, 1430, 13, -629, -590, 757, -417,
    -647, 60, 1592, -38, 309, -1208, 570, 341,
  },
  {
    -538, 806, -14, -565, -2765, -98, -28, -687,
    -609, -1079, -181, -370, 332, -1399, 1787, 840,
    1523, -1825, 47, -460, -968, -1791, -2049, 60,
    -119, 473, 82, -45, -501, -1212, 964, -1592,
    715, 452, -723, -600, 1547, -400, 984, -32,
    1536, 79, 676, -512, 361, 656, 208, 564,
    -596, 1483, -1622, 800, -1622, -327, -1305, -518,
    39, 207, -1471, 778, 167, 906, 689, 247,
    1533, 1009, -1215, -1533, 945, -2313, 94, -700,
    426, 1277, 602, -57, 454, 1572, 966, 1037,
    -593, -2016, 1660, -1570, -467, 335, 38, -1144,
    653, -533, 3, 306, -1040, 1185, 33, 1352,
    -229, 479, -1731, -1220, -544, -1885, -1960, -1006,
    975, -285, -1004, 1338, 365, 1096, 420, 101,
    765, 2363, 1049, 375, 515, 1783, 424, -1188,
    241, 999, -2387, 309, 1211, 632, -478, -592,
    -936, 1210, 252, 117, -113, -459, 348, -502,
    -991, 289, -890, -507, 121, -500, 1974, -327,
    107, -203, 586, 10, 906, -143, -2472, -1849,
    -91, -645, -110, -273, 226, -272, -67, 298,
    55, -695, -793, 553, 59, -92, -1388, -577,
    725, 131, 237, 739, 1441, -140, 224, 912,
    631, -1674, -1327, 484, -1102, -519, -201, -614,
    -492, 1462, -1527, 318, 120, 365, -123, 439,
    2111, -561, -580, -1701, 868, -165, -820, 413,
    -845, -537, 439, 357, 1333, -1342, -1046, 101,
    -999, -937, -259, -704, 1275, 1352, -751, -380,
    -481, 6, -357, 1274, 283, -1534, -132, 243,
    -1089, -653, -171, -1192, 150, -245, -161, -1901,
    -1001, -1286, 136, -1196, -638, 1063, -367, 1639,
    -2150, 801, 30, -1020, -545, 2038, 152, -798,
    952, 519, -824, -752, -252, -309, -432, 78,
    306, -167, 311, -246, 1010, -829, -1436, 18,
    802, 595, -176, 1008, 417, 290, 646, -126,
    914, -1079, -535, -455, -109, -225, -967, 420,
    -81, 391, -233, -1209, 792, -942, 1026, -36,
    644, 429, 303, 501, 2043, 453, -137, 1328,
    2102, -505, -577, 624, 1294, 533, 57, 487,
    -665, -76, 66, -219, -131, 102, -169, 755,
    1410, 721, 478, -576, -810, 469, 1460, -253,
    349, -129, 897, 1290, 697, 1065, 488, -61,
    -226, 284, -876, -1292, -377, -506, 662, -203,
    750, -661, 2024, 1783, 1059, 242, -385, -864,
    -68, 162, 120, -628, 659, 610, -169, 291,
    -92, 471, -474, -561, -303, -972, -875, -609,
    78, -261, -800, -332, 1474, 122, -357, 62,
    729, 324, -376, 135, 269, 90, -246, 385,
    -854, 2108, 488, -917, -1148, 409, -192, 614,
  },
  {
    586, 1511, -783, -486, -1566, -358, 513, -46,
    151, -1818, -262, -270, 1840, 430, -262, -1762,
    864, -1657, 3324, 2015, 1515, -1998, -325, -1466,
    2125, -739, -1413, 158, -64, -1367, -1054, -279,
    -837, 34, 567, 344, -183, -132, -218, 159,
    -2271, 486, -63, -2456, 1340, -146, 1739, 1532,
    395, -253, 1377, -829, -1005, -339, -765, -1358,
    863, -2049, 1386, -594, 93, -1365, -1841, -52,
    -753, 552, -786, 61, -1409, 656, -170, -996,
    -918, -48, -602, 1086, 83, -459, -313, -781,
    563, 166, 1269, 527, 1557, 2045, -1009, 1240,
    1146, 763, 149, -1359, 266, -1191, -2510, 975,
    2336, -1346, 158, 229, -983, 288, -1008, -1437,
    844, 75, -410, -6, -518, 168, 1209, -1880,
    -709, -1634, -804, -936, -160, -723, -2740, -1098,
    -1181, -579, -1754, -790, -2203, -1985, -915, 1367,
    -1061, 541, 1414, 1310, 1434, 73, -45, 493,
    -165, -528, 424, 566, 130, 423, 738, -54,
    -1055, 542, -956, 278, -886, 190, -99, 17,
    -440, 334, -732, -47, 391, -425, 361, -212,
    2176, 1348, 331, 1184, -880, -471, 756, 566,
    -761, -263, 960, -1042, 1182, -935, -1960, 181,
    852, 163, -267, 835, -120, -206, 1096, -311,
    373, 845, 76, -1847, 354, 406, 449, 406,
    551, -72, -216, 64, -256, -387, 222, 63,
    -655, -591, -2225, 1413, -1156, 545, -548, -155,
    1147, -1380, -818, 1212, -1533, -337, -265, 840,
    -1486, 485, 303, 553, -363, 115, -1045, 28,
    -894, 391, -1142, -239, -1252, -375, -920, 731,
    -1752, -1269, -39, 661, 1784, -1045, 965, 1284,
    -383, 15, -2127, 929, -348, -2597, -1597, -734,
    -1173, 177, -525, 897, -466, 1981, -1647, -629,
    908, -1409, -999, -159, -1385, 719, 596, -742,
    -217, 791, 1066, 232, -14, -1076, -241, -373,
    -2632, 458, 799, 21, 34, -596, 535, -399,
    -1215, 151, -416, -290, -593, -1419, -296, -632,
    -13, -1460, 424, 270, -165, -281, 328, -151,
    -1677, -13, 1669, -24, -546, 435, 106, -173,
    795, -457, 85, -783, 1046, -1968, -440, -687,
    503, -561, 1119, 715, -993, -235, 256, 21,
    650, -884, -1525, 125, 678, 214, 569, -513,
    -1638, 635, -2, 1180, 366, 916, 797, -354,
    618, 291, 181, -253, 901, 266, -143, 958,
    -1210, 1361, 239, 427, -632, 627, -431, 248,
    -307, -579, -169, 953, 838, 1450, 838, -634,
    422, -86, 52, 273, 1493, 1455, -119, -242,
    522, -619, 272, -798, 1743, -518, -1001, -273,
    -781, 531, 468, -26, -126, 30, 70, -1737,
  },
  {
    -3, 338, -1618, -597, 346, 669, -454, -151,
    -284, -1279, -924, -778, 415, 113, 73, -205,
    1683, -1280, 880, 344, -1034, -157, 1302, 327,
    446, -328, 1435, -127, 517, -447, 942, 202,
    -368, -292, 262, -1007, -1343, -1692, -972, -288,
    -1011, 1046, -812, -654, -646, 261, 1203, -342,
    -1027, 968, -556, -678, -1399, 553, -146, 690,
    785, -1078, -7, -598, -1428, 726, -1339, -41,
    99, 909, -847, 622, -639, -941, 199, 254,
    -899, -1357, 1349, -351, 136, 1239, -331, 327,
    1743, -807, 1304, 466, 365, -265, 603, 809,
    -320, 3, -32, 807, -176, -867, -1281, -718,
    -1128, 45, 281, 283, 80, -2006, 1502, -1644,
    -757, 716, -2637, 26, -497, -260, -464, -1422,
    370, 91, 1288, -170, 1985, -220, -1175, 648,
    -1716, -950, -1397, -212, -494, -493, 497, -282,
    -21, 16, 310, 517, 797, -317, -723, 985,
    276, -392, -148, -590, -1178, 183, -433, -201,
    -723, 296, -198, 602, 748, -1112, 276, 458,
    -502, 346, 1145, 321, -657, 722, 978, -1086,
    -127, 25, 241, -867, 567, -310, -713, 511,
    -393, 351, 814, 1280, 148, 84, -588, -805,
    858, -80, 245, -691, -793, 53, 467, 163,
    -763, 412, 87, -792, -280, 650, -398, 756,
    -125, -229, -338, 1141, 17, 901, 944, -458,
    709, -245, 836, -92, 993, -413, 726, 754,
    377, -403, 1255, 389, -594, -641, 597, -150,
    -17, 510, 502, 133, 262, 275, -119, 406,
    142, 28, 998, 988, -166, -565, 561, -385,
    500, 302, 607, -41, 89, 696, -695, 482,
    1271, -70, 0, -516, -553, -477, -924, -597,
    -959, 27, 130, 177, -13, -812, -277, -538,
    621, 207, 150, -709, 150, 925, 613, -1511,
    -1369, -681, 571, -22, 119, -650, 717, -144,
    -316, 1507, 258, -1302, -898, -401, -570, -63,
    199, 818, -306, 1059, -340, 13, -278, -1124,
    10, 141, -339, -448, -347, -397, 183, -975,
    -74, -736, -873, -112, -28, -197, -557, -490,
    -420, 381, 1026, -1164, -278, 584, 1288, -408,
    -273, 280, 632, -657, -322, -119, -674, -254,
    103, -862, -447, -245, 514, -657, 638, -920,
    -179, -443, 1, 982, 88, 213, 44, -1735,
    1045, 132, -947, 685, -217, -158, -129, -136,
    474, -411, -247, -859, 63, 710, 839, 119,
    -100, -786, 1514, -302, 810, 712, 123, 350,
    -267, 842, 610, -219, 449, 991, -45, -665,
    -154, 747, -911, -354, 276, -462, -587, -294,
    36, -866, -39, 1077, 885, -260, -92, -456,
  },
  {
    580, -486, 2336, 701, -334, 213, -353, 242,
    904, 192, 728, 556, -587, -1916, -1026, -463,
    -1367, -402, 855, -33, 432, 786, -2918, -452,
    1398, -640, -844, -378, 602, -414, -2576, -810,
    -560, 695, -874, -1961, 406, -203, 1552, 386,
    -419, -1641, -67, -1182, -472, 252, -210, -121,
    1349, -1107, -1049, -19, -71, -1665, 701, -88,
    -19, -2213, -1031, -1291, -778, -753, 409, 1103,
    -2313, -305, -1238, -1216, -712, -666, 137, 520,
    1221, 1006, 539, -3451, 662, -43, 274, 309,
    271, 775, 571, -2011, -43, 1127, -690, -497,
    22, 801, -942, 277, 1472, -459, -557, 83,
    1707, -376, 492, -1220, -891, 874, -2468, 399,
    -439, -600, 389, 81, 850, -2423, 567, 358,
    483, -285, -5, -2056, -858, -470, -1510, 559,
    1352, -125, -1514, -1137, 655, -384, -1354, 837,
    -37, 238, 508, 451, -692, 2047, -500, -175,
    319, -1447, 432, 146, 729, -926, -9, -889,
    417, 482, -374, 958, -348, -336, -1359, 943,
    923, 1015, -49, 2071, -557, -1108, 1562, 197,
    -1651, 404, 775, -884, 479, -72, 858, 555,
    -149, 626, -694, -404, 223, -1329, 315, 1611,
    1115, 1346, -1106, 1648, 559, -738, -1132, 905,
    1543, -953, 186, -156, 725, 898, -317, -1267,
    81, 383, 1057, 356, 449, -615, -703, -1742,
    1639, -951, 351, 1874, -115, -533, -372, -123,
    1341, 668, -441, -143, -273, -538, 153, 33,
    -438, 2748, 500, 997, -468, -1376, 903, 2096,
    -354, -897, 370, -345, 63, 644, 627, 264,
    783, -404, -889, 1053, 2811, 1098, 1813, -391,
    97, -376, 190, 189, -775, -1960, -1560, 387,
    622, -483, -701, 893, -63, 527, -1237, 570,
    -29, 1122, 571, 794, 1406, 1430, -873, -1509,
    551, 678, 559, 729, -180, -670, 864, -510,
    -280, -715, 208, -2288, -1186, 622, 69, 95,
    -2134, -882, 316, 105, 42, 445, -954, -45,
    -784, -208, -459, 46, 430, 96, 878, 697,
    -303, -852, 888, -719, 500, -581, 221, 299,
    151, -712, -331, -345, -22, -662, 1715, -85,
    1478, -177, -717, -26, 819, 384, 1127, 565,
    -265, -3, -111, 513, 447, -1372, 562, 374,
    78, -216, 228, -86, -856, -489, 1007, -104,
    -1694, 367, -1673, 201, 1252, -687, -913, -1260,
    1147, 575, -399, -601, -344, -588, 1035, 742,
    1732, -86, 458, 547, 1131, 781, -69, -1554,
    145, -573, 25, 298, 107, 329, 468, 1024,
    -363, 111, 345, -27, -2, 2161, -321, -68,
    -749, 11, 941, -812, -1549, -147, -880, -754,
  },
  {
    487, -3886, 392, 1265, -118, -989, -633, 401,
    -1104, -194, 497, 100, -380, -1006, 808, 1379,
    -861, 1471, -1930, 310, -73, -307, 210, 489,
    -2073, -1848, -635, -560, -297, 94, -2286, 590,
    2071, -532, -950, 510, -411, -151, -466, -648,
    188, -1366, 2565, -233, -3542, 2070, -783, -2090,
    1417, -649, -2103, -848, 1046, -1539, -2044, -299,
    -83, 1214, -918, -1993, -1778, -1657, 1020, -1704,
    -2688, -3105, 470, -484, 448, 1364, -1505, -961,
    -35, -980, -575, -1111, -260, -93, 545, -1214,
    310, -991, -723, -1072, -1962, -743, -985, -2401,
    4, 766, -1467, -2274, 435, 1443, -204, -1606,
    -193, -92, -485, -737, -1720, 556, -1281, 402,
    -2007, -35, 271, -2459, -363, -2098, -851, -1495,
    475, -1544, 367, 473, 1460, -1447, -862, -3273,
    1287, -1995, -759, -27, 1631, -964, 638, -946,
    -399, 815, -538, 1161, -254, -896, -1434, 488,
    1583, 787, 633, -256, 1056, -164, 1758, -179,
    -61, 255, 97, -121, 4, 103, 1115, -636,
    263, -628, 1190, 141, 455, -494, 808, -1204,
    354, -488, -192, 348, 31, 308, -710, -727,
    349, -9, 1065, 1364, 1078, 1336, 664, 1137,
    49, -228, 144, 766, -141, 1083, -285, 1643,
    -902, -88, 895, 2397, 41, -273, -257, -76,
    -570, -846, -1555, 132, 750, 173, -648, 198,
    801, 1292, 67, -158, 361, 856, 2672, -100,
    -752, -131, 576, -1093, 469, -397, -673, 1091,
    -1686, -1637, -1014, 652, 231, 48, 48, 635,
    416, -29, 741, -924, 1456, 346, -223, 208,
    155, 2063, 665, -94, 836, 398, 416, 1208,
    823, 118, 961, 195, -158, 90, 820, -264,
    997, 848, 2805, 110, 1674, -475, 313, 430,
    -10, -1218, -33, -391, 1076, -812, 864, 167,
    216, -770, 74, -370, -125, 160, 149, 768,
    -332, -110, 537, 591, -416, 909, -398, 897,
    -1188, -673, -84, -154, 91, 335, 1314, 1603,
    -342, 372, -67, -77, -848, -30, 468, -944,
    -34, -363, 649, 1354, 162, -1134, 127, -4,
    -223, 476, 674, -269, -652, 1130, -649, 865,
    -383, -842, -458, 463, -529, 574, 186, -480,
    -1913, -298, -1375, -731, 1803, -870, 162, -354,
    -328, -148, 826, 503, 419, -50, 325, -1538,
    -336, -363, -284, -798, -336, -176, -1281, -1730,
    177, -54, -275, 519, 152, 139, 827, -755,
    -1003, -217, 742, -524, -223, -575, 363, 1113,
    -664, 425, 715, -168, 97, -622, 352, 439,
    1451, 915, -1537, -251, 549, 12, 252, 345,
    -79, 416, -669, -2690, -64, -512, -1221, -729,
  },
  {
    1162, 1335, -1087, -845, 369, 696, 1124, -1742,
    -219, 413, -309, 1356, 834, -909, 349, -1761,
    -644, 230, 2991, -101, 476, 519, 1143, 1772,
    472, 659, 180, 1239, 1573, 425, -514, 325,
    -1929, -747, -587, -526, 338, -977, 512, -433,
    -1722, -459, -753, -612, 342, -40, 1718, -395,
    798, 396, -1490, -154, 99, 375, -402, -26,
    972, -1407, 983, -161, 441, -414, -74, 198,
    -310, 1790, 671, -885, -1410, 183, 1361, 803,
    18, -646, -142, -517, -1834, -666, -574, 1055,
    -19, 363, 1154, 131, -1028, 1492, -698, -878,
    53, 364, -355, -816, 563, 44, -3148, -1312,
    -462, 625, 912, 1487, -2065, 715, 369, 136,
    237, -156, 1458, 1359, 446, 828, 505, -595,
    -394, 104, 998, -422, 1520, 602, -241, -274,
    391, -309, -1412, -1496, -721, 864, -189, 724,
    -504, 2311, 193, 180, 994, 1926, -560, 69,
    -472, -1021, 53, -768, 587, 436, -587, 556,
    371, -1608, 20, -461, -185, 547, 1389, 1265,
    413, 1714, 443, 1217, -1252, 204, 491, 2105,
    -1225, -252, 331, -1079, 921, 924, -1239, 896,
    696, -872, -511, -371, 11, -276, 778, -724,
    996, 675, -1618, 25, -628, -192, 1180, 724,
    221, 449, -224, 830, -135, 527, 145, -776,
    1279, 1290, 50, 918, -1030, 368, 775, 66,
    -862, -1057, 860, 640, 1314, 35, 105, 198,
    -697, -6, 1436, 378, 1042, 187, 220, 1232,
    51, 431, -66, 261, 585, 93, -837, 4,
    -249, 27, 633, 103, -320, -357, 513, 425,
    634, 20, 391, 1084, -534, 928, -331, -859,
    212, 1466, -346, 449, -743, -948, 909, -900,
    -1376, 27, 75, -892, 260, 1924, -394, -648,
    1026, -631, -129, 913, 229, -221, 1066, 354,
    -2032, 1140, 1321, -1297, 1476, -1462, 1024, 429,
    826, 588, 703, -277, 652, 23, -1300, 50,
    642, 614, -190, 214, -1002, 434, 957, -1572,
    800, 420, -1226, 58, 246, -348, 126, -602,
    -1089, -533, -1046, 68, -1040, -902, -718, 932,
    1984, 799, -1315, 185, 587, -527, -605, -1436,
    536, -417, -539, -150, -359, 170, -630, 87,
    732, -78, -1240, -885, 604, 757, -1619, 742,
    -452, -1532, -512, -1376, 933, -265, -1086, -838,
    549, 188, 1013, -1094, 693, 690, 919, 1299,
    -387, -598, 1071, 285, 628, -1093, 48, 87,
    -588, -783, 382, -1090, 715, -402, -173, -76,
    1272, 1044, -587, 835, -676, -137, -946, 291,
    925, 728, -1114, -638, 677, -399, -1011, -284,
    226, 2104, -757, 693, 737, -735, -1107, 2055,
  },
  {
    -1346, -1980, -152, -351, -1121, -1132, 620, 762,
    217, 729, -484, -1130, -1091, 918, -1836, 1098,
    855, 715, 319, -648, -458, -938, -1823, -21,
    -1194, -693, -214, -634, 104, -312, -1386, -126,
    -133, 113, 434, 676, -2772, 373, -1062, -911,
    494, -65, 345, -293, -1134, 1146, 348, -527,
    340, -792, -1785, 4, 241, -165, -737, 537,
    671, 380, -842, -1102, -2208, -594, -442, 161,
    -530, -579, -1554, 943, -236, -618, 190, 338,
    546, -983, -125, -1979, 300, 396, 750, -67,
    565, -1324, 106, -81, -245, 324, 24, -498,
    1000, 245, -1159, -1411, -406, 111, -185, -1580,
    175, -539, -1089, -924, 748, -910, -894, -676,
    -2049, 311, -1625, -764, -547, -250, -222, -1607,
    -330, -530, -185, 790, 259, 166, -1299, -660,
    735, -1841, -697, 193, -190, -886, -278, 167,
    -328, -269, 294, 568, 1603, 62, 595, 232,
    840, 544, 553, 1142, 1844, -397, 376, 328,
    69, -1029, 328, 711, -206, -18, -941, -387,
    -376, 222, 637, 405, 455, 1160, 382, -79,
    690, -219, 33, 1407, 315, -500, -566, 98,
    431, 1143, -624, 971, 2065, 4, 516, 1340,
    239, -408, -631, -495, -211, 310, 662, -740,
    -859, -881, 1021, 2001, 78, 159, 373, -239,
    -1116, 379, -639, -725, 1029, -96, 628, 570,
    465, 619, 1351, 905, -118, 353, 523, 845,
    -334, -318, -352, -590, 1657, -413, 1409, -497,
    -1217, -326, -487, 110, -103, -206, -775, -307,
    857, 617, 696, 521, 1688, 88, -91, 797,
    121, 1841, -467, 424, 222, -819, 438, 604,
    -109, -224, 446, 470, -732, 836, 213, -136,
    1538, -74, 808, -462, 1199, 113, -123, 429,
    -637, -91, 311, 1177, 1211, -546, 722, 228,
    859, -215, 398, -1002, -406, -636, 172, 1416,
    -158, 667, -1731, -36, 581, -568, -800, 507,
    -1169, -360, 163, -552, 172, -528, 895, 181,
    253, -37, -50, -968, -1005, 457, 358, -705,
    497, -338, 156, 575, 385, -1145, 426, 301,
    -1321, 342, -8, 716, -537, -301, 683, -321,
    -8, 117, -570, 1137, -16, 596, -803, -170,
    -259, 42, -133, -1312, 164, -1136, -705, -119,
    -732, 128, -1226, 15, 333, 619, 1018, 245,
    1030, -76, 222, -19, -610, -572, 874, -205,
    -454, -544, 60, 1216, 612, 1, 125, 1010,
    577, -264, 1340, 712, 234, -309, -448, 81,
    -1384, 449, 442, 1924, 102, 428, 720, -777,
    166, 741, 285, 1962, 424, 27, -101, 203,
    -150, -41, 35, -132, -315, 596, -562, 1101,
  },
  {
    699, 2129, 748, 1016, -992, -191, -85, 645,
    914, 381, 1770, 2568, 808, -1533, 2808, -339,
    944, -136, -273, 1041, 1076, 226, 1040, 913,
    93, 58, 627, 837, 2193, 1170, -1032, 306,
    190, -465, -2050, -765, 1171, 59, -773, -135,
    -145, -446, 124, 644, -45, -861, 994, 1401,
    1092, 73, 850, 47, 392, 105, -259, 294,
    -1718, -1309, -49, 1238, -258, -715, 319, -834,
    -339, 1724, 57, 21, -1152, 1209, -96, -172,
    -30, 243, 576, -183, 928, 1782, 478, -1435,
    425, 580, 959, 192, 766, 222, -1249, 408,
    1382, 467, -100, -1390, 676, -1801, -1585, 3408,
    -64, 2028, 1007, 330, 429, 349, -261, -748,
    1810, -213, -1804, -248, 1461, 1554, -987, -1249,
    -497, -1049, -952, -2662, 1072, -1627, 921, -525,
    -1959, -52, 157, 398, 1211, -1139, 1901, -66,
    -1507, 262, 562, 1462, -698, 245, 84, 600,
    690, 567, 683, -1099, -2259, 205, -702, -1956,
    -7, -353, -506, 19, -1635, 955, 1718, 2216,
    -608, -1413, -454, 265, -1606, 676, -1301, 1182,
    146, 328, -1005, 144, 33, 1529, -693, -839,
    -509, -1577, 2544, -282, -619, -200, 248, -717,
    -625, -12, 632, -246, -972, -217, -2404, 160,
    -276, -1014, -406, 335, -731, -466, 877, -91,
    1304, -546, -221, 1811, -1908, -272, -596, -711,
    -845, -1324, 57, 533, 1755, -126, 1199, -415,
    -1109, -659, -1042, 670, 698, 570, -1773, -847,
    1417, 1596, -1779, 611, -16, 547, 187, -907,
    -1247, -527, -1597, 201, -1006, -1158, 980, 867,
    332, 910, -47, -1897, 385, -488, 1075, 790,
    -1007, -882, -334, -952, -867, 1416, -367, -1704,
    -2107, -395, -690, -655, -34, -2545, -690, -1017,
    457, 532, -915, -121, -899, -447, -1374, 934,
    -586, -681, 1857, 2131, 904, -593, -341, 718,
    106, -980, -1035, -166, 1490, -1076, 771, -869,
    1724, 826, 171, 2440, 570, 602, 53, -466,
    169, -896, -5, 478, 2124, 165, -1824, 159,
    -1081, 412, 1049, -589, -1546, 1592, 1172, -62,
    -292, -1400, -187, 45, -91, 1478, -358, 1129,
    284, 1221, 1197, -1397, 47, 2216, 137, 190,
    974, 1243, 728, 856, -1672, 661, -471, 322,
    236, -657, 120, -613, -361, -858, -427, -807,
    -328, -21, 745, 123, -2, -584, -427, 802,
    -541, -101, -1358, 317, 258, -478, -2107, 1150,
    739, -789, 61, 593, 417, -225, 719, -2049,
    3655, 469, -648, -940, -633, -673, -808, -1438,
    965, -393, 278, -1081, -484, 219, 360, -229,
    -244, -732, 1291, 773, 130, -364, 1067, -32,
  },
  {
    -1363, -9, 364, 1145, 272, -1878, -574, -2039,
    -1227, 567, -405, -96, -1845, -201, 192, 233,
    -750, -660, -986, -827, 1188, -1353, -1349, -593,
    -1123, 90, -670, -1202, -1145, 190, 829, 1108,
    2076, 922, 396, 318, -1632, 534, 19, -1287,
    -333, -1284, 1375, -309, 262, 657, -2699, -935,
    -75, 17, -1052, -255, -429, 1229, -723, -1990,
    708, 1600, 104, -117, -931, 991, -534, -437,
    -343, -2520, -1130, -2136, 180, 188, -1336, -499,
    -1087, -901, -57, 991, 284, 1230, -747, 466,
    -735, -47, -1182, -1200, 223, -13, -352, -1659,
    -22, -2175, 586, 339, 666, 797, 156, -2547,
    549, -576, 35, -807, -2804, -1281, -472, 977,
    -2, 531, 55, -2075, -197, -886, 2481, -479,
    650, -80, 236, 3342, -847, 1122, -278, -2203,
    1144, -770, 226, -1331, -73, -639, 15, -1192,
    -118, -1186, 528, -655, 709, 271, 406, 154,
    -262, 1785, 237, 1412, 1465, 581, 1115, 2069,
    933, -760, -368, -271, 1997, -282, -1328, -633,
    -326, -110, -886, -981, 829, -213, -728, -1321,
    -520, 1271, -255, -676, 1523, -362, -476, 185,
    -103, -207, -165, 1271, 707, -805, -701, 400,
    -971, -298, 220, 651, -260, 620, 126, 391,
    -443, 1937, 804, 587, -456, 27, 611, -880,
    -425, -1724, -160, -2205, -690, -1886, 439, -396,
    -741, 617, -1368, -603, -614, -14, 78, 603,
    826, 517, 119, 252, -322, -303, 983, -341,
    -870, -593, 918, -339, -250, 1054, -808, -558,
    320, 294, 436, -1326, 1330, 560, 132, -384,
    -2712, -713, 1445, 318, -387, -566, -665, -108,
    906, -670, -225, 660, -489, -422, 69, -78,
    855, -525, 1305, -1082, -1120, 2563, -195, -7,
    19, -607, -1112, -667, 553, -1241, -1192, -752,
    -43, 294, -706, -471, 575, 1444, -1025, -135,
    565, 467, -1671, 1851, -2146, -348, -585, -192,
    -319, -1573, 175, -2613, -826, -450, -374, 1478,
    513, -940, -204, 1350, -508, -1635, 1828, -1251,
    682, 1657, 293, -76, -567, -532, -498, 620,
    1438, 1174, -367, 1032, 1540, -1388, -1316, -1686,
    -1055, -659, -1174, -69, -250, -310, -211, -697,
    -684, -757, -776, 742, 1388, -780, -557, -97,
    74, 1862, -694, -1076, -524, 434, -909, -647,
    -150, 889, -154, 109, 1384, -884, -611, 706,
    -834, 1329, -224, -1566, 173, -125, 176, -1056,
    -1246, 2930, 59, -335, 127, -529, -1196, 1410,
    -1193, -126, 350, 1918, 102, 1184, 1290, 166,
    1637, 159, -1072, 1154, 846, -131, -1491, 756,
    -358, 531, -2200, -140, -960, -34, -1299, -379,
  },
  {
    -2535, 633, -1196, -661, -160, -798, -1023, 1626,
    1034, -2103, -2207, -37, -1830, -991, 158, 155,
    369, 49, -1266, -1787, 166, -1913, 633, -924,
    -811, -270, 469, 842, 545, -346, -306, -3450,
    257, 1135, -77, -1232, -469, -874, -331, -864,
    -285, -1176, 712, -551, 806, -989, 75, -305,
    -1399, -811, -587, -2162, -1690, -491, -1444, -72,
    -895, -473, 509, -1440, -731, -4, -499, 617,
    2098, 1581, -693, 144, 280, -1622, 1540, 384,
    959, -963, 506, -841, -825, -825, -84, 2032,
    -1549, 131, 144, 1445, -236, -1192, -337, 611,
    641, -1481, -994, -1485, 710, 100, -461, 1391,
    -527, 497, 858, 1773, 16, -2015, 144, -746,
    -994, -1010, -1027, 1779, 639, 336, -142, 192,
    1301, 276, 1356, 451, -880, 324, -1078, -1189,
    -1368, 490, -876, 30, -570, 489, -428, -923,
    475, -420, -821, -518, 260, 583, -427, -71,
    1324, 385, -944, -678, 1136, -876, 415, 75,
    619, 1279, 1627, 1048, 919, 755, -76, 553,
    -172, 1154, 1439, -192, -32, 1196, 693, 422,
    -1169, 678, 326, 258, -1124, 2113, -856, 151,
    369, 1494, 326, 771, 969, 179, 1494, -573,
    -2050, 591, 711, -318, -474, -1079, 504, -72,
    -392, 969, -431, 801, -908, -468, 123, 884,
    -748, -1730, 1520, -933, 62, 880, 969, 595,
    304, -685, -93, 723, -189, 897, -449, -1601,
    932, -1911, -411, 500, 473, 944, 298, -665,
    -758, -1320, -152, 166, 547, -380, 41, 704,
    -549, -298, 194, 324, 1905, -793, -1198, -82,
    -332, 1241, 1109, -991, -483, 1279, -171, 1084,
    62, -136, 1685, 729, 1601, 555, 1234, -839,
    -315, -1056, -404, -572, 1682, 175, 668, 79,
    526, -642, 319, -563, -61, 443, -61, -1477,
    -903, 1744, -992, -993, 1075, 629, 346, -900,
    294, 1160, -257, 595, -15, 2377, -833, -85,
    568, -539, -320, 205, -700, -1739, 1549, 1251,
    -159, -66, -192, -310, -473, -1388, -327, 844,
    485, 735, 56, 874, 1394, -217, -115, 489,
    -947, 1036, 817, -959, 893, 37, 96, -675,
    -1361, -986, -346, -454, 462, -778, -790, -893,
    -550, -1141, 114, 988, 604, -1512, -1490, -839,
    1, 20, 711, -156, -523, -568, -461, 201,
    -1093, 702, 986, -242, -705, 144, -990, 140,
    -501, -482, -314, 315, 1610, -257, -635, -1524,
    -195, -1299, -9, -796, -321, 1178, 1281, 950,
    -1098, -935, 169, -74, 65, 754, -523, 1329,
    892, -104, -1098, -63, 316, 692, -600, 39,
    -732, -72, -762, 17, -472, 251, -417, 112,
  },
  {
    -384, 1172, 853, 1036, -35, -1663, -2164, -2088,
    -25, -1982, -355, -1131, -856, 479, 600, 137,
    -1505, -893, -209, -1056, 1818, 153, -207, -1245,
    -154, 58, 220, 718, -363, 297, 349, -996,
    -645, 422, 1283, 3430, 700, -171, -31, -681,
    239, -1831, -961, 1023, 277, 298, -2127, -370,
    -25, 504, 1359, 342, -41, -74, -476, 238,
    -1117, 593, 721, 327, 1097, 343, 284, 373,
    914, -781, -1000, -660, 215, -910, 2663, -1975,
    -174, 193, -670, 1119, -1350, 1961, -345, 1337,
    -310, 1216, -1254, 455, -359, -535, -307, -524,
    -69, -270, 940, 714, 318, -1123, 985, 244,
    -411, 1173, -425, -218, -696, -377, 493, -177,
    1861, 217, 43, -696, 204, -148, 1070, -92,
    840, 354, 420, 2095, -613, 183, 1392, -803,
    1403, -1085, 2212, -372, 569, 22, -1589, -189,
    -551, -31, 436, 644, 182, 162, -119, 372,
    -2225, -1107, -976, 15, -639, -944, 423, -589,
    -269, 452, -890, -1053, -65, -598, -55, -626,
    -416, -487, -1583, -1230, 380, 47, -2185, 514,
    787, 71, -615, -381, -732, 47, 550, -112,
    268, 62, 144, 57, 170, 574, -176, -419,
    323, -435, -108, 451, -727, -232, -601, -632,
    -331, 698, 151, -1768, -332, -472, 171, 537,
    -17, 91, -246, -359, -505, -93, 1071, 346,
    -899, 806, -1313, -535, -1038, 322, -918, -165,
    -729, -577, 604, 108, -829, 247, 663, -603,
    -830, 131, -221, -63, -518, 424, -588, 142,
    -886, -127, -895, -1248, -604, 1333, 190, 182,
    262, 763, 244, 1133, -419, 1492, -327, -838,
    -305, -218, -660, 664, 876, -195, -910, -415,
    -985, -372, 160, -1048, 394, -32, -465, -410,
    -273, -872, -171, -592, 59, 806, -201, 732,
    724, -380, -1239, 384, 227, -90, 2215, -193,
    1234, 1185, 864, -170, -177, -578, -450, 420,
    -610, -136, 158, -1564, -191, 24, 2450, 113,
    -563, -921, -509, -999, -810, 444, 573, -1375,
    -106, -1031, 858, 959, 85, 878, -626, 474,
    -288, 787, -470, -533, -445, -532, 1376, 541,
    101, 835, 875, -233, 32, 814, 296, -466,
    -335, 269, -964, 634, -561, 274, 830, 1037,
    614, -457, -856, -1017, 865, 750, 239, 457,
    518, -96, 20, 662, 885, -510, 411, -127,
    -847, 534, 715, -475, 198, -159, 264, -120,
    724, 7, 571, -1506, 1709, -981, -927, 80,
    142, 60, 206, 733, -500, 541, -316, -1026,
    582, -416, -1976, 1, -812, 12, -1310, 1292,
    -666, 1450, -444, 494, -238, 982, 300, 1562,
  },
  {
    -1162, 1824, -1584, -672, 14, 987, 877, 208,
    -170, -569, -2247, 130, -530, 21, 189, -1270,
    56, -125, 873, -1806, -814, -283, 1258, 557,
    -662, 1776, -584, 902, -3, -996, 1404, 281,
    -1460, 687, 249, -3052, -50, -230, -1712, 148,
    -837, 913, -32, 1201, -139, -1516, 1071, -1350,
    -2271, 1058, 91, -888, -1393, 205, -571, -1506,
    -232, 419, -485, -727, -154, 1593, -378, 1528,
    1993, 129, -1501, -1538, -1132, -1686, 190, 1818,
    185, -1116, 198, 1435, 1015, -823, -825, 1310,
    -313, 229, -481, 1528, 989, -341, 430, 1406,
    -946, -170, -176, -563, -407, 932, -175, -476,
    -449, -319, -558, 1247, 1728, -1443, -168, -415,
    -2327, -230, -984, 620, 1140, 1248, 416, 652,
    1117, -1, 409, -630, -1341, -742, -1229, 1316,
    -2891, 1482, -2287, 1063, -1511, 3168, 1660, -725,
    511, 1252, -918, -2496, 1103, 487, -474, -1273,
    -2245, -57, 1723, -311, 222, -527, 183, 42,
    881, -36, 4, -316, 431, -327, -1420, -451,
    -482, 1468, 681, -603, -136, 1585, -1051, -931,
    -261, -145, -266, -728, 674, -392, -2669, 454,
    375, 1093, -56, -687, 1764, 1013, 859, -891,
    -174, 1224, 354, -281, 264, -910, -781, -696,
    484, 478, 397, 1464, -689, -37, -1728, 1451,
    546, -921, 315, -995, 787, 1259, 164, -96,
    109, -1634, 722, 346, -337, -828, -706, 710,
    699, -729, 145, 315, 2429, 144, 474, -387,
    858, 39, -976, -906, 1200, -987, -475, 39,
    -278, 177, 1368, -504, 1027, 395, -510, -564,
    -953, 742, 354, -285, -2396, -467, -417, 153,
    518, -221, 1021, 693, 357, 1919, 352, 1752,
    -473, 689, 104, 9, 998, 542, 581, 97,
    -366, -397, 599, 637, -517, -1252, 381, -268,
    -559, -1541, -1214, -274, 593, -1677, 390, 731,
    272, 388, -747, 592, 1013, 200, 740, 361,
    603, -414, -696, -356, -985, 369, 662, 1138,
    1434, 532, -658, -69, 1426, 101, -231, 751,
    1453, 1033, -1762, 166, 801, -1169, -132, 381,
    678, 317, 1615, -1007, -171, 1591, -897, -530,
    -1192, 444, 1054, -1102, 549, -249, 562, 122,
    -350, 660, 799, 1930, -602, -140, -954, -864,
    589, -30, -235, 1072, -664, -737, -830, 723,
    980, -687, 642, -1458, 722, 204, 353, 670,
    -449, -1269, 520, 433, 257, -386, 434, -318,
    -721, 7, 5, 1309, 299, 2066, -606, -448,
    -1189, -88, -1566, 541, 21, 103, 111, 67,
    1283, 138, -923, -221, -696, -1484, -190, 314,
    648, 1, -51, -546, 736, -1097, -713, 859,
  },
  {
    112, -929, 296, 941, -108, -429, -1428, 2035,
    59, 477, 1651, 1414, -1294, -1105, 62, 965,
    -716, -922, -1236, -1270, -342, -453, -142, 164,
    -1766, -564, 496, -226, 108, 37, 2010, -1491,
    449, 1406, -310, 1370, 1702, -773, -141, -656,
    2190, -1034, 55, 2032, -246, -424, -1539, -1596,
    -1740, -104, 370, 1120, 202, 650, -1857, 755,
    -1327, 1569, -2587, -453, 858, 118, -317, 1032,
    2243, 1017, -155, 1135, 70, -925, 1031, 165,
    -1762, -855, 1612, -1019, -123, -56, -376, 460,
    -1179, -719, 403, 1336, 128, -301, -934, -824,
    -2, 47, -1163, -209, 966, -27, -805, 724,
    -2002, 1570, -298, -89, -443, -311, -671, -2054,
    -1095, 836, -1342, 486, 570, -172, -2357, 569,
    127, 2504, 905, -70, 31, -336, 288, 1761,
    -1407, -293, -316, 1336, 704, -1897, 69, -622,
    625, 1082, -631, -235, -104, 348, -630, 512,
    -44, 972, 36, -390, -637, -186, 1696, -367,
    889, 837, 1436, -473, 1776, 862, -154, 497,
    -108, 864, 1486, 813, 265, 1015, 816, 1552,
    -193, 188, -67, 163, -174, 1244, -650, 555,
    -451, 468, 690, 357, 866, -889, 576, 1014,
    666, 880, 183, -266, -165, 1626, -225, 1226,
    88, -564, 433, 1651, -30, 672, 1239, 69,
    -1315, -844, -127, 727, 839, 515, 725, -124,
    900, 1, 1079, -797, 154, -227, 311, 718,
    545, 73, -566, -68, 2147, 1851, 400, 97,
    106, -867, 558, 475, 1282, -894, -62, -64,
    167, -42, 239, 1723, 1393, 372, -754, -1027,
    623, 864, 233, -1262, 586, 1795, 238, -298,
    201, 9, 2094, 309, 640, 1227, 1772, 937,
    -154, 498, -38, -386, 1991, -721, 445, -978,
    -171, 325, -421, -61, -318, -194, 173, 926,
    911, 1233, -936, 496, 1528, 222, 318, 633,
    979, 204, -208, -103, 151, 1114, -865, 406,
    1171, -204, 168, 550, -140, 683, 2964, 626,
    163, 489, -1153, 589, -696, -20, -561, -155,
    239, 208, -361, 146, -45, 718, -505, -406,
    408, -1131, 1331, -324, -609, 656, -95, 13,
    -87, -524, 1532, -341, 405, -530, -1171, 299,
    37, 877, 518, 161, -787, -193, -2015, -1161,
    -401, -1387, 196, -2982, 68, -613, 153, -58,
    -871, 321, 469, 835, -244, -1, -82, -634,
    856, -1203, 1480, 1018, 2541, 1345, -398, -57,
    890, -87, 1209, 171, 774, -597, 23, -1008,
    264, -3, -92, -839, -1355, 359, -2366, -424,
    49, 1966, -792, 129, 1771, 715, -37, -654,
    1307, -110, 205, 1782, 275, -1014, 87, 1422,
  },
  {
    1077, 1503, 1586, 329, 768, 1303, 395, -727,
    -588, 1238, 1708, 471, -652, 418, 1960, -235,
    -663, 1127, -1056, 799, -287, -691, -214, -967,
    49, 1154, -899, 149, -96, -84, 709, 1586,
    380, -1291, -1317, 795, 969, 532, -109, 957,
    1167, -546, 285, 1025, -33, -2, -405, 1112,
    -367, 333, 764, 1018, 666, 427, -50, -876,
    -606, 2232, 453, 939, 1375, -90, 1007, 117,
    1852, -938, 617, 900, 898, 299, -319, 672,
    -201, 1966, -138, -625, -247, -809, -341, 243,
    -377, 202, -315, 97, -323, 582, 565, -244,
    840, 1235, 168, 528, 508, 743, 1687, 541,
    760, 72, 2110, -749, -351, 837, -1208, 814,
    48, 527, 800, -690, 855, -98, -187, 908,
    -2681, 822, -977, 65, 269, -230, 793, -585,
    1125, 1050, 1053, -279, 852, 1105, 1133, 185,
    -660, -760, -84, -356, 1738, 70, -14, 798,
    137, -733, -276, -558, -752, -326, -406, -1317,
    425, 105, -2784, 465, -685, -66, -1143, -543,
    139, -73, -1355, -1047, 634, 635, -437, -83,
    673, 866, -180, -416, 505, 198, 152, 1450,
    -671, -1079, 173, -694, -793, 143, -450, 533,
    -2193, -822, 528, -328, -1220, -1123, 129, -352,
    811, -167, 844, -1040, -636, -764, 1186, -423,
    884, -1100, -614, 50, -840, -1645, 597, 104,
    -1537, -29, 24, -799, 412, -270, -429, -1365,
    -1270, -387, -119, -90, 303, -38, -1080, 564,
    1230, 1445, -1136, 716, -604, 351, -177, -381,
    -1505, 428, -1329, -857, -840, -231, -463, -1029,
    -143, 1092, 547, -457, 407, -1712, 268, 595,
    -668, 2123, 65, -980, 666, 167, 1228, -687,
    382, -895, -81, -744, -84, -291, 688, 65,
    -150, 239, 95, 254, -761, 774, -255, 345,
    1144, 477, 1863, 371, 1068, -333, -867, 333,
    389, -326, -1034, -316, 838, -817, 593, 514,
    209, 511, -282, 282, 173, -213, -403, 342,
    -1009, -507, -155, 564, -657, 1591, 435, 7,
    348, -115, 469, -394, -21, -174, -285, -459,
    -66, -320, -1021, 336, 390, 178, -635, 64,
    -376, 136, 234, 389, -546, 934, -40, -659,
    622, 67, 865, 177, 654, 250, -1424, -518,
    1096, -1106, 281, -1597, 1, 503, -34, 218,
    590, 641, -869, -535, 191, -1313, 235, 303,
    874, -730, 356, 896, -58, -465, 677, 735,
    98, -897, 443, -75, 745, -142, 414, -130,
    955, 436, 208, -673, -748, -1250, -779, -138,
    -398, -402, 383, 1572, -1564, -630, -882, -391,
    186, 585, 439, 1080, 473, -250, 884, 967,
  },
  {
    1005, -67, 96, 1341, 861, 351, 1091, -45,
    -592, 2153, 857, 1685, -571, -1571, 803, -956,
    -246, 1054, -339, 336, 168, 361, 467, -802,
    1809, -640, -521, 911, 1342, -44, -1949, 1229,
    797, -291, -730, -1061, 278, -52, 494, 542,
    1267, -1285, 502, 1254, -121, 1191, -653, -604,
    1508, -605, -210, 618, 713, -324, 505, -120,
    -890, -417, 631, -695, -508, -913, 1300, -1379,
    24, 490, 536, -1404, 990, 290, -283, 884,
    -469, 676, 687, -480, -798, -621, 77, 105,
    1882, 247, 34, -55, 1769, 332, 542, 356,
    732, -1646, -312, 629, -537, -1134, 112, 471,
    405, -109, 286, -952, -1022, 1458, 264, 468,
    1074, -102, 160, -78, 1332, -1072, -343, 601,
    -973, 146, -550, 790, 2184, 442, -742, -774,
    673, 275, 767, -1017, -541, -746, 397, -577,
    -464, -254, -95, 136, -464, -388, 111, -726,
    -142, -314, -65, -1295, 496, -178, 172, 273,
    -307, -555, -1695, -683, -849, 1679, 568, 204,
    1160, -718, -607, 440, 958, -1917, 90, 2196,
    -563, 581, -575, -769, 1849, 152, -478, -200,
    -383, -1160, -210, -977, 171, -2406, -540, 1055,
    -824, -304, -1154, -282, -346, 584, 1015, -516,
    183, -1283, -374, 262, -170, 748, 945, -999,
    135, 720, -491, 282, -131, -663, -1122, 1625,
    170, 492, 306, 7, 28, 421, 1391, 874,
    -885, 116, -659, 153, -149, -1330, -353, -1709,
    495, 488, 225, 1956, -1264, -960, 339, -1754,
    551, 476, -348, -1425, -321, 191, 1246, -204,
    42, -758, -214, -1182, -116, 1831, 73, 705,
    -1928, 463, 300, -1528, -483, -492, 1041, -232,
    -143, -853, -79, -278, 20, -297, 783, -123,
    748, 1246, 755, -253, 2031, -1030, 7, 1035,
    -918, -130, -199, -225, 1227, 797, -1069, -280,
    -299, -954, -488, 1169, 82, 523, 490, 1051,
    491, -653, -571, 1026, 1026, 1028, -1260, 732,
    1090, -152, -247, 381, 559, -452, 346, 82,
    -588, 1239, -49, 765, -858, -1245, 560, -785,
    1677, -914, -1843, 947, 228, 337, 8, 271,
    180, -1927, -654, 1618, 98, -632, 208, 1026,
    1204, 44, -620, -870, 1411, 845, 1040, 1587,
    -402, -290, 158, -1084, -1066, -584, 428, 630,
    610, 104, 964, 290, -217, 233, 594, -1538,
    566, -491, 805, -677, -958, -460, 1237, 643,
    1045, -92, -388, 643, -515, -629, 45, -530,
    1427, -354, -468, -316, -1155, 34, 1063, 531,
    -447, 333, 642, -344, -174, 475, -833, 59,
    -270, -92, 456, -1384, -2117, -31, -561, -247,
  },
  {
    152, 961, -873, 606, -3589, -346, -139, -1065,
    1030, -655, -674, 183, 169, 348, -540, 759,
    328, -106, 1144, 329, -1025, 610, 180, -283,
    1150, -217, 1116, 644, -1609, 427, -986, -633,
    1006, 1811, 641, -2396, -2292, 1010, 786, 1314,
    1785, 253, 85, -438, -330, 999, 1863, 1443,
    1833, 104, 397, -32, -315, -1547, 365, 375,
    -1482, -2143, -653, 464, 621, -675, 243, 1407,
    -1582, -906, -63, -1579, -805, -584, -1084, -283,
    -1165, 326, -24, 25, 57, 180, 1849, -67,
    -64, -1914, -204, 603, 1537, -410, 969, -841,
    -411, -243, 421, -654, -822, -407, 87, 1766,
    259, -832, -64, 2568, 248, 177, -802, 991,
    -512, -340, -357, -330, -1190, -1079, -832, -2223,
    189, -916, -104, -482, 415, 1724, -3114, 439,
    -128, 330, -91, 1015, 542, 364, 866, -2674,
    882, -1072, 150, -1651, 1750, -2, 563, -187,
    299, -378, -756, 183, 958, 261, -848, -633,
    89, -66, -17, 1158, 307, -10, 39, -1824,
    1979, -214, -47, 785, 40, -556, -1529, -2156,
    -255, 233, -139, -527, -1276, -144, 1726, 1812,
    1222, -852, 870, -1575, 212, -291, -1511, -758,
    -68, -200, 378, 282, 2358, 172, -1731, 1019,
    235, -252, 1049, -427, 972, 1524, -1765, 1088,
    2086, -93, 652, -302, 427, -311, 961, -183,
    722, 2068, 1376, 181, 379, -694, -1098, -947,
    -1025, 895, -1753, -988, -1405, -755, -200, -473,
    1443, -272, -866, 1173, -240, 66, 900, -224,
    908, 1014, 564, -484, -513, 404, -341, -195,
    -144, -913, 763, -106, -763, -337, -1671, 514,
    -267, -196, -174, -529, -330, -1660, -58, 686,
    905, -1208, 905, -740, -690, -130, -438, -1307,
    158, 575, -229, -822, 128, 556, 1215, 160,
    30, -712, -1729, 122, -156, 624, -1694, 258,
    -1280, 246, 249, -265, -382, -1583, -774, -211,
    377, 185, 412, -323, 562, -822, -823, 1080,
    1476, -1768, -915, -5, 1779, -178, -1374, -1387,
    -581, 144, -898, 2262, 149, 1107, 712, -268,
    296, 244, 1316, 841, 115, 17, -414, -672,
    55, 739, 2824, 891, -1024, -202, -2662, -392,
    -17, 1815, 744, 762, 514, 1094, 805, 415,
    -210, -158, -55, -972, -1482, -449, 782, 1854,
    540, -1323, 560, -626, 287, 660, 341, -68,
    -1693, -2639, 221, -182, -732, -694, -404, 388,
    0, -402, -368, -856, -182, 2093, -130, -886,
    -57, 1491, -1825, 509, 1517, 702, 1217, -420,
    245, 196, 343, -506, 325, -913, -832, -14,
    855, 699, -364, -2423, 213, -466, -157, -2469,
  },
  {
    659, -1355, 1835, 25, 336, -765, -155, 521,
    333, 223, -1810, -759, -448, 1628, 1879, 417,
    -276, -91, -1052, 544, 1556, 720, -152, 170,
    -782, -480, -693, -1661, 1076, 2374, 781, 1667,
    1654, -1982, -705, -56, 612, -250, -290, -716,
    190, 846, 3187, -759, -786, 672, -232, -118,
    562, 1793, 207, -1563, 1144, -1384, -42, 1709,
    433, 845, 1440, -640, 65, 894, 559, -943,
    9, -357, -592, 1134, 1032, 2081, 69, -52,
    -1428, 1461, -877, -156, -383, 2110, -57, 2058,
    -393, 213, -679, 1902, -382, -1136, -1439, 1073,
    1152, 1510, 1874, -1628, 604, 26, 859, 339,
    908, -69, 333, 357, -791, -492, 865, 1126,
    1225, 634, 343, -636, -234, 2, -586, -609,
    -1689, 217, -163, 1410, 1889, 868, 778, -603,
    536, -393, 879, 385, 277, -810, 898, -1571,
    923, -1737, 320, -35, -384, -1799, 1221, -866,
    1190, 2436, -169, -938, 897, -727, -881, -97,
    -254, 889, -220, -919, 325, -412, 927, 612,
    70, -1919, -408, -2346, 668, -280, -672, 491,
    59, -183, -1393, 252, 765, -776, 569, -1304,
    701, -674, 1603, 421, -1362, 974, -82, -2456,
    473, -402, 1422, 145, -521, 866, -427, -268,
    -511, 1215, -132, 770, 265, 262, -98, 521,
    124, -1287, -1298, -599, 694, 1209, -734, 940,
    -2188, 155, -1020, -764, 761, -1066, 991, -1791,
    -1029, -1358, 603, -672, 387, -316, 60, 1256,
    833, 549, 1655, -623, 487, -328, -2104, -351,
    150, -432, 65, -3479, 248, -482, -558, 7,
    -637, 650, 301, 31, -818, -564, -613, 1037,
    115, -556, 213, 1154, 774, -1243, 1113, -202,
    290, 667, -233, -909, -322, -1789, 1549, -30,
    -241, 278, -536, 252, -460, -1708, -36, 3583,
    7, -843, 507, -941, -155, 475, 1989, 1681,
    -801, 460, -1321, 1378, 386, -855, 358, -1372,
    922, -121, -776, -220, 1233, -231, 370, 1877,
    1459, -257, -328, -1158, -295, -1425, 276, -1009,
    -72, 486, -1650, 318, 207, -236, -607, -302,
    -1162, -314, 664, 813, 1255, 1309, -1918, -432,
    285, 839, 1610, -124, -1491, 724, -1261, 491,
    -966, -637, -412, 6, 1199, -185, 1638, 525,
    -402, -306, -1087, -356, -645, 855, -339, -1305,
    369, 524, 932, -1128, -2164, 121, 908, 1791,
    -60, -1424, -222, -137, 1318, -1246, 1241, -752,
    -1319, 861, 1475, 364, -503, -937, -907, 1850,
    1400, 1002, -615, -68, -634, -834, 1808, -1444,
    902, -594, 228, -894, -603, -778, -117, 403,
    1752, 1352, -1178, -1092, -186, 596, -795, -1157,
  },
  {
    775, 836, -1178, 1057, 1184, 2016, 957, 287,
    -875, 1916, 935, 1927, 509, -686, -31, 30,
    -343, -480, -608, 679, -455, -991, -712, -308,
    1311, 1192, -315, 1576, -223, -1969, -552, 1046,
    1835, -612, -1556, -520, 1219, 707, -148, 570,
    1494, 706, 914, 654, 48, 1486, -592, 147,
    170, 257, 1351, 1039, 559, 1125, 7, -535,
    -325, 207, 297, 709, 1354, 775, 1411, -510,
    46, 942, 58, -1517, 1302, -392, -947, 625,
    1145, 1025, 625, -644, 283, 124, 126, 591,
    -1036, 308, 1637, -758, 618, -50, 1616, -51,
    949, 276, -203, 1489, -153, 2247, 1451, 184,
    376, 252, 848, -786, -220, 1099, -1015, 77,
    1128, -165, -208, -432, 376, 230, -220, 405,
    -231, -63, -531, 158, 902, 1768, -194, -105,
    2111, 773, 483, 1974, 1586, -33, 2087, 1557,
    -248, 659, 376, 332, -1248, -231, 1777, 1205,
    -543, -557, 444, -837, 828, 532, 762, -1350,
    -1, -1601, -1785, -661, -799, 1978, -1126, -1257,
    1081, 245, 359, 675, 802, -602, -895, 306,
    298, 306, 218, 538, 584, -1638, 804, -408,
    -246, -738, 633, -400, 142, -181, -808, 35,
    138, -877, -1656, -1119, -533, -474, -63, -475,
    149, -659, -331, -160, -243, -318, 598, -546,
    -921, -502, -1009, -362, 690, -739, -300, 576,
    -494, 1252, 62, -215, 906, -695, 177, 1101,
    -384, -602, 566, -948, -213, -661, -953, -588,
    -51, -827, 423, 833, 90, 54, -646, -1699,
    292, 545, 414, -1557, 494, 112, -524, -271,
    847, -968, -291, -866, 42, -260, -104, 1679,
    -185, 1137, 1, -510, -822, 826, 41, -863,
    -456, -450, -571, -9, -202, -340, 323, 1347,
    251, 864, 26, 1111, 160, -805, -13, 1320,
    95, 1523, 1512, 859, 445, 801, -171, -743,
    286, -963, -443, 977, 590, -61, 700, -199,
    0, -74, -1259, -305, 2358, -392, -359, 86,
    346, -371, 198, -19, -234, 728, -544, -54,
    -15, 629, 387, -1088, -96, -284, 42, 44,
    507, -227, 450, 1112, 215, 96, -150, -439,
    -1066, -37, -1169, 789, -1396, 1191, -244, -190,
    1798, -49, -45, 162, 296, 1, -85, 1452,
    637, -385, 8, -1801, 58, 582, -426, 416,
    -669, 135, 799, 1342, 248, 225, -619, -847,
    351, 390, -468, -1521, -565, -270, -330, -557,
    745, 1109, -198, 1090, -792, -456, -1063, -1733,
    497, 732, -659, 474, 106, -1241, -1185, -511,
    387, 804, 355, 542, -456, 1142, 241, 750,
    -741, 522, 9, 44, -664, 242, 66, -60,
  },
  {
    730, -1135, 194, 598, -1141, 40, -263, 1938,
    1802, 1457, 1348, 1577, 244, 853, -1690, 200,
    343, -776, 1011, -1613, -309, -1034, -2549, -1684,
    -668, -712, -221, 1411, 814, 137, -3008, 905,
    959, 2441, 1183, -969, 283, -1096, 263, -983,
    -1133, -673, 1141, -1447, 450, 241, 95, 732,
    29, 542, -98, 847, 201, -1262, -756, 934,
    585, -855, 1367, 320, -1132, 171, -1284, 768,
    28, -265, -1200, -284, -675, 179, 803, -99,
    700, 314, 223, -1813, 1158, -421, 1477, -938,
    -1765, -1005, 3070, 737, 665, -570, 641, 1123,
    419, -22, 246, 1637, -1043, 199, -3169, 857,
    -734, 363, -944, -1143, -406, 431, -539, -60,
    271, -700, -521, 203, 359, -69, -1438, -1425,
    -1424, -204, -305, 685, -843, 510, -1554, 479,
    1480, 509, -573, 1875, 62, -818, -491, 338,
    740, 1434, 976, 1505, 907, 1021, -181, 215,
    824, 721, -403, -179, 624, 701, 810, -808,
    24, -722, 573, 62, 951, -1277, 142, -204,
    -1046, -74, 1015, 1131, 537, 247, 871, -174,
    1714, 913, 337, 1841, -515, -106, 1474, 859,
    1227, -154, -395, -121, 121, -356, 2005, 1326,
    705, 343, -1119, -270, 752, 1313, -549, 1771,
    736, 450, 62, 1270, 69, 857, 305, -947,
    -2098, 1071, 841, 346, 546, -673, -240, -888,
    1132, 508, 638, 660, 1089, 847, 1142, 698,
    -12, -61, 2, 18, -627, 678, -547, 1154,
    -632, 773, 79, -375, 137, -741, 250, -393,
    1086, -730, 254, -111, 764, -129, 484, 1146,
    582, -391, 1074, -1356, 2827, 100, -112, -171,
    -1797, -84, -66, 554, -172, -1320, 555, 121,
    919, -955, -374, 634, -950, 188, -333, 1752,
    368, 317, -1771, -56, 3055, -202, -340, 113,
    1457, 2561, -180, 238, -565, -321, -900, 113,
    505, -292, 298, -79, 564, 106, -429, 972,
    -1446, 129, -926, -263, 233, -464, -1388, 502,
    -505, -623, -559, 340, 634, -175, 362, 102,
    -470, 452, 1986, -243, -86, -89, 34, 203,
    95, -1202, -1262, 296, 1377, -250, 828, -57,
    1576, 242, 337, 325, -95, 226, 1926, -622,
    -106, 672, -1104, -521, 1150, 816, -367, 867,
    -575, -799, 727, -914, 1068, -652, 523, 466,
    -292, 731, -134, 500, 373, 383, -1019, -649,
    403, 954, 527, -639, 382, -313, -710, 895,
    1936, -1333, -9, 635, -144, -658, -964, -1491,
    -303, 1075, -1325, -207, -25, -924, 912, -1040,
    98, 969, 387, 573, -254, 62, -38, -947,
    -244, -200, -106, -842, -876, -805, -752, -517,
  },
  {
    -1848, 1903, -1114, 3, -526, -565, -1880, -675,
    264, -2815, -1529, -1615, -135, 548, 87, -1271,
    -49, -747, -441, 24, 1113, 151, 919, -184,
    -1513, 1752, 416, -245, -706, -452, 2110, 515,
    -962, 631, 1729, 46, 483, -626, -1407, 302,
    -339, -325, -148, 1889, -194, -1697, -1067, -1808,
    -134, 1206, 109, -1856, -1693, -285, -120, -1275,
    1040, -1521, 903, -249, -664, 1823, -1051, 3573,
    562, -2045, -1402, -525, -344, -1718, 1700, -532,
    -1026, -92, -672, 1644, -10, -84, -35, 217,
    -454, -213, -1021, 116, -34, -1081, 744, -898,
    -1324, -2023, 802, 1451, -31, 203, 302, -279,
    -2006, -1009, 564, 1729, 1532, -3841, -301, -1247,
    251, -924, -308, 251, 481, 853, 1729, 1535,
    779, -38, 2305, 1431, -853, -1171, -525, -1387,
    -946, 2654, -1308, -247, -963, 1540, -118, -16,
    -469, 1007, -135, -1850, 185, -516, -212, 961,
    -1648, -960, -1927, -246, 50, -974, 982, 803,
    -1398, 916, 584, -650, 818, -1315, -704, -347,
    -112, -755, 688, -2049, -678, 1598, -1631, 61,
    311, 383, 1116, -2385, -1414, -874, -874, 1259,
    314, -604, 143, 76, -318, -565, -1781, 189,
    528, 612, 1473, 358, 1899, 25, -3, -557,
    523, 1218, -400, -1594, -549, -137, -749, 1086,
    411, -276, 974, -53, -457, 560, 2194, -19,
    -790, -1019, -734, -1079, -6, -920, -847, 819,
    394, -371, 424, 944, -836, 363, 1406, 494,
    -439, -572, -122, -927, 671, -222, 430, -535,
    -1533, 448, 741, -1064, -344, 697, 730, -659,
    -961, -228, -45, 779, -1795, -680, -1157, 124,
    -105, -414, 345, 487, 1075, 1166, -1516, 1599,
    421, 448, 1122, -1075, 286, 1035, -466, -436,
    -530, -404, -454, -714, -551, 509, 635, -359,
    -114, -660, 371, 293, 629, -511, 682, 340,
    1835, 1768, -508, -1101, 477, -560, -91, -256,
    -607, -621, 576, -1007, -314, -972, 608, -443,
    -238, -1092, 982, 150, -497, -162, 158, 36,
    1413, -1069, -921, 1278, 420, 219, -191, 18,
    300, 807, 224, -979, -199, 1276, -282, -507,
    124, 875, 392, -1149, -53, -167, -1345, 408,
    197, -443, -90, 584, -889, -1191, 404, 250,
    436, 610, -500, 48, 75, 445, -942, 598,
    1183, -645, 278, -411, 2172, 780, 929, 1343,
    598, -363, 1116, 408, 516, -610, 394, -79,
    -487, -793, 166, -769, 974, 649, -801, 877,
    -706, -845, 1536, 71, 744, -160, 993, 618,
    969, 77, -824, -365, -178, -1684, -369, 1322,
    481, -443, -800, -721, 986, 1352, -135, -153,
  },
  {
    666, -375, 1307, -1220, 348, -1306, -342, -524,
    -419, 420, -197, -352, 444, 638, 264, -2381,
    205, 568, 511, -324, 1175, 490, 1480, -457,
    -1818, -721, 132, -32, 515, 617, -897, -78,
    -1964, -582, 1971, -766, -212, -858, 288, -1314,
    -956, -1737, -658, -573, -17, 912, 1251, -1494,
    397, -392, -259, -1242, 11, -700, -423, 570,
    1476, -2006, 419, -1334, -49, 697, -1542, 1313,
    -747, -370, -789, 1070, -1388, 1150, 1559, -168,
    147, -61, -1043, 203, 308, -76, -25, -567,
    71, -521, -983, 950, -1219, 254, -323, 124,
    1245, -605, -626, -1405, 960, 445, -1326, -630,
    380, 354, -809, 2650, -1090, 276, -113, -348,
    -871, -380, -523, 30, -489, 211, 123, 9,
    619, 1169, 592, 862, -249, -1344, -301, -1460,
    -508, 588, -191, -3305, -2856, -134, -173, -1,
    -435, 1259, -310, 333, 124, -49, -1009, -386,
    489, 1345, -797, -448, 24, -71, -309, 21,
    149, -76, 42, -158, 359, -125, 325, 164,
    1503, 805, 545, 898, 561, 507, 23, 373,
    -675, -183, 323, -321, 139, 639, 88, 380,
    -525, 1331, -1112, 272, 857, 1303, 1582, 960,
    1538, 460, 764, 2168, 176, -184, -431, 321,
    251, 826, 270, 552, -821, -488, -777, 538,
    458, 431, 906, 471, -841, 905, 885, -285,
    723, 256, -474, -498, 677, 52, 677, 199,
    917, -1000, 60, 650, -278, 206, 1305, 744,
    -555, -86, -434, -519, 353, -233, -1228, 766,
    -666, -1071, -240, 502, -751, 1501, -151, 865,
    13, 575, -118, 211, 20, -90, -205, 691,
    -312, 155, -503, -58, 950, -301, -116, -783,
    -968, 594, 997, 157, 1016, 1113, -369, -21,
    258, -2030, 338, -363, -6, 716, -190, 58,
    -1245, 966, 277, -382, 613, -716, 2003, 525,
    643, 839, 624, -312, -1102, -584, 548, 150,
    667, 937, -753, -300, -239, -1644, -741, -182,
    -954, 124, 354, -434, 14, -604, 545, 164,
    1174, 1032, -421, -86, 296, 544, 714, 805,
    217, 417, 1110, -1140, -133, 295, 597, -1136,
    815, -1088, -1562, -954, 150, -76, 780, -1475,
    207, 1236, -937, -143, 31, -499, 65, -197,
    -1309, -347, 274, 1696, -144, -494, -433, -2118,
    -652, -364, -232, -548, 989, 603, -491, 320,
    -1004, 712, -297, -537, -1595, 290, 371, -230,
    1017, 1215, -732, 789, 771, 316, -797, 883,
    1403, -1692, 405, 661, 69, 415, 475, 889,
    2191, -255, -706, 1227, -1181, -1776, 798, 912,
    -733, -387, -202, 318, 213, 43, -50, -406,
  },
  {
    506, 203, 1327, -952, -539, -747, 750, -1487,
    -297, 1205, -269, 677, 148, 747, -977, -449,
    8, 1832, 151, 1310, 2209, -1478, -250, -578,
    265, -1136, -1305, 517, 2190, 1711, -2633, 133,
    772, -378, 232, -804, -577, 1444, 1156, 1032,
    -306, 271, 1175, -1029, 1002, 589, 67, -610,
    -102, -1763, -459, -603, 1154, -991, 4, 972,
    -47, -105, 1651, 587, -693, 794, 1103, -1274,
    -635, 532, -1012, 1969, -116, -493, 969, -385,
    447, 1867, -1830, -135, 154, 759, 117, 912,
    -1115, 535, -117, -992, 323, -1727, 826, -672,
    1456, 2470, 1970, -345, -930, 703, 1390, 546,
    1471, -427, 1560, 1190, 228, 1219, 809, 810,
    1612, 312, 742, -1043, 1380, 1219, 139, 182,
    -38, -627, -224, -684, 749, 573, 489, -1258,
    1063, 755, 2053, 390, -450, 424, 373, 2610,
    -1325, -323, 1278, 208, -760, -212, 289, -868,
    341, 213, -1115, 69, 1628, -1033, 472, 203,
    -281, -11, -1262, -548, -928, 1631, 298, -854,
    1115, -760, -1987, -606, 859, -801, -652, -391,
    274, 616, 108, -415, -974, -167, 379, -110,
    1104, -724, 227, -1742, 760, -1019, -1452, -1772,
    -1711, -374, -414, -425, -1052, -2537, 350, -2246,
    -15, -551, -626, 78, 380, -69, 1497, -406,
    -565, 693, -1612, 251, -799, -137, 228, -249,
    -1273, -831, -789, 316, -507, 653, -888, -361,
    -836, -1407, -867, -128, -656, -393, -2279, 219,
    -968, -216, -290, 681, -1467, 1316, -1320, -278,
    -1773, -1526, -357, -1673, -2436, -460, -211, 1936,
    1666, 1033, 709, -124, 358, 774, 835, 274,
    990, -569, -1464, 927, 276, 107, 288, -2997,
    -582, -1450, -787, -1024, -306, 61, -1160, 37,
    135, 394, 1244, -686, -1452, -287, -199, 1946,
    142, -590, 86, -391, -831, -487, 1285, 204,
    775, -112, -343, 427, -582, -475, -679, -245,
    -1148, 277, -175, -154, 2123, -697, -808, 108,
    -773, -419, 1101, -1448, -423, 479, 664, 538,
    149, 281, 81, -769, 2122, -324, -199, -1369,
    -873, -197, 1626, 1513, 719, -1027, -435, -338,
    1490, 1871, -1347, -368, -674, -495, 6, -660,
    -332, -2039, -858, -233, 790, 701, 400, 1350,
    20, 77, 762, 2882, 236, 940, -500, -1230,
    -686, 559, 945, -103, -515, -483, -493, 443,
    -353, 143, -1371, 100, 1027, -2265, 1400, -217,
    -774, -295, 1358, -469, 351, 312, 144, 739,
    884, -956, -98, 235, -998, -1025, 1175, 1315,
    1810, -105, -410, 1577, -19, -349, 349, 1118,
    -1011, -746, 224, 378, -255, 1340, 1308, -350,
  },
  {
    1587, -1556, -251, 194, 1326, 741, 949, 1608,
    -446, 1278, -97, 786, -784, 2523, -655, -762,
    425, 548, 646, 412, -271, 743, 188, 471,
    -1099, -204, 128, -1900, -639, 463, -807, -331,
    -710, 2046, 762, -284, 398, 69, 979, 258,
    710, -364, 448, 1995, -384, -1856, 783, -695,
    -41, -1003, -422, 1499, 1498, 691, 313, -971,
    97, 508, 1119, 1463, 574, 86, -1363, -112,
    -111, -165, 150, 1812, -357, -91, -1216, 432,
    -922, -1496, -430, -382, 2202, -2567, 146, -95,
    1337, 1350, -1389, 1153, 706, 88, 285, -1220,
    -1621, 530, -2021, 1154, -686, -366, -733, -300,
    -481, 820, -191, -637, 1301, 2467, 1205, 317,
    -125, -1826, 809, -530, 1233, -378, -422, 680,
    -1419, -204, 313, -1732, -430, -321, 101, 354,
    -1336, -52, -56, 1539, -1348, -957, -1449, -1247,
    12, -260, -1354, -426, -297, 1102, 550, -1049,
    -143, 80, 379, 265, -566, 464, -582, 480,
    -558, -1765, 1156, -845, 207, 429, 1456, 389,
    1215, -1258, 2166, 640, 464, -1099, 865, -370,
    457, -722, -125, 51, -1145, 795, -188, -515,
    -142, -507, -586, -1322, -840, 281, 877, 518,
    -979, -340, -38, -239, 1263, 1197, -526, -827,
    -1098, -2188, 397, 326, -794, -1015, -1806, -902,
    -984, 1130, 1593, 1662, 243, 943, -2127, -549,
    -18, -276, 1371, -531, -1503, 1491, 437, -29,
    248, 1688, -1270, -277, 1156, 1535, 953, -246,
    701, 236, -1420, 385, -2056, -17, 847, 15,
    1181, 1218, 1242, 1802, -709, 464, 259, 33,
    1141, 652, -338, -745, -436, -1198, -597, -2235,
    1150, -1720, 674, -1050, 1016, -820, -408, -410,
    -205, -1615, 526, 513, 510, -866, 999, -328,
    -41, 502, 438, -47, -1163, 938, 118, -117,
    -899, -119, -269, -375, -1369, -898, -1524, -89,
    -618, 889, -268, 1008, 597, 532, 509, -107,
    -544, 224, -503, 71, -2755, 1914, -237, 71,
    332, 639, 120, -434, 91, -888, 644, -2,
    -56, -376, -240, 93, -203, -546, -171, 122,
    673, -559, -390, -317, -565, 395, -489, 179,
    -627, -1308, -456, 653, 846, -1801, -1077, 260,
    -151, 607, -121, -2203, -866, 679, 884, -1032,
    -835, 545, -476, -753, 70, -433, 64, 1816,
    -813, -462, -731, -447, 566, 102, -194, -799,
    96, 798, 1809, 1598, -723, 1092, 164, -47,
    -153, 39, -174, 260, -844, 720, 107, 73,
    -181, 442, -494, -572, -725, 1393, -327, 369,
    -1262, 543, -1392, 71, 456, 1559, -804, -1672,
    1339, -1103, -820, 630, -59, -676, -383, 775,
  },
  {
    -1190, -1836, 554, 787, -941, -1995, 667, -584,
    1231, 282, -257, -245, -62, 642, 132, -260,
    258, -593, -267, -1525, -374, -232, -1234, -698,
    -542, -322, 265, -2375, -822, 626, 1037, -202,
    7, -635, 673, 886, -1845, 234, -724, -2243,
    -399, 148, 1751, -1422, -437, 454, 25, -93,
    873, 676, -520, -1179, -426, -1630, -500, 1351,
    361, -710, -887, -733, -232, -692, -526, 47,
    -744, -1239, -29, 2087, -67, -943, 960, -803,
    -700, -121, -1273, 450, 412, 922, -38, -1150,
    1478, 51, -263, 25, -218, -930, -450, 225,
    726, -1302, -105, -1220, -8, -972, 365, -1119,
    -899, -247, 24, 120, 75, -1420, -876, -178,
    -2032, 1061, 120, -1102, -1160, -631, 964, -241,
    455, 33, 1500, 177, 208, -455, 242, -771,
    1429, -1977, -1166, -1770, -931, 182, 375, -533,
    224, 244, -141, -300, 615, -1600, 139, 455,
    1106, 548, 94, 1139, 180, 587, -193, 141,
    -936, -419, -138, -861, -165, -1691, -1068, -411,
    -356, -502, 557, -319, 663, 1120, 272, -419,
    876, -132, -1344, 719, -733, -2228, 560, -1088,
    -1357, 482, -1427, 13, 656, -396, 578, -250,
    54, 203, -705, 1204, -619, 761, 1075, 520,
    -400, -55, 502, 587, 263, 687, -922, -367,
    371, -250, -128, -848, -182, 227, 681, 999,
    3, 625, 257, 25, -1049, 11, 2204, 272,
    325, 430, 289, -1349, 13, -735, 993, -306,
    -118, -995, 131, -4, -538, -569, 171, 189,
    131, -1058, 331, -196, -486, -568, 984, 202,
    -1078, -704, -173, 528, 895, 1, 552, -133,
    46, -892, -100, 15, -44, -791, -1361, 218,
    1714, 668, 2097, 763, -133, 95, 35, 466,
    166, -388, 209, -336, 769, -282, 523, 604,
    409, -456, -522, 4, -143, -485, 428, -796,
    -1024, 1187, 1095, -64, 15, -680, -852, 331,
    -218, -216, 955, -954, 158, -1219, -43, 441,
    404, -37, -347, -935, -398, 11, -10, -441,
    984, -673, -1281, 1249, -877, 532, -180, 676,
    -114, -42, -705, 348, 1042, -579, 463, -438,
    1709, -1021, 18, -595, 1407, 328, 287, -1464,
    -1498, -890, 630, -51, 1568, -1049, 45, -219,
    237, 243, -733, 678, 585, -627, 279, -1815,
    646, 205, 398, -1119, -60, -898, 286, 98,
    -213, 763, 34, -822, 312, -693, 380, 533,
    75, -104, 326, -206, 400, -455, -159, 1288,
    -391, -148, 638, 195, -383, -231, 930, 547,
    181, -283, 331, -519, -340, -788, -37, 441,
    1147, 383, -1482, -1681, -1364, 788, -1367, 603,
  },
  {
    264, -1262, 534, 165, -1611, -1936, 1084, 401,
    1044, 1657, -716, 553, -1588, 195, -1727, 1165,
    380, 62, -47, -1386, 794, -792, -1198, 1717,
    449, -146, 757, -1194, 1505, 1960, -1803, 246,
    1239, 110, 826, -1061, 659, 1335, 386, -922,
    -625, 183, 2134, -931, 1343, 1539, -308, 6,
    2848, 410, 795, -741, 2148, -1889, 962, 2364,
    140, -1182, 1632, 786, 976, 1005, -233, 17,
    -824, 62, 275, 590, 694, 39, -231, -270,
    1929, 514, -1642, -836, 592, 2718, 800, 759,
    -705, -704, 122, -327, -1603, -965, 244, -626,
    1495, 1912, 1058, -1348, -725, -50, 1530, 359,
    1233, 1009, 46, 231, 956, 638, -713, 2131,
    2145, 1386, -83, -1724, -80, 387, 694, -24,
    1588, 10, 855, 402, -530, 2492, 1268, -912,
    1466, -1316, 2547, 847, 1826, -1465, 1175, 1045,
    151, -79, 651, -378, 1124, -150, -529, -459,
    -51, 858, 25, 789, -38, -760, 535, -683,
    -1395, -692, 437, -472, 674, -284, 618, -63,
    -1599, -211, -380, -1162, -813, -539, 22, 823,
    -993, -163, -1482, -519, -216, -520, 774, -788,
    1695, 59, 736, -2202, -180, -79, -374, 579,
    13, 839, -505, 68, -1128, -1121, -154, 590,
    -234, -232, -1421, -138, 1206, 984, 808, -1040,
    -319, -411, -151, -1166, -1369, -399, -428, -618,
    -958, 129, -1486, 1334, -1386, -894, 232, -252,
    1039, -1160, 820, -1836, -156, -1128, 1038, 436,
    -1581, -476, 1195, -428, -642, 195, -397, 526,
    -401, -1434, -141, -1099, 773, -524, 69, 591,
    887, -667, -333, 1310, 1382, -1215, 66, -603,
    7, -1215, 666, 895, -272, -19, -310, -1841,
    545, 91, 26, -651, -210, -1172, -1535, 435,
    619, 507, 359, 1561, -1608, -633, 975, 169,
    -432, -284, 492, -587, 279, -1, 666, 346,
    859, -651, -458, -141, -1752, 453, -402, -1041,
    -155, 970, 529, 130, 608, -1160, -119, 203,
    -281, 691, -464, -777, 689, 492, 1174, 111,
    143, -469, 719, -705, -103, 267, 185, 523,
    -1455, -1691, -532, 757, 190, -662, -75, 342,
    1590, -857, -241, -354, -922, 392, -254, -594,
    457, 793, -1659, 209, -404, 1, 28, -565,
    230, -723, 149, 1673, 809, -447, -76, -456,
    -2001, 807, 2171, 1234, -505, -1021, -1135, 334,
    -708, -269, -2398, 597, 1008, -380, -210, -164,
    -570, -232, 273, -699, -595, 374, 446, 26,
    2075, -391, 291, -58, -7, -2687, -826, 285,
    35, -350, 942, 1412, -576, 864, 256, 674,
    -1282, 1984, -402, -284, 472, -480, 839, 709,
  },
  {
    584, -30, -380, 411, 120, 1238, 167, 291,
    262, 54, -2108, 280, 111, 1098, 715, 2279,
    643, 377, -660, 932, -828, -1337, -2281, -721,
    -806, -362, -71, 993, 634, -244, 132, 159,
    1818, 118, -770, -49, 664, 668, 1021, -271,
    670, 614, 711, 1009, -834, -1002, -417, 276,
    -558, 1344, 329, -162, 162, 1229, 955, -782,
    1457, 1779, -699, 1390, 1631, 1270, 821, -531,
    447, 19, 45, 482, 1356, -467, -491, 1289,
    2284, 1343, 650, -648, 845, 458, 328, 190,
    -535, 1440, 1295, -1277, -441, -104, 1415, 1135,
    -359, 686, 1945, 1343, -644, 726, 1767, 916,
    -622, -51, -651, -1662, 1135, 641, -647, 863,
    712, -1728, 294, 1120, 211, 1328, -1083, 2074,
    -746, 89, -471, -5, -476, 1557, -399, 2968,
    326, 991, 1100, 1183, 1512, 888, 1126, 1243,
    -16, -697, -270, -1383, 509, 160, -548, 311,
    -1039, 486, -41, -149, -947, -469, 484, -1110,
    754, -644, -176, -740, 180, -461, -1732, 162,
    -229, -361, 75, -1195, 58, -24, -2211, -634,
    874, -1432, -797, 800, -688, -364, -26, 1077,
    -88, -274, -471, 500, 62, -2150, -101, -194,
    -79, 84, 37, -2250, 291, 578, 399, -1496,
    617, 421, 1159, -1221, -313, 561, -405, -676,
    -367, -39, 175, -490, 12, -1337, -1333, 797,
    387, 458, 587, -287, -635, 462, -2393, -694,
    -77, -769, -60, -429, -235, 136, -110, -144,
    1315, 1582, -246, -455, 260, -476, 32, -1641,
    184, -299, -216, -965, -1335, 490, -689, -490,
    26, -1111, -451, -2043, -420, -488, -390, -1527,
    619, 116, -568, -452, 472, 153, -440, 784,
    382, -695, -2269, 836, -1238, -560, 1007, 371,
    -442, 472, -512, -428, 1662, 813, -236, -1,
    906, -754, 632, 1011, 476, 41, -1513, -426,
    -75, 746, -750, -979, -514, -258, 1174, 491,
    257, 520, 722, -680, -1112, 563, -576, -202,
    20, 62, 205, 620, -28, 329, -786, 219,
    -914, -542, 896, -506, 842, -373, 761, 97,
    -7, 124, -333, -186, -781, -468, 65, 335,
    -577, 63, 401, 682, -631, 630, -261, 379,
    -118, -261, 932, 101, 1041, -337, 76, -806,
    218, -314, -168, -762, 368, -241, -487, 700,
    823, -93, -679, 1230, -169, -285, 326, -1675,
    -95, -596, -658, -1106, 123, -165, 659, 634,
    -168, -95, -348, 65, -277, 39, -162, -713,
    -472, 479, 168, -218, 209, -876, 719, 109,
    -1845, 891, 952, -144, 53, -96, -1022, -62,
    -915, 178, 1141, -825, -893, -816, -506, -567,
  },
  {
    585, 464, 1088, -170, 652, 1585, 323, 2027,
    389, 1008, -1315, 321, -1505, 465, -9, 702,
    349, -470, -1207, -647, -203, -198, -283, 417,
    -1800, -195, 156, 1021, 1070, 1295, -387, 514,
    181, -467, -428, -907, 236, -1045, -451, 292,
    766, -352, -1328, 608, -820, -1221, 388, -236,
    -990, -290, -1448, 340, -156, -116, -475, 435,
    514, 309, -1551, -845, -739, -1403, -616, -172,
    953, -832, -265, 2828, -884, -978, 810, -446,
    -16, 612, 341, -2720, 930, -2244, -17, 1374,
    -384, -303, 394, 819, -1652, -1518, 982, 1399,
    -338, 595, 936, 177, 251, -879, -371, -926,
    -1307, -1148, 109, 1540, -1502, -349, 807, -769,
    -2918, -996, -1080, 1734, 1786, -317, -2933, 587,
    875, 455, 396, 104, 2177, -666, -1534, 969,
    -1525, -353, 274, 2211, 202, 303, 652, 265,
    859, -1287, -703, -558, 176, 214, 134, 204,
    999, 1425, -467, -474, -161, -1375, 288, -1113,
    1111, -236, -29, -437, 160, 311, 1043, -45,
    207, 80, 334, 899, 1251, 933, -1020, -501,
    573, -451, -55, 282, 1296, 210, -1616, 1125,
    1655, 237, 1038, 382, 161, 1481, -1171, -1377,
    359, -215, 1934, -1845, -1218, -1062, 269, 727,
    1234, 890, 114, 1037, -361, -1085, -198, 73,
    51, -675, 178, 2104, -311, 659, 242, 142,
    1034, 134, 1644, -521, 161, -574, -789, -566,
    -720, -724, 1453, 1384, 1970, -922, 145, 1229,
    139, 639, -134, 135, -167, 419, -1002, -974,
    -194, -93, 1227, -868, 446, -365, 1375, 287,
    -115, 3071, -481, -1230, -388, -1036, -645, 655,
    1253, -10, 3161, 676, -218, 613, 1151, 105,
    508, 547, 1340, 257, 1312, -1130, 1287, -204,
    -1452, -1379, 412, -798, -1127, -404, 862, 1327,
    -413, -466, -685, 395, 473, 455, 787, 1871,
    -102, 1806, -511, -582, 30, -289, -49, 45,
    198, -453, 391, 1901, -588, -231, 530, -120,
    2603, 519, -933, -1014, -312, -239, -488, -298,
    1924, 196, -1524, 182, 688, -1019, 502, -355,
    18, 404, 919, -509, 243, 1511, -1584, -58,
    252, 840, 48, -276, -205, 710, -1402, -388,
    373, 364, -584, -1861, -327, -548, -778, -915,
    -222, -691, 2141, 1204, -51, -407, 45, -2350,
    -337, -241, -44, -414, -1880, 316, -874, 24,
    1121, -444, 1728, 881, 331, -884, 1889, -266,
    835, -1363, 1245, 249, 286, 84, 1166, 1456,
    -1, 1143, 2011, -1433, -1098, -459, -449, -626,
    995, 594, -960, 1170, -150, -659, 239, -131,
    1163, -1808, -240, -29, 1300, -1122, -893, -1194,
  },
  {
    20, -1099, 831, -315, -515, -1021, -1640, 3341,
    1309, 316, -779, -340, -548, 1219, -323, 0,
    14, 1660, -567, -1087, 180, 314, 699, -394,
    -952, -858, -264, -776, 1160, 628, 1031, 621,
    -331, -184, 839, 329, -379, -71, -347, -2273,
    -641, -91, -854, 477, 1281, 179, 371, -293,
    227, -1032, 772, -520, 861, -1393, 985, 85,
    526, 521, -265, -188, -216, -72, 22, 1477,
    124, 311, 965, 1087, -388, 92, -49, -265,
    62, -463, -516, -42, -403, -762, 333, -1042,
    1464, 137, -1430, 1337, -967, -58, -564, 882,
    -1493, 1311, 318, -1191, 1056, -169, -78, 637,
    -1860, 619, 233, 1231, 990, -10, 2197, 796,
    -1365, 760, -271, -645, -968, 344, 552, -805,
    794, 167, 573, 456, -556, -1109, 360, 1498,
    -2079, -413, -1020, -520, -1487, -201, -174, -1562,
    -48, 299, -547, -46, 622, 1099, -661, -1042,
    528, 444, -339, 333, -311, -190, -345, 571,
    596, 558, 844, -339, 381, -353, 988, 509,
    -695, -1089, -341, -996, -389, 700, 40, -1190,
    -641, -122, -420, -280, 130, 1815, -45, 395,
    534, 1574, 370, 695, -253, 458, 12, 318,
    1, 416, 999, 299, 487, 877, 14, 1710,
    -287, -468, 1026, 526, -582, -673, 165, -65,
    872, -754, 872, 1458, 295, 292, -1226, -573,
    32, 62, 76, -434, -1116, 345, -574, -817,
    591, -614, -292, 625, 344, 28, 381, 87,
    -537, 429, 298, -439, 722, -111, -17, -94,
    -493, -156, -1127, 1060, -181, -519, -441, -113,
    -379, 2856, 186, 283, 396, -239, -102, -2737,
    1501, -536, 893, 883, -56, -393, 60, 1099,
    314, 996, -507, -73, 898, -665, 121, 20,
    -370, 399, -142, 219, -1072, -775, 698, 381,
    145, 332, -123, -501, -965, -6, 607, -165,
    -739, 250, 647, 45, -596, -373, -205, 185,
    266, -858, 80, 717, -438, 595, 345, -1606,
    982, -1040, 884, -198, -81, 208, -677, -1305,
    29, -359, -1463, 913, -951, 643, 28, 111,
    -126, -637, -1021, -61, -353, 150, 752, 386,
    -281, 361, -571, 94, -600, -1382, -1346, 182,
    394, 226, -766, 334, -244, -322, -1469, -719,
    174, 863, 409, 437, -133, -1491, 592, -910,
    208, 920, -1363, -1592, -337, 522, -887, 466,
    252, -881, 562, 1118, 915, -304, 41, 325,
    -517, -914, -318, -991, 219, 553, 378, 1358,
    24, -275, 197, -515, 41, -214, -68, 161,
    633, 6, -1662, -1575, 947, -376, 768, -291,
    1211, 80, 257, 1755, -132, 248, 231, 460,
  },
  {
    -16, -789, -901, -68, 295, 806, 1918, -276,
    -484, 884, -1927, -1618, 495, 1786, 252, -723,
    3035, 134, 396, 243, -815, 34, 415, 2594,
    2696, -180, 469, -172, -176, 564, -1985, -1172,
    1320, -1029, -555, -4415, 81, 1508, 926, -113,
    789, -188, 93, -2122, 614, 752, 752, -22,
    129, 306, 626, -695, 1095, 135, -653, -722,
    442, -29, 1238, 480, -947, 193, 54, -1557,
    -419, 134, 565, -232, 644, 1625, -1338, -936,
    3622, 1552, -1155, -1352, 2618, -378, 695, 496,
    1405, 848, 2400, 286, -1329, 1908, 2727, 379,
    1015, 810, -470, 963, -1105, 2140, -171, -149,
    2074, 320, -56, -543, 1743, 190, -439, 1046,
    -966, 458, 219, 750, 1066, 86, -1593, 982,
    23, -782, -993, -1276, 425, 1030, -937, 1198,
    -1096, 746, 232, -72, 1717, -234, 512, 1096,
    -2032, 136, -847, 250, 748, -993, -569, -602,
    -1830, 66, -734, -75, 503, -378, -785, -1601,
    -589, -1306, 860, 989, -369, 43, 2836, -17,
    886, -302, 445, -130, -108, -891, 1505, 463,
    -378, -1182, -915, 841, -192, -1207, 1077, -390,
    -375, -484, -1077, -90, 42, -1774, 1004, 499,
    -527, -680, 365, 953, -365, -1019, -1573, -960,
    534, -734, 1010, -37, -1031, -335, -1316, -985,
    -134, -1334, -725, -1232, 610, -355, -902, -381,
    70, 286, 505, -325, 151, 971, -557, -124,
    -1152, -1430, -545, -189, -1115, -366, -1763, -1144,
    350, -236, 343, 110, -1030, -651, 683, 417,
    603, -823, -440, 332, -1086, 1296, -623, 1154,
    -234, -1540, -1175, -1008, 678, -882, 191, -1563,
    -536, -661, -916, -1706, 496, -904, -1482, -641,
    -1223, -677, -1746, 252, -11, -1120, -803, 580,
    204, 358, 943, 1566, -669, 409, 664, -961,
    44, 349, -1293, -113, -92, 204, -787, -65,
    -1174, -791, 560, 543, -116, -382, -990, 547,
    -631, 1227, -993, 10, 684, -379, -1579, -647,
    2176, 1118, 193, -221, 719, 7, 190, 1300,
    2492, 238, 1168, -366, 1630, -391, 683, -1179,
    -295, -1096, 234, -581, 54, 661, 476, -472,
    2890, -1073, -829, 909, -1154, 1078, 1412, -1488,
    -1262, -728, -82, -173, -299, -728, 400, -121,
    -730, 145, -1355, 1356, -1521, -1083, 244, -123,
    -1152, 165, -165, -112, -1569, -644, -2306, -1448,
    -830, -524, -943, -86, -1874, -96, 877, -939,
    -41, 608, -324, -1129, -956, 1125, -73, -1245,
    1569, 766, -17, -1350, 826, 167, 706, 107,
    -29, -13, 203, 444, 86, 1184, -375, -618,
    799, -871, 1110, -492, 189, -1327, 43, -1886,
  },
  {
    825, 821, -791, 1350, -961, -120, 468, -1,
    757, 840, -2213, 324, 335, 274, -528, 243,
    940, -458, 496, -631, -700, -1303, -2261, 965,
    391, 1076, 737, 1351, 468, -205, -1618, 128,
    -310, 2516, 1176, -1498, 1157, 807, -758, 2629,
    373, 760, -499, 704, 160, -1130, -1035, 382,
    328, 596, -969, -328, 181, -648, 958, -568,
    91, 139, -611, 1124, -581, 1515, 606, 1748,
    554, -1331, -1041, -861, 471, -1181, -493, 40,
    2299, 198, -442, -689, 1232, 326, 860, -166,
    68, 789, 739, -1401, 1289, 988, 977, 127,
    -846, -109, -108, 895, -1283, 1367, -699, 75,
    215, 373, 337, -1380, 1265, -1905, -829, 572,
    -563, -852, 113, 93, -211, 1413, -974, 1124,
    -65, 1452, -186, -966, -773, -545, -1249, 282,
    1739, 625, -2011, 2471, 2008, 2031, 1063, 865,
    1459, 1221, -809, -245, 1566, -275, -539, 212,
    -1927, -262, -249, -831, 46, 162, 1523, -266,
    -232, -977, -271, -423, 454, -923, -482, -290,
    -220, -409, -225, 685, -439, -887, 452, -901,
    410, -257, 92, -97, -2196, -1001, 331, 1634,
    147, 241, -693, -791, -621, -1568, -289, 752,
    298, 80, 833, 473, 585, 263, -273, -632,
    1328, 1205, -231, -786, -166, -21, -973, -1357,
    796, 733, 1405, -379, 622, -1187, 973, -1626,
    -553, 313, 1276, -729, 784, -592, -2443, 674,
    392, -1298, 845, -321, -1252, 808, -166, -450,
    1514, 1215, -954, -506, -316, -1619, 1467, -1646,
    -1536, 1039, 328, -1860, -196, 1089, 8, -1079,
    -818, -1133, 500, -253, -256, -651, -1291, 806,
    353, -403, 190, -1715, 417, 484, 70, 1784,
    553, -1647, -387, -1146, 104, -340, -349, 254,
    197, 8, -505, 837, 1372, 430, 445, -1184,
    1091, -438, -232, -932, 38, -321, -1257, 478,
    -291, -729, -721, 69, 47, -2084, 827, 216,
    -1953, -103, 473, -1477, -442, -385, -1741, -449,
    -160, -851, 791, 1237, 1082, 562, -751, 43,
    -433, -1568, 12, -575, 669, -858, -266, -71,
    1301, -638, -53, 930, -1020, 585, 921, -954,
    1802, 1392, -28, 278, -782, 128, 477, 480,
    293, -449, 897, 11, 487, -534, 744, -745,
    -659, 1461, -1268, -276, 380, -886, 261, 1266,
    462, 200, -199, 689, 572, 810, 381, -835,
    330, -368, 94, -919, -966, -389, 78, 906,
    311, -383, -614, 308, 1295, 765, 20, -947,
    500, 47, -1788, -385, 80, -1604, -11, -640,
    -598, -324, -135, -608, -281, 92, -377, -829,
    358, -879, -579, -1406, -861, 719, -1763, -383,
  },
  {
    -1281, 1461, -695, 1070, -926, -1695, -145, 494,
    406, -1412, -1803, 201, 754, 348, 151, -554,
    1124, 147, 977, -726, -720, 590, -64, 135,
    -1734, 941, -1461, -239, -1051, 87, 469, -1587,
    -865, 1362, 438, -505, -936, 464, -320, -841,
    -1240, 1294, -29, -538, 1580, -2618, 576, -536,
    -1249, 554, -49, 98, -1198, -1896, 1515, -514,
    -367, -99, 764, -239, 43, -733, 1022, 911,
    440, -502, 847, -821, -382, -843, 248, 1050,
    265, -1168, 294, 1399, 2425, 246, -471, 603,
    -1177, -103, 1018, 119, 691, -144, -1349, -164,
    -1704, -1240, 1839, -387, -580, 342, -616, -334,
    1008, 234, -604, 1686, 1901, -542, 655, 1429,
    251, -52, 1150, 1696, -211, 1014, 142, 680,
    1006, 1308, 132, 90, -715, -953, -625, 476,
    -1878, 4263, -2960, -831, -815, 1139, -539, -521,
    326, 729, -634, -1046, 475, 364, -1882, -735,
    -189, -471, -388, 1086, 220, -488, 438, 970,
    565, 124, 1214, 1332, 335, 26, -1110, -36,
    -435, -725, 127, -47, -387, 830, -357, -609,
    -973, -1133, 337, 400, -174, 1080, -257, 366,
    -68, 2006, -273, 1048, -237, 1072, 231, 655,
    -624, 1506, 1047, 110, 606, -472, -572, 903,
    207, 534, -80, -1227, -946, 134, -1263, -112,
    -143, -348, 1045, -1514, -316, 610, -626, -1244,
    306, -435, -698, -1004, 1076, -399, -383, 335,
    1229, 731, -202, 361, -735, 246, 860, 2,
    1228, -357, -135, 113, -370, -617, -42, 637,
    998, 2665, 577, 1089, 190, 392, -1141, 790,
    188, -452, 167, 1115, -913, 873, 372, -218,
    844, -948, 920, -190, 972, -61, -269, 1147,
    362, 1792, -2258, -324, -642, -69, -250, 651,
    -777, 141, 118, 353, -865, -190, -7, -1065,
    -1602, -399, -336, 257, -89, 289, -1041, -610,
    -592, -496, -1110, -611, -851, 625, 251, -76,
    679, -1505, -76, -313, -1513, 175, 1309, -602,
    1730, 1006, 95, -758, -624, 1, -316, 218,
    364, 1304, 19, -235, 260, -746, 84, 619,
    385, -125, -47, -82, -414, -45, 960, -211,
    -988, -1682, -546, -516, 769, -400, -2168, 108,
    855, -1972, 233, 423, -430, -324, -940, -740,
    1050, -440, -499, 200, -899, -260, -525, 567,
    -575, 822, -122, 355, 76, 844, 416, 58,
    -875, 98, -91, 1250, -557, 679, -1016, -438,
    -734, -1089, -1145, -33, -374, 900, -283, 879,
    -639, -198, 1341, 445, -1162, -980, 258, 1731,
    -949, 354, -806, -614, 1050, -350, 1463, 876,
    342, -328, 892, 240, 642, -699, -518, 1221,
  },
  {
    334, 303, -209, -311, 885, 1672, 1117, 154,
    234, 450, -798, -44, -773, 403, 2288, 2171,
    -676, 274, 338, 463, 559, 369, 1242, -194,
    -966, 983, 200, 144, 661, 420, 1869, 563,
    63, 380, -660, 1074, 1528, -588, 82, 2073,
    2500, 303, -1259, 1586, -320, -31, -52, 1229,
    -931, 1415, 328, 588, 600, 106, -100, -177,
    -744, 1958, 1155, 383, 293, 309, 21, -631,
    2347, 621, 625, 261, 744, -781, 523, 909,
    -356, 1227, 395, -437, -707, -1789, 889, 378,
    206, 667, 739, 589, -1663, -832, -102, -431,
    799, -1079, -408, 866, 0, -1440, 1491, 927,
    -1249, 1023, -841, 974, 1367, 1511, 1415, -679,
    684, 478, -697, 338, 88, 1082, -854, 266,
    -2292, 1179, 431, -53, 937, 167, 616, -610,
    230, 749, 1669, 1074, 1199, 845, 428, -786,
    389, -1047, -1509, 164, -74, -934, -1006, -1139,
    1621, 811, -964, -1473, -1179, -311, -1655, -910,
    1326, -898, 439, -1238, -644, 905, 1501, 202,
    -587, -1117, 1591, -82, -21, -1891, -1467, 557,
    235, -1522, -957, 131, 1384, 1250, -657, -783,
    -595, -1162, 1638, -700, -845, -109, 549, -256,
    -405, -1352, -1257, -1194, -429, 756, -677, 839,
    -391, -374, -769, -288, -812, -550, 76, 926,
    -355, -527, 1136, 872, -616, -449, -1173, 464,
    105, -571, -378, -451, 1403, -1858, -1338, -576,
    218, 186, 765, -1172, 527, 775, -494, 296,
    1751, -162, -1163, -1078, -1060, 1061, 305, -2487,
    -230, 1185, -1172, 425, 591, -592, 215, -2033,
    1298, 208, -950, -1255, -2012, -1111, -1475, -414,
    -1229, -534, 1874, -269, -629, -347, -277, -884,
    -405, 869, -330, -759, 466, -1938, 3, -1189,
    -760, -426, 549, 654, -840, 422, 315, 2471,
    -525, -469, 764, 219, 547, 716, -120, 1083,
    357, 61, -913, 36, 697, -819, 871, -480,
    1201, 267, -114, 1647, 71, 751, -589, 72,
    535, 226, -18, -218, -136, 352, -363, -635,
    517, 577, -571, -679, 38, -769, 501, 96,
    688, -1023, -183, 478, -432, 2604, -592, -135,
    -1124, 1197, -36, -225, 50, -512, -574, 29,
    345, 1264, 440, -877, 547, 1492, -889, -525,
    394, -1503, 671, -669, 0, -45, -1417, -520,
    424, -167, 318, 189, -2059, 1623, 293, -928,
    1258, -1359, 457, 225, 317, -111, 332, 148,
    1087, -989, 402, 221, -566, -438, 378, 500,
    436, 652, 164, -2352, 26, -694, -474, -1438,
    -719, 231, -636, -103, -418, -1094, 720, -1206,
    1121, 593, 582, 1260, 324, 288, 744, 1195,
  },
  {
    1119, 263, 787, -933, 9, 1168, 676, 1010,
    1039, -159, -1722, -21, 1082, 3213, -466, -927,
    -363, 666, 2571, -483, 711, -253, -1134, -36,
    254, 604, -1592, -523, 1366, 65, -615, 87,
    -887, 259, 829, 356, 665, -1698, 1086, 1231,
    96, 788, -1966, 1214, 166, -2314, 1536, 545,
    -1631, 458, -772, -161, -312, -174, 65, -495,
    -523, 767, 291, 350, 226, -720, -637, 408,
    1382, -650, 400, 3518, -1567, 233, 373, 202,
    -412, -1512, -396, 1087, 1157, -3274, -904, -1254,
    -259, -965, -888, 1391, 816, 211, -270, 747,
    -1364, 240, 109, -627, 1113, -1593, -312, -91,
    -1332, -263, -705, 1146, 398, -461, 1480, -239,
    -521, -764, 449, 612, 156, -434, -1318, 496,
    -1166, 789, 819, -912, 795, -465, -1125, -177,
    -548, -1057, -710, -1995, -1880, 465, -652, -1241,
    -259, 238, -1259, -650, 605, 966, 280, 52,
    1207, -582, -1742, -1475, -623, 479, -1409, 524,
    754, -1112, -566, -2223, -284, -629, 806, 836,
    1178, 884, 358, 106, 541, 1007, 1143, 1008,
    574, -236, 1243, -491, 858, 161, 56, 1714,
    306, -183, 197, -1757, -2515, -704, -574, -644,
    620, 447, -275, 1225, 962, -2154, 792, 388,
    1207, 545, -486, 678, -97, -1128, 548, 64,
    -188, 242, 2432, 651, -1301, 849, 758, -20,
    163, -1406, 746, -448, 1117, -196, 31, 1185,
    1318, -293, -2149, 793, 1471, 126, 662, -23,
    240, 1496, -453, -708, -99, 375, -794, 310,
    -2070, -262, 516, 1119, -49, -1084, 692, -286,
    -6, -1214, -937, -1089, -283, 23, -727, -796,
    -58, -918, 153, 355, 534, -1110, -586, 818,
    -820, -710, 1048, 127, 434, 234, 331, -1307,
    -854, -893, -499, -617, 318, 2761, 1476, -147,
    642, -1292, 1845, -210, -104, -761, -187, 1476,
    -851, 1776, 863, -564, 963, 576, 473, -1237,
    989, -4, 461, 177, -1913, 1622, -994, -567,
    -397, 232, -63, 135, -1284, 215, 458, 533,
    -1403, 36, 1063, -641, -948, -430, 6, -425,
    1047, 675, -662, 701, 1894, -53, -161, 537,
    -195, -1194, -646, -136, -179, -1728, -1650, 420,
    1172, 795, -555, -2378, 661, -269, -596, -1028,
    -497, -628, 1489, -805, 555, -367, 201, -7,
    7, 79, -1122, -1181, 90, 867, -107, -741,
    -55, 657, 2009, 486, 1100, -403, 775, -23,
    201, -158, -758, -228, -146, 485, 2367, -243,
    617, 488, 1115, 13, -1220, 1014, -564, -738,
    -1916, 642, -565, -381, 688, 171, -30, -1617,
    1052, -2109, -910, 1298, -47, 160, -1667, 1,
  },
  {
    -892, 1372, 1348, -504, -248, 533, 353, -861,
    -1145, -987, 1970, -1583, 175, 615, 2551, 312,
    230, -268, -1683, 88, -701, -88, 1226, -758,
    756, 258, 56, 576, -618, 148, 1382, 616,
    -495, -991, -169, -180, 52, -1255, 138, 762,
    1085, 100, -1695, 900, -27, 1333, -497, -25,
    1175, -717, 532, -824, -199, 603, -1751, 210,
    -82, -1051, 848, -1629, 275, 133, -1751, -593,
    1405, 1407, 462, 839, 667, 1937, 567, -693,
    -2661, -270, -202, 933, -1785, 16, -1392, 58,
    -815, -194, 144, 459, 1366, -438, -325, -5,
    667, -1158, -2093, -1048, -25, -1528, 491, 368,
    -1844, 276, -595, 648, -698, -460, 1113, -996,
    1642, 1010, -1254, -230, -464, 182, -716, -646,
    -269, -122, 1029, 958, 835, -456, -619, -1250,
    -1274, -1391, 1490, -897, 902, 901, 566, -879,
    322, -1811, -670, 1577, 322, -555, 1397, 1078,
    1348, 399, -393, 49, -1451, 1550, -767, -435,
    -372, 862, -1321, -25, -406, 1005, 848, 125,
    685, 141, -1118, 412, -105, -91, -374, 1182,
    -602, -1059, 1121, -693, 1116, -518, -1163, -1018,
    113, -1736, 2366, 545, -211, -294, -254, -1262,
    220, 1037, -575, -51, -557, -423, 625, -504,
    -146, 1450, -1067, -410, -320, -592, 2172, -7,
    657, -1904, -1300, -418, -1113, 922, -119, 2206,
    -267, 1272, -1035, -386, -750, -69, -1071, -2136,
    -677, -113, -178, 358, -927, 618, -1225, -975,
    -76, -1263, 1909, 1662, -1462, 825, 239, -595,
    -59, -667, -1329, -984, -1015, -217, 1387, 839,
    891, 688, -869, -2180, -1291, -18, -523, 1954,
    -1443, 255, -1080, -307, 367, -1563, -575, -1840,
    -1157, -1812, 1429, -1114, -325, -188, -59, -1570,
    589, -186, -484, -472, -1543, -485, 1092, 1637,
    -1499, 236, -898, -1174, 1071, -21, -314, -231,
    -723, 1028, -494, 301, 305, 302, -834, 842,
    645, 280, -2040, 2037, 282, 1247, -651, 1144,
    302, -680, 160, 135, -1137, -1319, 1367, -773,
    -722, 476, -662, 139, -1938, -1382, -374, -1719,
    665, 22, -23, 2252, 1132, 80, -1184, -922,
    227, 1014, -877, 968, -866, -1742, -417, -1333,
    -56, 577, -676, -1436, 371, -685, -178, 384,
    -417, -324, -148, -95, -133, 880, -591, -769,
    -538, 996, 1129, -584, -478, 120, -398, 635,
    761, -1085, 354, -964, 686, 651, 1570, -1529,
    -25, -1038, 2220, -2052, -370, -628, 224, 1061,
    -106, 740, 393, 1543, -127, 2081, 645, -2566,
    350, 124, -1080, 1735, -551, -260, -1586, -273,
    437, -1023, -1541, 693, -383, -184, 3, 1115,
  },
  {
    -78, -1476, -523, 70, -1780, 540, 1143, 169,
    1674, -129, -1252, -503, 448, 890, -324, 1366,
    1980, 65, 319, 1080, -2930, 657, 595, -128,
    -534, -386, 560, 608, 642, 790, -405, -747,
    1084, 390, -915, -723, -943, -677, 7, -1915,
    218, 1228, 233, -313, 1150, 38, 1464, 942,
    101, -887, -1174, -1182, 257, 260, 540, 694,
    1399, -230, -948, 528, -670, -506, -1546, -581,
    -940, 223, 977, -22, -96, 966, 413, 99,
    350, -1122, 860, -855, 1205, -839, 1054, -2057,
    1973, 357, 1542, 911, -1367, 694, 1598, 1364,
    -816, 1912, 110, 439, -625, -244, -17, 10,
    -854, 914, 460, -1086, 1787, -1096, -197, -534,
    -953, -110, -1584, 801, -719, 1469, -1976, -855,
    -435, -715, -618, -357, 755, -739, -848, 592,
    -533, 200, -464, 952, 1600, 142, 947, -107,
    699, 266, -423, -1180, 747, -1695, -297, -1152,
    388, 326, -289, -48, 146, 49, -832, -559,
    1170, 113, 1020, 1671, -3, 241, 2181, 363,
    -1481, -59, -401, -192, -1806, -858, -706, -915,
    -22, -311, -581, 202, -195, 557, -732, -1050,
    -621, 376, 382, 623, -450, -244, 574, -1634,
    618, 1512, 1052, -622, 313, 863, 715, -111,
    230, -562, 202, 555, 14, -301, -629, -1017,
    -517, 936, -58, -90, 1185, 1032, -728, 74,
    859, 294, 276, -679, 1125, 66, -672, -80,
    160, 50, -620, -517, -667, 144, 1293, 633,
    941, 41, 365, -603, -48, -59, -45, -1765,
    270, -371, 1009, 1534, 644, -145, 580, -637,
    -489, 38, 290, -50, -1336, -1300, -680, 1111,
    1367, -267, 833, -303, -142, -1329, -844, 144,
    -996, 573, 329, 2256, 739, -88, 235, -437,
    -412, 112, 139, 258, 1057, 312, 850, -907,
    -266, -461, 147, 388, -2069, -1370, -845, -280,
    -792, -614, 775, 185, 1250, 781, -370, -483,
    761, -394, 304, 273, -1007, -849, -661, 334,
    123, 284, -959, 550, 857, -385, -314, 1116,
    162, -508, -846, -272, -874, -100, 818, -677,
    -1522, -3, 633, -861, -522, 170, -304, 15,
    724, -440, 863, 762, 215, -471, -573, 43,
    -570, 1140, 324, -1151, 116, -980, 175, -1105,
    -246, -7, 602, 828, 167, -207, -72, -30,
    705, 540, -1072, -1058, 556, -359, 605, -59,
    -1225, -449, 51, 969, -321, 1097, 623, -805,
    -715, -697, 594, -286, -1407, 1378, 944, -958,
    656, 1304, -446, -913, -272, 1631, -919, -2022,
    -1094, -410, 617, -923, -57, 317, 675, 1058,
    2016, -1715, 576, -332, 856, -718, -1242, -739,
  },
  {
    728, 1673, -960, -90, -557, -626, 442, 155,
    106, 474, 177, 330, 537, 276, 496, 478,
    174, -1158, 503, 404, -306, 426, 603, -1680,
    625, -787, 153, 3222, -410, -831, 908, 2080,
    -399, 1367, 670, -1184, 2056, 174, -37, 1801,
    -32, 451, -404, 947, 324, -56, -711, 2254,
    253, 1120, 180, 889, 449, 1468, 1247, 413,
    1188, 1179, 862, 794, 334, 299, -578, 200,
    716, 815, -1241, -195, 1329, 390, -175, -387,
    47, -40, 1830, 376, 995, 167, -207, -406,
    -1375, -5, 2759, 859, 1420, 1034, 904, 3217,
    33, -549, 1730, 3497, -566, -25, 24, 1676,
    643, -1037, 460, -51, 695, -1217, 1625, 444,
    2411, -128, -1132, 2462, 933, 998, -756, 535,
    -1222, -504, -1035, -1442, 552, 834, 60, 780,
    -130, 1606, 957, 1583, 1169, 1177, 563, 1083,
    -136, 382, 733, 779, -319, 15, 128, 233,
    -476, 813, -224, 107, -768, 482, 450, -688,
    677, 542, -2444, 969, -1091, 1189, 269, -473,
    588, 132, 32, 382, 293, -409, -518, -797,
    577, 1139, -459, -783, 1271, -646, 449, 830,
    518, -322, 845, -897, -576, 1009, -1001, -310,
    705, 618, -8, -625, 1264, -508, -34, 990,
    525, 362, -570, -651, 324, 765, -30, 202,
    -142, 1278, 733, 695, -1060, -20, -441, -911,
    745, -324, -545, -281, 983, 454, 573, 800,
    -329, 586, 29, 601, -530, 1190, -459, -523,
    680, 607, -481, -431, -270, 147, -142, -652,
    4, -847, 176, -1571, 132, -269, 202, 325,
    137, -285, 1818, -974, -120, 180, -492, 637,
    -241, 703, -1351, -595, 900, -389, -35, 166,
    -211, -393, -248, 152, -863, -465, 64, 289,
    -206, 1776, -111, 1323, -535, 68, 672, 1736,
    250, 160, 611, 1036, 278, 352, -1599, -330,
    197, -601, -592, 633, -640, -1196, 1265, -330,
    763, 369, 89, 160, 1727, -958, -1738, -1135,
    -1041, -552, 193, 1926, 1007, -301, -1765, -1764,
    -1365, -47, 202, -127, -1141, 762, 827, 711,
    739, -1137, -139, 1468, 144, 256, 36, 517,
    -555, 1728, 444, 685, 168, 1135, -2021, 867,
    45, 485, 922, 1169, 290, 1148, 1630, 1323,
    -171, -212, 662, -3078, -390, -1589, 342, 352,
    276, 243, -539, -549, -1363, 1215, -546, -235,
    626, -142, -705, -810, -1580, 281, 41, 728,
    1062, 1259, -381, 993, -845, 909, -545, -1681,
    1762, 1907, -1426, -700, 39, -2427, -999, -1416,
    -1185, -858, 1224, -2115, -1245, -176, -1724, -471,
    -190, 1797, 903, 831, -544, -2017, -262, 724,
  },
  {
    -428, -429, 1095, -858, -591, 7, 480, 361,
    190, -2457, 211, -794, 46, -179, 1430, 808,
    -376, 607, -1296, -762, -312, 954, 368, -1697,
    755, -803, -779, -1023, -404, 436, 1848, 266,
    -613, -1118, -269, 843, 412, -778, -102, 1037,
    767, 469, -789, 459, 683, -998, -755, -617,
    -496, 286, -235, -414, -1675, -1204, -317, 1730,
    -1252, 1781, -1279, 596, 605, -1135, 1692, -767,
    1782, -407, -488, -78, -146, -2097, 741, -705,
    -1480, 359, -233, 1576, -1526, -662, 383, 774,
    -264, -1707, -2267, -86, 252, -1928, -718, 612,
    340, -1218, 487, -1169, 1013, -1220, 1062, 36,
    21, -699, -263, 645, 515, 93, 978, -116,
    -207, 1686, 577, -489, -735, -181, 2149, 1158,
    570, 618, 1115, 921, 176, 445, 1639, -1017,
    1469, -1192, 429, -269, -986, 598, -601, -1632,
    -329, -432, 335, 367, -1232, -597, 997, -674,
    2824, -252, -241, -1292, 255, -393, -1575, 665,
    -133, 1038, -1103, -123, -274, 363, 484, -507,
    -1213, -435, -1551, -659, 1376, -51, -1412, 931,
    198, 2265, -191, -325, -1198, -509, -239, -1085,
    578, 378, 1013, 1257, -545, 2054, -982, -1541,
    -1461, -1178, -924, 223, -1013, 63, -170, 298,
    -1783, 167, -571, 474, 464, -1239, 210, 554,
    599, -1496, -454, -199, -299, -254, -376, 406,
    308, 69, -2059, -551, -511, 872, 863, -2469,
    -252, -97, 966, -1102, 776, -400, -617, 255,
    904, -727, 795, 651, -30, -45, -61, -566,
    -263, 297, -593, 430, -36, -1016, -696, -221,
    -174, 563, -875, 586, -1668, -776, 302, 353,
    587, -1082, 354, 1704, -60, -648, 961, 892,
    1474, 490, 673, -218, 371, 440, 1261, -788,
    -228, -1323, 180, -607, -2114, -749, -570, 797,
    384, -1017, -258, -91, 354, 461, 920, 701,
    -302, 371, -264, 139, -923, 326, -563, -737,
    1184, -1122, -173, -20, -253, 384, 1490, 181,
    566, -428, 1015, -1331, 65, 295, 28, -1840,
    1006, 812, -882, 372, -888, -181, 130, 148,
    -73, 2289, -397, -485, -47, -719, 136, 496,
    -2164, -567, -1011, 85, -281, -2233, -1491, 469,
    272, -290, -47, -305, -122, -154, 155, -1083,
    832, 883, 344, 1102, -295, 1781, -239, -1510,
    292, 317, -428, -1007, -36, -450, 443, 852,
    -449, -1068, -184, 876, -93, -220, -293, 647,
    -937, 880, 74, -1028, 14, -1245, -363, 2998,
    -832, -193, 1421, 1083, -1148, 231, 1178, -538,
    1091, 831, -1675, 1518, 1248, -1535, 1622, 621,
    88, 1439, -696, 693, 296, 615, 800, -11,
  },
  {
    -407, -87, 963, 27, 163, -1754, -26, -765,
    -824, -1640, -2150, -830, -1578, 833, 930, 377,
    -1442, -197, -661, -2146, 266, 895, 1186, -357,
    464, -747, 914, -742, 191, 841, 479, -535,
    1065, -1306, -1514, 460, -1746, 64, 404, -1521,
    -566, -620, 694, -772, 709, 549, -1104, 218,
    631, -611, -541, -843, -320, -618, 385, 1034,
    515, -798, 1284, 155, 449, -815, -488, -1005,
    -580, -183, -69, 1088, 179, -1770, 1147, -1208,
    -166, 291, 757, 542, -1119, 1109, -940, 821,
    897, 324, -915, 5, -1252, -1432, 264, 703,
    -583, -99, -763, -526, 1124, -1950, -217, -2019,
    -1123, -221, 1118, 955, -1096, 1480, -1189, 207,
    -2009, 782, 364, -3143, -2281, -2786, 2191, -972,
    1716, -290, 1104, 1346, 1202, 706, 2055, -725,
    2106, -1990, 709, -1022, -259, -528, -1275, -1384,
    -360, -111, 69, 516, -160, -70, -358, 270,
    273, -489, 151, 276, -850, -701, -1383, 612,
    -908, -595, -490, -1856, 47, -1183, 329, -915,
    -264, 351, -1175, -631, 754, -208, -42, -364,
    105, 564, 75, -228, -734, -634, 397, -2276,
    -909, 654, -480, 527, 131, 518, -759, -1625,
    -802, -30, -223, 85, -1483, -420, 1609, 295,
    -227, 636, 353, -316, -786, -184, -801, -488,
    499, -825, -260, -407, -913, 170, 527, 629,
    1423, 772, -452, -13, -955, 10, 1030, -810,
    260, -244, 352, -249, -760, -1143, 17, -1686,
    -1040, -919, 621, -385, 489, 1181, 772, 389,
    -47, -1637, -257, -1599, -1624, -251, 99, 620,
    -372, -1330, -264, -406, -876, 958, -381, -1111,
    34, 590, 591, -533, -545, -575, -722, -454,
    512, -101, 771, -257, -1357, 60, 293, -487,
    -309, -724, 1096, 384, -133, -345, 611, 673,
    -417, -667, -302, 880, 174, 1349, 38, -455,
    -29, 1502, 862, 790, -1710, -640, 260, 4,
    238, 53, -132, -92, 21, -1432, 472, -1128,
    -798, 466, 18, -1255, -533, 590, 668, -129,
    616, -641, 1732, -301, 887, 409, -308, -637,
    -1593, 861, -682, -12, 699, -1312, -549, 439,
    591, 31, 164, 429, -379, -723, 690, -762,
    -196, 344, 44, -81, 589, -767, 170, -306,
    478, -136, -540, 1990, 383, -251, 278, -1203,
    1076, 701, 1184, -755, 1336, -578, -102, 1345,
    -544, -203, 779, 619, -587, -429, 559, -888,
    -1285, -428, 693, -634, 407, -642, -513, 954,
    -1545, 448, 1791, 283, -438, 1055, 889, 1055,
    730, -195, 134, 454, -590, 7, 641, 372,
    408, -677, 232, -1094, -532, 953, -1293, -179,
  },
  {
    2009, 963, -548, 609, -1555, -301, -1070, 960,
    1849, 305, 315, 1491, 356, 2115, -311, 1175,
    1976, 545, 658, -114, 1321, 937, -841, -404,
    -705, 429, 783, 1711, 873, 1196, -1092, 221,
    -221, 602, 1938, 770, 1285, 126, 880, 1485,
    1786, -1920, 516, 1409, -1859, -121, 1247, -393,
    -456, 310, -393, 846, 1244, -1338, 374, 2633,
    493, 64, -106, 561, 598, -866, -1704, 1106,
    -42, -1028, -42, 1222, 34, 1635, -177, 307,
    -792, 2570, -80, -118, 1235, -267, 955, -542,
    252, -962, 971, 719, 1003, -1091, 490, 4649,
    1316, 1218, 170, 1487, -147, -334, -1013, 196,
    -569, -1912, -80, 743, 40, 942, 953, -911,
    -491, -1694, -135, 1325, 487, 112, -820, -957,
    -35, 141, -972, 92, 685, -479, -34, 302,
    -761, 1508, 745, 313, 520, 185, 150, 932,
    362, 886, 590, -1007, -553, -811, 251, -1360,
    303, 382, 23, -1339, -1789, -729, 444, -128,
    886, 141, -1359, 26, -684, -1795, 1022, 155,
    129, 1001, -194, -118, -197, 96, -805, -1631,
    1370, 662, 372, 1137, 187, 1411, 261, -315,
    -74, -1691, 664, 461, -502, 638, -381, 1435,
    -843, 785, -1028, -1253, 551, 862, -261, -75,
    242, -127, -182, 1637, 1195, 630, -1810, 1066,
    -944, 575, 1972, 714, -1083, -547, -1613, -355,
    52, -1240, 1433, -318, 1110, 55, 1670, 976,
    -1142, 1056, -655, -770, -163, 676, -80, -1686,
    -756, -239, 137, -666, -757, -827, 629, -894,
    -467, -1307, 411, 395, 248, -550, -302, -289,
    356, 1706, 1402, -1156, -513, -1330, -305, 487,
    135, -1445, -674, 933, 373, -907, 923, -148,
    82, -556, -888, -696, 1538, -1624, -1009, 470,
    191, -893, 143, -356, 813, -824, -301, 1231,
    441, -116, 1193, -780, 1329, 624, -844, 1668,
    353, 59, 1040, 189, 573, -1389, -381, 81,
    695, 392, -58, 445, 256, -1382, -1514, -69,
    339, 1375, -3, 1294, 956, -298, -395, 561,
    -879, -401, -1199, 508, 577, 353, -243, 590,
    36, -1504, 84, 157, 124, 1090, 90, 406,
    503, -753, 2500, 145, -968, 582, -1126, 477,
    1074, -447, 899, -448, 8, -136, 642, -377,
    -455, -133, -620, -1660, 314, 279, 42, -1322,
    1013, -1130, 2056, -982, 241, 166, 1104, 481,
    1842, -681, 1005, 906, -161, 434, 507, 885,
    -273, -463, -549, 779, -226, -685, 1892, -44,
    -341, 238, -953, -369, -651, 84, -1060, -1216,
    719, 276, 710, -922, -672, -1247, 150, -165,
    172, -56, 307, -260, 565, -400, 333, -1377,
  },
  {
    328, -1983, 1387, -48, 445, 6, 662, 2400,
    -196, 2165, -1455, 708, -239, 2748, -540, -903,
    1819, 908, 817, -901, 1339, 2619, 1076, 1503,
    846, -337, -60, -1913, -820, 1107, -1193, -1049,
    -1465, 580, 1366, -170, -222, -557, 560, 182,
    -1230, 1374, -1770, 604, 259, -861, 455, -900,
    80, -335, -75, 58, 2449, -40, 1010, -362,
    -368, -936, 279, 579, 1597, -38, -1813, 686,
    -396, 519, -36, 2817, -206, 267, -1545, 266,
    224, -1513, -497, -323, 2821, -1114, -178, 1389,
    -480, 569, -1164, 2167, 1291, -468, -34, 1381,
    -1475, 999, -1772, 1315, 352, -822, -1034, 521,
    714, 1389, -987, 794, 1362, 1593, 1587, 1324,
    -1726, -1130, 499, -1694, 20, -1177, -1068, 132,
    -77, 479, -245, 112, -865, -271, 751, 168,
    -1661, -632, -660, 314, -1076, -2765, -1086, -725,
    723, -293, -541, 409, -1254, 963, 1399, -525,
    -124, 489, -492, 2049, -1030, 1323, -460, 1276,
    -158, -621, -306, 137, -153, 318, 4086, 1937,
    570, -195, 2715, 1144, 904, -168, 1208, 1037,
    -741, 590, -277, -471, 161, 540, 1567, 147,
    -628, 944, -103, -1050, -480, -304, 1210, 112,
    -587, -813, -642, 462, 275, 714, -1117, -1796,
    595, -1121, -145, 442, 426, -611, -1076, -323,
    220, 474, 1081, 460, 174, 664, -56, -1497,
    -427, 305, 267, -1683, -787, 775, 220, 875,
    1419, 279, -2041, 514, 1263, -185, 536, -613,
    -13, 170, -1001, -45, -1886, 29, 149, 729,
    263, 1112, 1208, 2262, 1218, 1014, 462, 1246,
    1170, -628, -1987, -1188, 783, -181, 350, -392,
    -822, -220, 1096, 816, 200, 53, -903, -1628,
    -1257, -395, 733, 1090, 1500, -120, 568, 417,
    -221, 995, 1100, 52, -799, 962, 287, -146,
    -921, 220, -28, -821, -1434, -585, -961, 220,
    -333, -274, 27, 1135, -190, -127, -82, -435,
    -1018, 998, -6, 786, -1197, 2129, -371, 313,
    876, 505, -608, -124, -875, -1165, 323, -398,
    -973, 566, 1072, 84, -1056, -328, -498, -431,
    501, -615, 94, 198, 287, 64, -77, -176,
    -528, -906, -436, 335, 645, -2626, 476, -107,
    -101, 366, -375, -2767, -2073, -174, 197, -2571,
    -766, 622, -655, -33, 23, -1003, 171, -110,
    -1237, -56, -584, -1136, -1899, 146, -417, -1722,
    -223, 104, 1337, 614, -398, 1476, -347, 590,
    711, -842, -950, -638, -466, 764, 524, -624,
    41, 75, 172, -1513, -869, 1818, -576, -170,
    -864, -1039, -110, 73, 1250, 1760, -363, -1420,
    1473, -1825, 696, 1580, 1054, -1286, 592, 150,
  },
  {
    -707, 524, 590, 1042, -1957, 652, -751, 589,
    -1131, 609, -1236, 1113, -575, 609, 169, -1000,
    -712, 57, 549, 534, 2080, -535, 234, 190,
    -1597, 408, -2651, 256, -1122, 199, -1376, -344,
    -1487, 584, -435, -652, 277, 864, 626, -2012,
    -641, 174, -1714, 304, 562, -1054, 429, -2959,
    731, 462, -683, 1580, 420, -88, 68, -2536,
    -835, -1312, -2489, -1436, -340, 130, 684, 1848,
    -1221, 953, 718, -1758, -407, -1120, 534, 821,
    118, -1560, -647, 946, 891, -2611, -1792, 392,
    942, -1526, -874, 223, 140, 81, -1191, -811,
    -1555, -2358, -939, 837, 33, -416, -69, -1215,
    1061, 151, 57, 28, -1052, 314, -390, -687,
    -835, -1828, 116, -415, 157, -2191, -83, -1121,
    371, -1010, 157, -556, 859, -727, -501, 2097,
    -1355, 728, -1574, -285, -1641, -305, -320, -815,
    -605, 1479, -470, -209, 2729, 1656, -67, -191,
    -796, -621, -122, -825, -219, 233, 1362, -464,
    -423, -1215, 687, -852, 996, -2470, 184, -481,
    283, 881, 2220, 696, -1000, 1310, -452, 53,
    -407, -2033, 579, -1155, 856, 602, -645, 3233,
    -646, 1091, -2388, 742, 772, 1669, 2326, 1442,
    829, 1602, -157, -1190, 1600, 826, -1273, 261,
    443, -22, 942, -593, -104, 177, -212, -306,
    -722, -1058, 226, 86, -1029, 1013, -576, 192,
    1496, -2159, 885, 585, 1235, -799, 745, 1503,
    -325, 288, -448, 1023, 1690, 48, 998, -845,
    -1736, -1761, -3251, 2068, 1157, -1951, 913, -1671,
    1236, 1183, 767, -157, -213, -397, -1894, 772,
    999, 1925, 1139, -338, 318, 1186, -1619, -2458,
    -522, 74, -800, 120, 247, 3701, 652, 1437,
    704, 2076, -947, -1215, 44, 232, -193, -936,
    -264, -624, -569, -301, 517, -1557, -109, -1524,
    447, 1925, -792, 141, 659, 280, 554, -126,
    779, 684, -160, 701, -192, 1414, 1259, -1083,
    -604, -2453, 931, -773, -1160, -612, 2512, -717,
    1245, 748, -1155, 680, 47, 1243, -814, 228,
    -718, -396, -524, 1963, 411, -297, -852, 658,
    1122, 148, -155, -856, -33, 1668, 81, -413,
    27, -729, 1697, -1022, 1187, -630, -230, 28,
    741, -457, 210, 22, -52, -914, -452, -1619,
    1647, -655, 8, -1391, 579, -857, -641, -448,
    341, -772, -213, -993, 1691, 430, 736, 129,
    445, -869, 1540, 1682, 876, 1469, -271, 1359,
    -324, 564, -535, 1148, 1796, -1339, 510, 1132,
    -1955, 728, -325, 484, -1107, -1047, -805, 1673,
    1700, 1952, -880, -448, 1042, 302, 251, -46,
    164, 253, -926, 378, 1167, 403, -1460, 242,
  },
  {
    779, -90, 1537, 39, 1285, 1364, 612, 50,
    -112, 2659, -253, 891, -349, 76, 321, 414,
    -194, 1356, -428, -186, 104, 710, -196, -226,
    1127, 625, 29, 158, 104, 561, -225, 558,
    -115, -549, 892, -35, 475, 507, 156, 1842,
    391, 211, 449, 117, 1504, 469, -215, 1131,
    839, -723, 903, 688, 904, -775, 1277, -526,
    -905, -421, 510, 1173, 1039, -164, 2237, -414,
    1064, 1062, 701, -332, 1053, 257, 698, -984,
    972, 1245, -696, 435, 568, -107, -289, 1231,
    338, 1632, -212, -523, -924, 535, 142, -470,
    905, 952, 1037, 1332, 505, -879, 1323, 487,
    -79, 702, 283, -963, 283, 1637, -538, 2841,
    575, 1105, 1048, -731, 717, 209, 76, 2475,
    -1368, 384, -302, -33, -722, 996, 1100, 945,
    294, 767, 1572, 672, 970, -82, -464, 310,
    201, -298, 356, -62, -1201, -623, 207, -288,
    -1325, -979, 129, -792, 83, -562, -400, -174,
    -259, -1966, -1173, -831, -740, -47, -330, -1420,
    49, -1418, -954, 1094, -600, -259, -428, 1385,
    100, -551, -458, -1567, 24, -1194, 197, -781,
    240, -796, 227, -1119, -667, -28, -110, -508,
    -193, -1693, -1145, 481, -864, -822, -821, -1209,
    678, -257, 108, -510, -1129, -189, -304, -532,
    157, 888, -393, -60, -222, -1623, -28, -346,
    -704, 427, -707, 22, -680, -773, -984, -664,
    -327, 144, 464, -1485, -100, -321, -663, -696,
    325, 614, -289, -61, -517, 31, -52, -89,
    -826, -343, -894, -1491, -191, 37, -188, -150,
    1044, -2027, -690, -349, 568, 261, -109, -1063,
    -616, 284, -729, -1297, 101, -870, -454, -528,
    -353, -456, -786, 391, -414, -655, -915, -473,
    227, 1991, -5, 526, -1012, -840, -392, 504,
    652, -390, -799, 414, -38, 1269, -446, -198,
    177, -877, -278, -334, -547, -589, 527, -181,
    1452, -466, 479, 215, 345, 135, 253, 374,
    -138, -308, 773, 101, 388, -94, 176, 288,
    -332, 233, -408, -412, -181, 911, -309, 390,
    -614, -493, 3, 476, -453, -696, 114, -164,
    38, 46, -866, 231, -729, 275, 147, 308,
    264, 1360, 106, 1146, 564, 784, -603, 636,
    80, 590, 676, 183, 859, 115, -205, -186,
    -1268, 230, -416, 330, 7, 362, 89, 454,
    -667, 439, -1137, -2148, -863, 250, -2083, 532,
    1110, 549, -561, 143, -34, -529, -526, -419,
    275, -925, 639, 701, 358, 62, 447, 949,
    -932, -484, 1408, 1093, -661, 143, -79, 345,
    -397, 1997, -165, 283, -862, 980, 808, 911,
  },
  {
    -157, 1288, 191, 1049, 34, -196, -56, -365,
    756, -1114, 27, -422, 210, -295, 694, 719,
    900, -589, -210, 538, -993, -664, -1358, -2003,
    1400, 341, -103, 733, -510, -133, 291, -1205,
    -278, 387, 405, 179, 1545, -55, -94, 674,
    622, 155, 1325, 1087, -449, 626, -854, 142,
    -897, 440, 561, 1227, -1170, 185, 896, 233,
    730, 1778, 464, 1289, 522, 383, 1207, -1152,
    705, -123, -36, -871, 1357, -933, -14, -83,
    159, 1729, 884, 1607, -200, -206, 939, 232,
    -1352, 528, 1563, -1780, 444, 577, 1306, -144,
    -98, -1057, 898, 2277, -1283, 818, 1147, 940,
    -743, 904, 563, -508, 1101, -444, -107, 61,
    1330, 672, 736, 1164, 247, 1353, 2, 1065,
    -933, 690, -343, -603, -293, 792, -205, 579,
    860, 178, 337, -680, 586, 1273, -859, 905,
    -934, 562, -754, 174, -398, -463, -534, 141,
    475, -396, -299, -397, 281, -395, -229, -128,
    461, -484, -572, -724, 158, 236, -957, -442,
    624, -157, -755, 159, 78, -959, -2341, -676,
    1003, 565, -452, 33, 102, -97, 544, 57,
    -230, -371, 105, 862, -959, 929, -901, -346,
    -69, -179, -58, 703, 650, -429, 226, -160,
    463, -534, -70, -1137, 1122, 491, -68, 488,
    665, -204, 489, -1142, -751, -839, -1462, 55,
    379, -813, 1029, 233, 431, -356, -1466, 374,
    -405, -175, 412, 339, -88, 1065, -936, -1041,
    415, 714, 40, 468, 574, 86, 706, -1625,
    -510, 592, 72, -1056, -970, 30, 437, 492,
    -943, -2343, 932, -932, 86, 411, -335, 404,
    456, 254, -458, -494, 562, -314, -854, 321,
    289, -505, -1111, -72, -1388, 94, 111, 331,
    248, 1195, -139, -6, 656, 1113, 303, 120,
    1239, -1524, 492, 345, 441, -534, -1513, -871,
    794, -479, -205, -53, -396, -2099, -269, 1565,
    -319, -604, 212, -286, -73, -1351, -148, 288,
    -940, -1108, -654, 736, -103, -323, -1082, 155,
    291, -3, 2007, -292, 467, 1397, -153, 163,
    -251, -828, 578, -273, -676, -690, 171, 369,
    536, 181, 460, -164, 531, 476, 998, 864,
    -697, 681, 2133, 1198, -24, 691, 970, 844,
    332, 180, 611, -861, -609, -1133, 1400, 1244,
    398, 391, -1028, 408, 278, 85, 612, -799,
    -1455, 372, -396, 64, 741, -171, -168, 307,
    425, 63, 959, 335, -34, -387, -472, -1750,
    -4, 312, -400, -1074, -542, -2110, 431, -696,
    -1569, -94, 1843, -677, 119, 1124, 320, -756,
    -269, 621, 1890, -1693, -206, 165, -256, -379,
  },
  {
    1622, 908, -939, -887, 171, 1033, -415, -378,
    -131, -205, -1687, 815, 1114, -193, 425, 1136,
    363, -408, -8, 205, 1000, -536, 2254, 1200,
    192, 26, 106, 340, 790, 212, -1735, -696,
    605, -1473, 475, -2518, -489, -393, 1018, -24,
    48, 1862, 466, -27, -266, -607, -584, 799,
    -24, 425, 334, -468, 2003, -124, -383, -1757,
    -847, 147, -630, 527, -727, 1101, 322, 34,
    399, -545, 552, 892, 275, 558, -91, 962,
    948, -1188, -458, 871, 473, -1272, -72, -601,
    -719, -373, 334, 419, 968, 558, -427, 1186,
    526, -297, -420, 673, 430, 480, -620, 211,
    1458, 452, 405, -414, 1157, 572, 1928, -670,
    1527, -882, 93, 1610, 125, 868, -788, 727,
    -1160, -586, -3870, -1093, -482, 935, -712, 1126,
    -1149, 338, -1250, -194, 1427, -504, -1006, 418,
    741, -161, 1420, 342, -382, 298, -552, 48,
    -813, 574, -390, -527, -366, -436, -102, -36,
    -1671, 604, 145, 550, -256, 204, 1737, 1144,
    579, 746, -1642, 678, -650, 258, -877, 1724,
    -1634, 1325, 476, 191, 625, 659, -162, 2384,
    857, 824, 503, 960, -829, 827, -356, -1114,
    -965, 500, 2147, 1357, -246, -844, 45, -667,
    571, 1624, -929, -477, 336, 844, -207, 60,
    349, -156, -475, 630, 6, -45, -1122, -1692,
    45, 79, -1790, 2023, 638, 281, -682, 417,
    -946, -750, 76, 1245, -1928, 1056, -358, 605,
    289, 1514, 649, -6, 822, -349, -456, 332,
    -325, -202, -220, -68, -1480, 716, 443, 1085,
    1479, -157, 806, 980, 2195, 144, 70, -584,
    166, -194, -1466, 1432, 252, -810, 650, -170,
    -1301, 884, -1132, 872, -799, -753, 626, 654,
    366, 388, -530, 397, -865, 656, -461, -290,
    -269, 679, 1229, -169, 637, 364, -314, -874,
    493, 1001, -869, -796, 820, -886, -1601, 480,
    -981, 1364, -821, 298, 1460, 1092, -561, -711,
    -601, -1016, 1096, -203, -218, 32, -15, 141,
    979, -170, 517, -321, 261, -730, -207, -402,
    98, 557, 824, -850, 1079, 272, -736, -534,
    680, -41, -1890, -911, -949, 640, 56, -128,
    -387, -195, -697, 833, 471, 327, -376, 404,
    -569, -213, -19, 623, -822, -1225, 389, 37,
    -95, 1550, 899, -690, 247, -885, 387, 755,
    -1046, -502, -1154, 480, -1104, 796, -690, -452,
    184, 552, -221, 223, 29, -271, -105, 447,
    1140, -256, 154, -271, 969, -676, 466, 569,
    -107, 119, -98, -132, -85, 809, -521, 1069,
    -827, -227, 134, 250, -393, 31, 560, -762,
  },
  {
    -903, -3070, -611, 763, 1816, 469, 925, 1834,
    -759, 176, 339, 73, -740, -428, 1150, 1128,
    -1322, 1073, -1293, -687, -64, 463, 630, 2505,
    -1925, -753, -432, -678, -162, 1944, -214, 28,
    611, 273, -630, 204, -659, -82, -96, -1551,
    743, 494, 1561, 423, 88, -731, -697, -721,
    -452, 27, -798, 1063, 1536, 383, 102, -751,
    -815, 1415, -648, 531, -50, -728, 759, -1964,
    -165, -502, 1710, 539, 33, 384, 359, 539,
    890, -1049, -488, -2245, -1124, -1939, 7, 977,
    475, -553, -66, 909, -3009, -1504, 60, -1256,
    505, 213, -1149, -1507, 623, -732, 1408, -1226,
    621, -572, -1128, 307, -262, 1856, -569, 998,
    -780, -1008, 522, -831, 1029, -44, -614, 876,
    1322, -376, 1089, 973, -28, 725, -81, 3,
    -14, -221, -72, -281, 416, -501, 223, -1870,
    302, -520, -1040, -951, -1540, 578, 153, -1848,
    1588, -362, 214, 945, 1081, -63, 433, -168,
    1198, -232, 125, 417, 463, 948, -169, 190,
    881, -1669, 658, 813, 127, 14, 177, -613,
    -664, -786, -484, -313, 207, 971, -798, -1336,
    196, 316, 414, 1595, 546, 397, 988, 324,
    -888, -1782, -394, -685, -550, -112, 767, -239,
    -447, -255, -377, 1371, -626, -1194, 1019, -497,
    -875, -2023, 50, 1277, 77, -19, -687, 407,
    491, 846, -1096, -741, -399, -372, 834, -842,
    -707, 346, 946, -795, 2703, -384, 360, -162,
    892, -1635, 513, -796, -105, 12, 508, 968,
    362, 1715, 1571, 2366, 831, -3, -480, -1228,
    -228, 841, -2932, -315, -387, -434, -132, 326,
    -215, -396, 1732, -66, 351, 990, 2668, -1144,
    -3, -45, -336, -255, 769, -979, 840, 400,
    155, 705, 558, -413, -2264, -1148, -92, 454,
    12, 1197, -1045, -436, -1057, 294, 559, 385,
    -1036, 311, -587, 2335, -121, 2432, 28, -295,
    183, -571, -30, 1942, 485, 632, 1378, 498,
    441, -428, -405, -1272, -1010, 96, 686, -883,
    12, 1007, -719, 323, -87, 1102, 931, -10,
    -254, 557, -564, 752, -317, 757, -727, 530,
    -1680, -387, -2175, 487, 526, 325, -1521, -394,
    -27, -935, -308, -668, -291, -163, -528, -889,
    274, 773, -234, -409, -629, -787, 593, -492,
    -266, 1033, -974, 283, -836, 373, -1301, 1146,
    -347, 58, -735, -980, 843, 833, -269, -1424,
    751, 592, 997, -350, -346, -109, -617, 1673,
    -1013, -922, 1445, 139, -197, 993, -393, 1039,
    -314, 247, -971, 207, -285, 292, 75, -577,
    906, -1164, -398, 983, 400, -572, 1314, 1761,
  },
  {
    541, -1150, -2046, -1240, -873, 189, 1143, 709,
    -791, 996, 1788, 1486, 1119, -107, -924, 645,
    1392, 708, 1853, 384, -2104, -53, 322, 2836,
    323, -188, 475, -420, -252, -763, -582, 270,
    -761, -151, -1012, -1358, -23, 138, -492, -939,
    -679, 871, 17, -1137, -289, 804, 2263, 991,
    -128, -699, -283, 93, 877, 681, 1102, -255,
    866, -115, -100, 629, -698, 310, -1130, -863,
    -640, 1224, 1948, -116, -923, 1048, -1757, 1557,
    -84, -439, 278, -1288, 573, -1137, -274, -2465,
    2413, 238, -587, -443, -9, 1245, 231, -426,
    -135, 1042, -416, 42, -1511, -192, -1422, -153,
    -69, 772, -552, -600, 434, 614, 938, -303,
    935, 743, -344, 1995, -206, 769, -3161, -1184,
    -849, -607, -1292, -1226, 131, -1151, -1573, 1510,
    -1147, 1054, -140, 439, -132, -30, 2034, -131,
    1697, 103, -470, -622, 48, -685, 506, -290,
    795, -545, 1458, -593, -1267, 1779, 475, -180,
    209, -6, -88, 1851, 788, -1009, -124, 965,
    -356, -187, 758, 237, -1127, 185, -234, -1299,
    -747, -1183, 74, 716, 257, 30, 404, -304,
    -1050, -829, -1246, -759, -41, -73, -62, 2099,
    373, 375, 605, -394, 1434, 1202, -1138, -1139,
    312, -1149, 577, 770, 44, -111, -617, -821,
    157, 653, -171, 1614, 430, -500, -416, -1147,
    -789, -300, 1367, 838, 1040, -97, 2156, 583,
    -204, 1043, -1124, -111, -628, -583, -147, -365,
    109, 543, -352, -471, -434, -187, 686, 293,
    1161, 1073, 634, 726, 774, 212, 612, -1113,
    -901, 253, -669, 89, -287, -574, -84, 800,
    470, 443, 297, 75, -956, -335, 555, -42,
    -1392, -888, 65, 801, 45, -733, -247, 157,
    -152, 168, -1256, 635, 147, 1053, 128, -774,
    -712, 1389, 737, -566, -712, 42, -951, -20,
    -606, -1274, 222, -50, -524, 122, 384, -551,
    116, -370, -83, 1590, 102, 608, -860, -140,
    92, 979, -511, 918, 1855, -426, -332, 514,
    -545, 514, 265, -1142, -1054, -358, 1292, -673,
    358, -1122, 634, 1031, -816, 557, 5, -283,
    605, 375, 727, 1368, -63, 190, -432, -88,
    120, 599, -232, -803, 167, -13, 984, 72,
    29, -550, -654, -1239, 401, -58, 19, -22,
    309, -1214, -676, -91, 36, 125, -170, -475,
    369, 316, -1, -88, -324, 286, 697, -331,
    -17, -180, -343, 640, -1284, 469, -758, -1249,
    745, 751, -1591, 24, 545, 1397, -421, -728,
    -948, 766, 1458, -1366, -1192, -29, 464, -1313,
    347, -556, -316, -1336, 140, -870, -770, -1333,
  },
  {
    -642, -165, 1467, -38, 1183, 323, 935, -306,
    -1267, 1114, 953, -293, 1266, -878, 241, 837,
    -782, 1076, -915, -140, 210, -84, -1195, -40,
    1247, -46, -475, 614, -842, -118, -580, 53,
    895, -116, -928, -666, 51, 865, 591, 308,
    58, 795, 625, -493, 184, 318, -460, -388,
    648, -336, -56, 1169, -68, 629, 1110, -722,
    -755, -729, 166, 429, 1283, 301, 1787, -874,
    -219, -1035, -36, -217, 1446, 71, -947, 516,
    1369, 577, -630, -115, -677, -85, 151, 314,
    -1245, 1027, 336, -1386, 1069, 289, 679, -686,
    491, 324, -308, -486, 61, 1572, 1002, 326,
    1338, 722, 875, -1334, 633, 1511, -2861, 1944,
    755, 1540, 1378, -441, 268, -87, 784, 274,
    -132, -7, -933, -1556, -2285, 946, 583, -230,
    2058, -194, -611, 1454, 1091, -729, -587, 1087,
    -759, -688, -35, 827, -989, -284, 362, -312,
    -837, 13, -488, 192, 220, 144, -300, -1049,
    -261, -158, -1821, 117, -544, -39, -1497, -998,
    442, -858, -1267, -416, 386, 482, 76, 295,
    551, 218, -376, 212, -1217, -720, 836, -758,
    35, 319, 264, -639, -350, -641, 811, 1322,
    -696, -854, -525, 1204, -458, 154, -888, -525,
    21, 81, 17, -1032, -268, 146, 976, 113,
    365, 156, -515, -1125, -3, -633, -734, 843,
    -477, 286, -370, -96, -629, -114, -338, 58,
    -440, -85, -226, -365, 461, 298, -1797, -551,
    -100, -1049, -193, -84, -370, 149, 120, 27,
    -324, 844, -626, -1120, -718, -401, -889, 407,
    -225, -1405, 553, 281, 409, 459, 643, -659,
    -833, 1137, -1047, -751, 361, -660, 489, -1154,
    461, -220, -366, -119, -1387, -498, -324, -446,
    46, 393, 732, 1296, -1162, 703, -409, 1438,
    683, -534, -229, -370, -813, -228, -10, -316,
    -58, -2133, -1027, 816, -65, 226, 660, 497,
    -3, 146, -323, -326, 654, 839, -487, 897,
    -547, 381, -277, -455, 719, 376, 227, -218,
    601, 224, 1326, -339, 752, 1460, 254, -455,
    836, -278, -802, -427, 246, -435, -673, -274,
    -660, -1016, -1362, -139, 746, 544, 590, -466,
    -515, 417, 734, 717, 140, -124, -97, -87,
    557, 731, 445, -59, 225, 783, 603, 702,
    -1104, 162, 74, 391, -1425, 234, -77, -1490,
    -1399, 533, -1472, -1067, -2017, 1099, -1221, -488,
    -6, 1527, -1192, 251, -378, 468, -1209, -1512,
    55, -1154, 586, -351, 842, -447, 454, 981,
    -544, -1174, -105, -78, -145, 752, 438, -414,
    -229, 441, -156, -1211, -404, 274, -536, 39,
  },
  {
    -670, 429, 627, -343, 887, -926, 236, -389,
    103, 1823, 2103, 1771, 158, 57, 1423, -260,
    -178, 983, -710, 2297, 1020, 414, 194, 2502,
    592, -37, -1305, -543, 1075, 2259, 1934, 307,
    -149, -158, -603, 264, 561, 1290, 2402, -567,
    -2016, 372, 395, -633, 2289, -1192, 1047, 561,
    -28, 1555, 1071, -921, 1791, -822, -820, -2281,
    -446, 286, 240, 2120, 1566, 438, 1824, 703,
    -611, 1427, 2279, -775, -320, 1234, -47, 75,
    598, 681, -2072, 705, -544, -101, -474, 615,
    -1137, 1389, -361, -751, -241, 785, -843, -2726,
    -770, 604, 1113, -1469, 147, 242, -498, -378,
    1503, 1462, 988, 754, 106, 2031, 561, 2114,
    1889, 287, 2143, -2001, -516, -168, 733, 1224,
    -1114, -629, -257, -2623, 615, 1073, 1671, 673,
    -370, -658, 830, 1659, -639, -1, 1003, 1853,
    -460, 1413, 1173, -442, -735, 1326, -239, 619,
    -185, 529, 1606, 929, 219, -1065, -1102, -1177,
    750, 566, -90, -37, -651, 893, 159, -229,
    -1322, -908, 5, 117, -310, 121, -294, 870,
    1434, -414, 1305, -23, 1123, -1268, 625, 1062,
    -726, 1069, 180, 739, -449, -441, -1164, 947,
    -1686, -709, -75, -526, -417, 427, 857, 302,
    686, -465, 378, -255, -900, 924, 482, 600,
    341, 574, -1357, -204, -120, -814, -544, 427,
    -1761, -443, 66, -709, -338, 229, 182, -1223,
    666, -471, -860, -722, 370, 311, 405, -419,
    153, 330, -223, 908, 185, 1272, 1059, -18,
    -274, 1119, -914, -122, 633, -791, -483, 97,
    -549, 825, 584, 1127, 1569, -627, 339, -1875,
    306, 1932, -616, 1475, -347, 1255, -8, -966,
    743, 105, -1113, -659, -1389, 420, 803, -875,
    -1909, -127, -1098, -209, -974, 22, 541, 523,
    -683, 97, 538, -1196, 553, 259, 612, -12,
    88, 462, 539, -1566, -1607, 769, -440, -544,
    -183, -57, 893, -135, 1205, 184, -830, -286,
    -110, 557, -1435, 194, 362, -69, -75, -1063,
    226, -1547, 199, -2047, -727, -212, 1214, 647,
    543, -1103, 586, 279, -1414, 608, -679, 171,
    811, -3, -294, -226, -159, 129, 323, -386,
    -1102, 1809, -12, -688, -326, 648, 242, -125,
    328, -59, 191, -65, 508, -18, 223, -905,
    889, -1164, -714, -641, -59, 817, 138, 661,
    914, -554, -489, 674, 329, -361, -1226, 773,
    -838, 587, -68, -407, 315, 509, 400, 1145,
    1558, -1291, 608, -151, -585, -846, 231, 844,
    162, -298, 1269, 968, -684, -200, 889, 1227,
    -13, 1532, 254, -289, 1032, -1129, 682, 751,
  },
  {
    -250, 1912, -829, 434, 205, 915, -1488, -968,
    1129, -2177, -1281, -325, 298, 862, 333, -526,
    808, -1126, -244, -1502, 819, 649, 1516, 76,
    -531, 2101, 485, -35, -610, 325, 495, 271,
    -1266, 216, 1890, -723, 446, -338, -1945, 365,
    -1425, 23, -235, -17, -669, -702, -710, -1246,
    -396, 3046, -884, -1035, -1969, -103, -52, 546,
    399, -1713, 965, -991, -118, 564, -825, 1867,
    1725, -1147, -1746, -440, -386, -630, 2179, -1515,
    820, -885, -80, 1610, 761, 1763, 305, 966,
    -562, -1217, -24, 1399, 2097, -444, 655, 413,
    -741, -274, 371, 407, 836, 1335, -359, -124,
    -158, -443, 123, 1472, 564, -3225, 899, -43,
    402, -541, 652, 806, -52, 371, 1758, 1503,
    1411, 1356, 1129, 1338, -853, 718, -908, 593,
    -986, 739, -382, -918, -1252, 3284, 42, -92,
    -119, -626, -1124, -502, 683, 510, -1032, -531,
    560, 1248, -989, 508, -604, -176, -113, 980,
    -153, 1409, 626, -423, 1401, -590, 276, -56,
    372, 1476, 1133, -1436, 618, 1796, -1783, -569,
    -1047, 359, 1087, -1070, -1211, 587, -1046, 924,
    982, 833, 334, -353, 270, 1088, -1333, -703,
    2024, 99, 499, -361, 420, -397, 995, 481,
    -116, 1152, -155, -94, 737, 1065, -737, 2661,
    684, -1200, 828, 675, -1235, 1638, 1257, -439,
    701, -1032, -231, 214, 548, -413, 528, 96,
    489, -1372, 139, 595, -721, -76, -391, -316,
    782, -1200, 122, -552, 1047, 566, -257, 721,
    -838, -87, 1492, -196, -617, -16, 872, -143,
    -353, -217, 1251, -724, -910, 183, -948, -1249,
    659, 15, 613, 458, 943, -145, -536, 559,
    -1013, 855, 465, -922, 608, 1012, 46, -395,
    -696, 75, -691, -300, 382, 138, 722, -971,
    -947, -1211, -293, -312, 624, 331, 639, -107,
    635, 1645, 807, -717, 1156, -1038, -979, 380,
    -41, 1458, -237, 442, -1509, -505, 338, -1605,
    -90, -817, 1119, 869, -514, -687, -631, -550,
    -539, 188, -1126, 472, -123, 144, 118, -447,
    370, 645, 1280, -1059, 370, 306, -1003, -281,
    -102, 440, 1019, -1014, -81, 650, -2397, -491,
    25, -333, -179, -265, -223, -231, -426, 378,
    360, -232, -536, -193, 465, 15, -282, 115,
    993, -1068, -231, -331, 38, 328, 667, 828,
    1290, -161, 37, 791, 618, -147, 912, -481,
    -1577, -1078, 823, -639, 173, 216, 451, 902,
    -793, 83, -713, 345, 723, -289, 843, 297,
    773, -265, 404, -711, 527, -1886, -830, 1754,
    77, -501, -511, 58, 719, 276, -169, 138,
  },
  {
    -398, 925, -169, 75, 608, -352, 1159, 170,
    562, -1198, -1433, -436, 408, -69, 190, -868,
    -281, 359, -631, -1399, 923, 1809, 1655, -89,
    -768, 2342, -440, -765, 1092, 894, 584, 1187,
    -1369, 320, 340, 691, 652, 105, -285, -396,
    497, 421, -823, -115, 1854, -423, 669, 587,
    901, 1972, 953, -1194, -638, -288, 175, 1406,
    334, -495, 93, 582, -118, 215, -462, 1787,
    761, -777, 1401, -56, -316, -305, 1686, -427,
    -1777, -416, -2072, 1137, 231, 540, 382, 744,
    512, -332, -2518, 1461, 241, -149, 284, -844,
    127, -71, 640, 167, 339, -677, 56, 194,
    111, -425, -497, 2989, -68, -1556, 1238, -213,
    -309, 426, 543, 296, 1255, 1147, 504, -407,
    1809, 1173, 1922, 2818, 85, -408, 81, 1119,
    -268, 456, 1140, -1069, -1316, 1680, 814, -188,
    -136, -275, -415, -1415, 124, 1302, 281, 490,
    650, -456, -205, 1069, -535, -1056, -615, -44,
    -613, 2074, 962, 437, -264, -295, -543, -290,
    824, 1053, -411, -694, 871, 1128, -511, 333,
    -432, -35, -290, -1385, -1459, 93, -44, -533,
    -473, 701, -980, 34, -518, -288, 1163, -1647,
    1286, 1146, 842, 171, 575, -1009, -977, 569,
    -2, 821, -278, 271, -96, 885, -73, 633,
    709, 93, 820, 594, -627, 1502, 1703, -266,
    -1725, -936, -242, -933, -376, -435, 374, 222,
    1119, -149, -717, 860, -449, 663, 555, 291,
    566, -210, -1108, -671, -100, -757, -1386, 1254,
    -519, 1240, 854, 87, 352, 728, 200, -550,
    -650, 1438, 229, 414, -1614, 187, -1380, -147,
    398, 706, 502, 880, 1352, 211, -38, -358,
    125, -120, 971, -1253, 756, 1278, -169, 478,
    538, -315, 294, -91, -271, 269, 112, 593,
    -701, -817, -154, -604, 429, -537, 643, 1273,
    -164, -81, 1137, 315, 744, 111, -972, 357,
    1085, -187, 247, 84, -381, -660, 1247, 627,
    -873, 188, 1217, -288, 809, -480, 955, 370,
    56, -8, -1177, 274, -159, 105, -652, -259,
    332, 732, 879, -668, -112, -459, 445, -422,
    -259, -80, 1006, -393, -895, -290, -1841, 1981,
    879, -734, 374, 213, -89, -297, -352, -684,
    807, -222, -279, -265, 206, 186, -433, -454,
    381, -179, 433, 219, 242, -233, 300, 1177,
    -175, -272, -167, 600, 890, -282, 428, -165,
    -1924, -317, 4, 1011, 769, 376, 993, -345,
    -737, -358, -635, 1067, -254, -205, 936, -433,
    727, 150, -261, -1259, 475, -493, 53, 907,
    187, -871, 631, 396, 1188, 441, -264, 1283,
  },
  {
    134, 554, 459, -1229, 1745, 2109, 110, 610,
    -270, -3, -96, 93, -730, -247, 507, 1174,
    -766, 611, 8, 959, 1018, 406, 288, 574,
    -826, 229, 1034, 576, 2478, 361, 1531, 1067,
    -50, 1090, 439, -1415, 962, -287, -321, 975,
    1718, 500, 1574, 3562, 789, -1266, 387, 523,
    -2597, 504, 333, -147, 463, 399, -505, -512,
    154, 1363, 920, 1534, -188, -13, 1173, -1146,
    2101, 854, -440, 553, 562, -280, -645, -620,
    -792, 473, 1296, -666, -355, -1833, -398, -287,
    817, 448, -513, 1289, -443, -347, 269, 142,
    905, 2743, 694, 1082, 489, -865, 750, 895,
    -35, -103, -1464, -25, 113, 330, 892, 137,
    1915, -844, -245, 237, 1249, 841, -397, -541,
    -959, 142, -377, 38, 1231, 1123, -90, 1269,
    -167, 1301, 133, 1729, 1373, -156, 556, -785,
    909, -1910, -239, -975, 681, -966, -633, -607,
    1081, 827, -226, -857, 28, 507, -630, 411,
    -778, -165, -18, -320, -104, 1017, -534, -1113,
    195, 75, 189, -80, 732, -613, -1252, -672,
    549, -286, -406, -428, 108, 1202, -1098, 160,
    2381, 409, 2264, -1824, -1485, 966, 250, -107,
    402, -1326, 143, -213, -522, -777, 322, -1587,
    -468, 1321, -485, 86, -560, -467, -129, -275,
    -437, -439, -99, 2108, 1215, 715, -201, 579,
    -892, -419, 269, -409, 89, -2427, -858, -287,
    -252, -1842, -38, 242, 506, -111, -490, 287,
    -115, 604, -643, -1158, -1157, 1631, 15, -1322,
    -785, -859, -1219, -344, 63, -1021, 1237, -422,
    879, -570, -796, -713, -1494, -213, -1019, 1170,
    -1013, -159, 991, -646, -466, -15, 482, 377,
    -2885, 622, -338, -710, 1355, -959, 422, -270,
    -686, -449, 110, 1039, -1131, 1374, -268, 1023,
    -1617, -645, -488, 374, 728, 164, 500, 2138,
    584, -1037, -107, -982, -884, 491, 35, -330,
    19, -181, 954, 1795, -120, 60, 273, 1307,
    341, 901, -201, -1217, 345, -698, 212, 557,
    1168, 377, -1565, -457, 1648, -946, 1136, -339,
    1890, -530, 950, -703, 292, 196, -435, -197,
    354, 325, 922, -372, 446, -672, -1622, 339,
    804, 625, 1137, 314, -242, 3161, -218, -513,
    -1033, -946, 1728, 451, 250, -247, -2242, 1382,
    -126, 100, 694, 572, -1503, -481, -1206, -1216,
    1033, -137, 587, 749, 411, 699, 1128, -932,
    137, 116, 323, -339, -120, 374, 1166, -234,
    789, 15, -1143, -2870, -286, 465, -843, 680,
    -1264, 51, -790, 420, -141, -870, -230, -1039,
    844, 1318, -517, 343, 1482, 104, 722, -285,
  },
  {
    1116, 1244, -2114, -767, 729, 2318, -169, 1377,
    -100, -222, -315, 2457, 929, -48, -132, -73,
    1295, 568, 1290, 514, 211, 307, 401, 965,
    233, 352, -177, 341, 1005, -475, 1517, -292,
    -788, -124, -101, -2018, 1851, 524, 113, 1119,
    251, 1201, -708, 1103, -4, -1793, 1518, 1410,
    -736, 1331, -193, 163, 179, 37, 571, -1209,
    -451, 310, -283, 1447, 342, 959, 767, -12,
    1816, 1171, 1295, 368, -349, 672, -907, 1270,
    803, 407, -201, -115, 284, -1394, 51, -221,
    -215, 108, 333, 834, 466, 1269, 4, 638,
    -758, 782, 1366, -139, 657, -501, -922, 2491,
    689, -107, -123, 847, 990, 512, 1677, -67,
    708, 23, 459, 2816, 1219, 1603, -2436, 792,
    -1462, 584, -265, -1905, 174, -810, -902, 1700,
    -1230, 1460, -1328, 2157, -124, -177, 536, 1364,
    724, 462, -1089, -173, 383, 7, 483, -578,
    784, 423, -127, -36, -1068, 253, -401, 869,
    971, -355, 715, -338, -48, -439, 1171, 1562,
    -161, -375, 148, -1489, 350, 633, 116, -269,
    -97, -429, 28, 865, -806, 4, -1152, 176,
    502, -901, 336, -441, 140, 80, 261, 8,
    364, -236, 673, -1880, 210, 177, -75, -834,
    747, -84, -691, 53, -1073, -17, 132, 892,
    942, -797, 760, 546, 255, 120, -123, -1196,
    -687, -1244, -55, 463, 843, -1651, -428, -269,
    9, 340, 157, 1248, 480, 1767, -106, 1101,
    1796, 827, -12, -273, 55, 470, -392, -242,
    -354, 1260, -344, 562, -1176, 139, -116, -737,
    467, 239, 459, -739, 462, -933, -279, 213,
    -21, -67, 45, -860, 313, 1698, 1869, 989,
    -1450, 518, -751, 443, 797, -627, 911, -346,
    21, 513, 153, 960, 881, 1396, 169, -803,
    -884, 271, 793, 221, 301, -1064, -1669, -603,
    -420, 85, -340, -759, 210, 1273, 942, -854,
    974, 1224, -752, 1361, 553, -146, 67, 72,
    836, 763, -32, -177, 524, 719, -164, 862,
    74, -182, -965, -671, -1343, -698, 1338, 1443,
    1587, -90, -160, 142, -342, 941, -408, -1045,
    -486, 576, -137, 335, -419, 56, -193, 431,
    -1214, 1245, 349, 180, -771, 1242, -130, -739,
    -472, -1028, 381, 1138, 479, -642, -1662, 145,
    -321, 314, -266, 2014, -1136, 836, -265, -120,
    877, 791, -866, 358, -809, 473, -1930, 1200,
    -497, -1259, 339, -160, -1216, 506, -119, 491,
    566, 60, 658, -1076, 644, -394, 584, -624,
    -1560, -876, 367, -177, 225, -896, 382, -289,
    227, 751, 195, 926, -81, 371, 90, 947,
  },
  {
    -327, 1279, -279, 826, 367, 274, -867, 1071,
    333, -3232, -1725, 1228, 816, 1773, 1550, -562,
    433, -1570, -596, -427, 2138, -447, -1205, -900,
    -172, 656, -280, 205, 580, -89, 135, -74,
    -389, -567, 1223, -1232, -1106, -93, 241, -2180,
    -240, 1517, -469, -47, -843, -2198, -1445, 612,
    -282, 1243, 784, -732, -881, 333, 238, -2262,
    -270, -873, -1063, 1075, 529, -336, -1427, 948,
    802, -569, -538, 1843, -129, 770, -1076, -348,
    1703, -734, -767, -286, 1362, 475, -789, 745,
    -615, 363, 794, 585, 985, -345, 681, 1297,
    -2548, 287, 702, 591, 649, -870, -996, -107,
    1026, -577, 204, 1298, 1265, -2735, 1054, -729,
    -168, -1861, 1081, 2189, -525, 1893, 398, 1792,
    -1348, 867, -1276, 601, -1108, -1855, -724, 1134,
    -370, -188, -1484, -1350, -1069, 280, 470, 1380,
    265, 74, 496, -511, 1174, 1116, -122, -6,
    -366, -431, 921, -950, -848, 329, 833, 390,
    -742, -1240, -1078, 1280, 687, -1744, -2124, 1398,
    994, 1826, -1603, -1108, 80, 1732, -162, 2288,
    1445, 1387, 375, 477, 21, -299, -107, 35,
    23, 662, 596, 1498, -944, 1872, -1612, -1552,
    106, 3026, 2646, 654, -983, -2259, 772, -1939,
    806, 1434, -620, -966, 23, 535, 954, 1625,
    1181, 177, 556, 832, -2504, 640, 1314, -526,
    1085, -608, -852, 1778, 204, 1288, 47, 1605,
    -238, -581, 397, 566, -2048, 548, 542, 1200,
    1033, 516, 556, 1260, 1341, 367, 1176, 1986,
    171, -805, -416, -1322, -1135, -513, 416, -1057,
    -1137, -1072, 588, 210, -309, -166, -81, 466,
    1738, -172, 818, -85, 356, -222, 36, 859,
    -364, 1212, 638, 993, -2444, 1508, 331, -1077,
    -812, -1270, -58, 304, -135, 185, -631, -2138,
    1047, -959, -871, -1947, -594, -424, -785, -284,
    -994, 2235, -718, -732, 1027, -537, 116, -290,
    -240, 586, 490, -30, -253, 1003, 693, 878,
    -867, -1214, 105, -1401, -838, 1455, 306, -712,
    335, 24, -35, 36, 1242, -122, 942, 1140,
    -82, 846, -358, -484, -744, 497, 129, 982,
    221, 1017, 966, -1119, 156, -1150, -129, 414,
    339, 877, 2058, -1384, 375, -282, 86, 460,
    832, -167, 688, 190, 320, 306, 36, 599,
    1487, -658, -909, -767, 60, 504, 1477, -89,
    75, -728, 902, 454, -2655, -1537, 168, -943,
    -1263, -2365, -422, 480, 858, 2951, 1144, 368,
    -1137, -478, 1298, -466, -885, 1043, -138, 1418,
    -257, -1431, 1599, 68, -693, -548, 763, 662,
    135, -1189, 89, -817, -407, 1064, 760, -673,
  },
  {
    429, -1572, 310, -1726, 1875, 1308, 1575, 474,
    -82, 1469, -1484, -248, -1222, 1355, -650, -531,
    -735, 1571, 689, -1107, -57, 111, 565, -277,
    663, 150, -123, -566, 523, 743, -974, 1133,
    375, 64, 332, -1225, -611, -757, 601, 2068,
    -1308, 1019, -313, 820, 455, 58, -296, -363,
    265, -1226, -817, 632, 1015, -386, -302, -412,
    -484, 739, 862, -659, -931, -614, -298, -862,
    -265, -1076, -715, 1970, -264, 849, -888, -271,
    -188, -966, -1029, -1706, 98, -1812, -1025, 892,
    1053, -57, -1242, 319, -1339, 574, -344, 502,
    -1302, 1020, -1140, 192, 1039, 295, 259, -775,
    1278, -525, 1054, -607, -1161, 1781, 792, 1767,
    -1522, 1397, -214, -1738, 761, -367, -591, 1236,
    -1344, -521, 392, -534, 623, -20, 401, 2,
    -151, 198, -611, 249, -882, -932, 63, -764,
    161, -752, -413, 715, 347, 518, 1382, -313,
    1353, -927, -1325, -933, 1521, -51, -269, 588,
    74, 238, -950, -732, -349, 1093, 1414, -548,
    899, 156, 653, 808, 63, 385, 1514, 274,
    -194, 1611, 1813, -252, 2070, -386, -572, 229,
    676, 430, 232, -524, -548, 1596, -320, -1321,
    -434, -678, -563, 378, -1041, -364, -376, -125,
    64, -152, 523, 647, -1937, -2716, 155, -845,
    -328, -817, 1134, 419, 512, -606, 223, -261,
    497, -280, -740, -460, -108, -102, 1159, 265,
    1463, 368, 643, -493, 856, -1308, 424, 717,
    -770, 997, 152, -761, -173, 241, -168, 182,
    3, -960, 191, 1117, 176, -797, -1009, 1052,
    313, 1363, -1475, 561, -503, -1607, 1360, -342,
    968, -275, 789, 406, -89, -1118, 975, -338,
    188, -160, 486, 76, 310, 1235, 2034, -709,
    -64, -685, 1548, 989, -837, 1185, 278, -80,
    -376, -327, 280, -1281, -1231, 85, 1084, 16,
    -303, -17, 77, 648, -400, -92, -150, -464,
    -830, -131, -320, 274, -150, 500, -472, -713,
    196, 299, 183, -739, -838, -39, 813, -225,
    171, 484, -99, -351, -399, 309, -640, 771,
    -291, -277, -66, 476, 1641, -109, -28, -274,
    -361, -803, -2741, 201, 947, 623, -1123, 512,
    -239, -849, -1183, -1241, -241, 9, -963, 125,
    362, 183, 483, -759, 229, -636, -129, -423,
    -1773, 2074, -506, -162, -827, 1466, -1067, 372,
    -724, -186, -686, 880, -404, -17, -709, 629,
    746, 492, 82, 1214, -248, 504, 991, 1089,
    411, 389, 1192, 463, -1344, 783, -400, 918,
    -966, 263, -634, 1433, 831, -14, -20, -535,
    658, -1504, -238, 1087, 1003, -370, 681, 727,
  },
  {
    -680, 2493, 794, -183, 1764, -345, 1157, -871,
    -181, 1457, 891, 2272, -37, 99, 611, 72,
    -54, 1359, -802, 915, -258, 759, 481, -2007,
    273, 1029, -922, 1296, 1360, -554, 1076, 1395,
    686, 1016, -466, -38, 2429, 46, 19, 3317,
    768, -752, 900, 1494, 1648, -702, -537, 1703,
    -964, 21, 1471, 1404, 81, 146, -646, -1151,
    -864, 550, -13, 443, 858, -6, 2386, 324,
    1348, 1268, 347, -363, 591, -64, 1172, -373,
    -537, 943, 83, 1581, 456, -1757, -337, 1842,
    -238, 1077, 769, 577, -3, 783, -590, -363,
    645, -511, 672, 1671, 746, -1032, 1554, 1327,
    -100, 1004, 2623, 706, -185, 1317, 819, 1829,
    749, 2321, 900, 964, 1919, 1372, 109, 2661,
    -1923, 569, 1041, -1221, 918, 572, 152, 164,
    -92, 2677, 749, -321, -64, 262, 575, -211,
    266, -641, -515, -889, -764, 110, 147, -1454,
    156, -672, -954, -2195, 491, -1206, -890, -673,
    242, -405, -401, 450, -832, 1149, -256, -1689,
    -333, -986, -762, -307, 460, -538, -1897, 792,
    310, 1324, -409, -1645, 1219, -488, 56, 476,
    103, -877, 1231, -908, -1639, -409, -797, -1609,
    -470, -1439, -284, -214, 44, -461, -360, -425,
    364, -442, -161, -168, -817, -15, 241, -391,
    -89, -464, 50, -1086, -840, -120, -240, 732,
    803, -861, -978, 75, 68, -231, -505, -860,
    -387, -150, -473, 44, -999, 1139, -966, -737,
    922, 744, 397, 226, -136, -279, -545, -2597,
    -380, 58, -856, -780, 331, -775, -126, -313,
    -191, -230, 236, -1653, 478, 705, 59, -1096,
    -1145, 698, -566, -375, -218, -118, 130, -106,
    -725, -962, -1338, 52, -854, -303, 865, 311,
    -6, 861, -350, -60, 673, 86, -1198, 2795,
    1198, 1307, 378, -92, 412, 1123, -1699, -1077,
    165, -176, -591, 404, -205, -1667, 719, 760,
    344, 526, -451, 166, 1188, 194, -520, 537,
    37, -1056, 420, 1399, 706, -166, -78, 195,
    472, 172, 354, -500, -76, -723, 538, 1310,
    581, -469, -1539, 1167, 786, -61, -269, -731,
    1278, 1290, -466, 523, -628, 613, 1426, 901,
    470, 1120, 461, 769, 1284, 1514, 612, 3040,
    -418, -298, -212, -2015, -450, -838, 128, 1061,
    -699, -667, 610, 2971, 207, -91, 405, -1380,
    -126, 346, 529, -1476, -1422, -1350, -379, 575,
    1482, 488, -380, 984, -264, -1196, -640, 383,
    257, 419, 705, -1269, 160, -734, 198, -789,
    -1099, -1233, -737, 232, -290, 530, -1253, 539,
    -476, 1398, 454, -1189, -1806, -400, -9, 718,
  },
  {
    1017, 580, 911, 33, -816, 785, -504, -373,
    1395, -477, 445, -1605, 614, 2218, -566, -1137,
    455, -432, 359, -42, 453, 487, 1383, -1067,
    -2603, 1826, 720, -1420, -1057, 254, -1273, -664,
    -1129, -388, 2180, -907, -836, 69, -597, -568,
    -2005, -144, 282, -1807, -450, -294, 132, -977,
    -2211, 472, 315, -1295, -329, 1109, 145, 952,
    1175, -1271, -710, -200, 848, 1422, 221, 290,
    1597, -1671, -405, 1361, -398, 64, 1385, -813,
    2116, 349, -416, 1063, 905, 1903, 259, -347,
    -848, 435, -2337, 2561, 81, 339, -282, 230,
    -1497, 1021, 1223, -294, 1368, -2071, -84, -1074,
    978, 765, -407, 247, 132, -981, 1018, -87,
    -25, 255, 50, 973, -1338, 1107, 1601, 971,
    -664, 835, -459, -461, -924, 1110, -33, 1816,
    -416, -605, 971, -1941, -502, 2462, -1550, 254,
    376, 1265, 933, 800, -166, 455, 179, -451,
    203, 507, -437, 228, -276, 1256, -514, -383,
    218, 817, -259, -271, 893, -1222, -1175, 206,
    961, 1348, -1262, -347, -1348, 1614, -237, 2059,
    -857, 520, 1792, 516, -1237, 339, -548, 274,
    -534, 924, 468, 979, -611, 2371, -1017, 5,
    -231, 632, 1295, 886, 210, -687, 1689, -1147,
    -147, 1272, 41, -88, 1039, -541, -653, 2215,
    3526, -944, -359, 1469, -663, 1552, 1131, -1224,
    -471, -1919, -484, -308, 2314, 27, -746, 705,
    654, 6, -237, 910, -191, 845, 586, 2051,
    -718, 18, -549, -302, 914, 1129, -517, 2164,
    -1689, -458, 266, -172, -743, 820, 1921, 1292,
    -1819, -415, 174, 503, 61, 1754, 539, 1419,
    1170, 1279, 326, 1543, 116, -787, 35, 395,
    339, -255, -1905, 337, -223, 1768, -806, -1283,
    -1516, 176, -403, -402, -2004, 948, -1055, 238,
    -740, -259, 1384, -288, -176, -292, 304, -348,
    1216, 224, -30, -2060, 72, -1102, 78, -726,
    274, 1517, -698, -495, -1015, -2253, -84, -1007,
    -743, 79, 459, 1436, -57, -306, -712, -45,
    -353, -1030, -274, 448, 146, 1131, -271, 226,
    63, 885, 1318, -972, -315, 771, -235, -916,
    -434, 2047, 1439, -1820, -281, 80, -1708, -1516,
    485, -97, 843, 561, -622, -499, 132, -19,
    874, 364, -1530, -307, 313, 966, -720, -465,
    434, -807, 436, -212, 1492, 486, 53, 2159,
    -693, 178, -575, -213, -842, 571, 566, 358,
    -1055, 956, 338, 119, 1429, 719, 903, -448,
    -956, -734, -1323, 89, -353, 452, -398, -731,
    769, 912, -1840, -64, -621, -215, -610, 1341,
    1233, -148, -1001, 306, 1997, -830, -205, 357,
  },
  {
    605, 768, 1375, 636, 1769, 111, 1029, -239,
    -326, -75, 1183, 486, -234, -152, 433, -136,
    -1648, 721, -338, 752, -58, 836, 168, -1364,
    905, 663, -953, 920, 134, 396, -516, 242,
    1295, 219, -439, 712, 615, 191, 664, 1342,
    381, -358, 1270, 909, 1299, 148, -524, 176,
    320, -112, -292, 408, -512, -295, 712, 89,
    -757, 699, 1338, 817, 1837, 501, 716, -744,
    557, -120, -473, -890, 872, 453, -471, -603,
    39, 1554, -6, 1877, -302, -677, -58, 756,
    -1237, 22, 246, -1266, 24, 889, -539, -1466,
    564, 165, 748, 684, 398, -442, 1519, 181,
    794, -195, 1996, 678, -542, 1285, -615, 1571,
    1524, 954, 1625, -373, 881, 351, 535, 1219,
    -1126, -118, -385, -245, 50, 878, 189, -1441,
    1094, 45, 1925, -858, 49, -1093, -315, 574,
    -362, -176, -730, 38, -415, 308, -680, -509,
    105, -343, -115, -1209, 521, -48, -1408, -173,
    1029, 216, -739, -196, -97, 1082, -230, -1283,
    711, 125, -783, -123, 179, -1242, -882, 1501,
    1486, 898, 275, -406, 649, -425, 304, -871,
    -4, -734, -17, -537, -960, 514, -420, -29,
    -428, -393, -1052, 454, -6, -894, -309, 72,
    -42, -246, -353, -628, 339, 551, -171, 605,
    196, 184, -104, -450, -1165, -287, -862, -120,
    -188, 534, -351, 699, -298, 486, 129, -788,
    -444, -263, -250, -522, -197, 33, -1049, -306,
    274, -225, 595, 522, -653, 634, 639, -197,
    -51, -236, -1086, -565, 372, -895, 65, 319,
    637, -1142, 688, 212, -287, -306, 686, -140,
    -27, 445, -1122, -887, 623, -296, -428, -292,
    521, -664, 348, -199, -426, -99, 111, 33,
    -303, 789, -169, 756, -1316, -495, -71, 887,
    -260, 630, 759, -650, 424, 895, -1509, -1180,
    136, -420, -1071, 861, -232, -76, -347, 595,
    1095, 362, -82, -23, 799, 168, -2322, -105,
    -2117, -411, -71, 1004, 1128, 163, 250, 64,
    -561, 115, 1504, -1160, 29, 601, -219, -296,
    308, -117, -247, -382, -434, 170, -750, -132,
    -359, 456, -1120, 790, -477, -549, 1946, 240,
    265, 684, 439, 331, 121, 761, 95, 1451,
    213, 1115, 594, -1969, -458, -1219, 560, 154,
    528, 500, -41, 74, -300, 274, 625, -565,
    248, -618, -67, -2453, -1309, -74, -650, 595,
    1164, 962, -932, 785, -709, -1325, -490, 25,
    48, -551, -230, 190, -203, -1179, -702, -304,
    -1269, -1115, 94, -1353, -523, 1159, 120, 13,
    -645, 993, 15, -548, -264, 93, 185, -157,
  },
  {
    -790, 667, -4866, -902, -877, 1471, -1030, -1150,
    -1522, 293, 535, -31, 986, -1460, -105, -139,
    2509, 621, 2520, 819, -2961, -957, 914, 3420,
    -37, 1111, 722, 542, -552, -1305, -460, 917,
    -263, -1045, -2264, -2841, -1425, 159, 90, -658,
    -234, 3350, 1134, -2280, -701, -854, 2669, 289,
    -912, -1228, 513, -1265, -516, 1256, 1146, -1089,
    -235, -1023, 301, 1403, -1792, 2111, -605, 115,
    -794, 258, 832, -790, 685, 905, -1991, 1798,
    -405, -513, 407, -336, 1230, -943, 0, -700,
    552, 969, -901, -995, 2194, 193, 250, -866,
    57, 1361, 774, -720, -2097, 796, -565, -397,
    1546, -293, -103, 820, 2589, -689, 550, 935,
    155, 1977, -513, 1778, -1452, 2712, -1615, -394,
    1636, -680, -434, -827, -1451, 780, -1855, 2402,
    -781, 1191, -133, 2322, 1309, 1161, 3562, -153,
    494, -597, -860, -1567, 171, -932, 394, -990,
    -537, -684, 1621, 543, -1715, 333, 237, 358,
    775, -491, -1067, 2800, 789, -283, -2702, -20,
    945, -1354, 117, -49, -989, 651, 743, -1913,
    -817, -919, -954, 1209, -130, -1280, -1570, 870,
    268, -570, -1760, -709, -394, 685, -286, 822,
    -1485, -703, 2875, -1322, -442, -1626, -2430, 495,
    -338, -514, 18, -554, -1292, -551, -997, 253,
    1733, -139, -969, 1684, -437, -628, -931, -1987,
    -804, -967, 637, 976, 731, 90, -1427, -409,
    687, 64, -312, -464, 201, 417, -124, -346,
    385, 269, -421, -1824, -455, 92, 1509, 2058,
    779, 2460, 695, 1256, 13, -956, 1516, -635,
    -957, 2487, -664, 1720, -1794, -151, 559, -1128,
    1751, 215, -292, 525, 535, -269, -344, 760,
    928, -705, 582, -818, -1271, -824, -431, 656,
    -491, -39, -208, 993, -1790, 320, 7, -365,
    -1461, 636, -1529, -389, -1213, -263, -862, 604,
    -720, -522, -628, -207, -1336, 1096, 1021, -610,
    81, -13, -504, 990, -1037, 289, -1606, 337,
    52, 553, -606, -1507, 413, 898, -1083, 596,
    -116, 661, 173, -2166, 498, 73, 1030, -1074,
    241, -60, 1336, -73, -822, 195, 136, -841,
    -233, -333, -368, 533, -349, 191, -1175, 208,
    -1449, 926, 558, -655, -9, 673, 430, -327,
    -189, -978, 619, 971, -371, 974, -1126, 656,
    1774, -1438, -908, -85, -541, 570, 371, -537,
    501, -1057, -1554, -73, -514, 446, 939, -354,
    -1289, 581, -579, 982, -794, 1289, -2085, -1155,
    1091, -891, -491, 898, 1257, 633, 1980, 768,
    -948, -1608, -240, -554, -1158, -896, 1865, -2183,
    944, 350, -1096, -1145, 743, -1115, 670, -1262,
  },
  {
    -169, -290, -1991, 219, 95, -916, -392, -2127,
    -2181, 630, 990, -1122, 584, -1109, 680, -1465,
    -627, 777, 1679, 342, -384, 1529, 1519, 2440,
    60, 1465, -973, -1656, -1685, -361, 1019, 1778,
    -558, -1868, -1866, -214, 591, -422, -253, -874,
    -815, 2871, -1010, -2371, 111, 1008, 1419, -987,
    1765, 1385, 1687, 587, 1555, 587, 791, 717,
    201, -1130, 1195, -209, 2916, 1807, 94, -2213,
    -2338, -604, 2407, -2124, -872, 1702, -1400, 285,
    731, 224, -61, 2561, 353, 2024, -495, -1393,
    -1182, 72, -3341, -1732, 631, 71, 523, -558,
    -403, -614, 777, -1358, -1495, 172, 1752, -1706,
    1179, 817, 464, -307, 1179, 159, -631, 1260,
    964, 96, 1687, -681, -1091, -112, 678, -175,
    792, -385, -542, -819, -763, -1173, 430, -1209,
    -244, 4, 23, 653, -1242, 34, 1074, 525,
    -436, -424, 28, -244, 709, 19, 399, 894,
    -557, -19, 701, 2223, -846, 1555, -665, 64,
    -286, -147, -918, -463, -524, 706, -1147, -260,
    -836, -876, -247, 312, -848, -370, 333, -433,
    673, -866, -317, -717, -563, -1861, 647, -1166,
    -91, -1791, -187, -119, -574, 1021, -254, -86,
    818, 1379, -214, -1632, 857, 16, -420, 611,
    -160, -147, -539, -3434, 450, -433, 35, -1158,
    1505, 1146, -1627, -867, -908, 57, 266, 849,
    -2260, 505, -7, -924, -426, 847, 70, -121,
    -82, -283, 1141, 651, 689, -1046, -111, 945,
    1682, -442, 369, -60, 42, 514, 565, 1179,
    1525, 1610, -256, 867, -1878, 428, 317, -775,
    -102, -911, -494, 1775, -1716, -1639, 520, -505,
    1167, -48, -603, -147, -33, 34, -1175, -1151,
    -201, -104, 1529, -172, -2943, 494, 439, 154,
    -624, 323, -811, -791, -156, -1319, 217, -273,
    -722, -256, -523, -510, 0, 226, 224, -78,
    -242, -604, -638, -187, -889, 756, -385, -1243,
    48, -92, 915, 1016, -755, -1879, -601, -1141,
    301, -906, -695, 72, -521, 186, -1063, -465,
    -140, 1147, -512, -1210, -639, 1357, -55, -620,
    -674, 763, -251, -157, -421, 1161, 135, -926,
    -277, 1102, -387, 699, 170, -131, 251, -541,
    838, 888, -673, 638, -542, -421, 2065, 739,
    1036, -115, 389, 1311, 113, -37, -753, -952,
    266, -276, -1415, 668, 427, -218, 656, 468,
    -1832, -65, -789, -231, -1294, 517, -675, 1420,
    -1475, 459, 220, -388, 738, 920, 335, 733,
    660, -807, 1263, 661, 1354, -735, 35, -338,
    976, -1000, 214, -1061, -157, -58, 1128, 1891,
    524, -621, 214, -1728, 234, 299, 632, -75,
  },
  {
    -806, 1069, 1523, -432, -1683, 1055, -1784, 656,
    1413, -1115, -1068, 439, -1367, -124, -446, 364,
    -692, 626, -1156, -331, 760, -403, -1228, -1422,
    -666, -178, -814, 587, 996, 2171, 719, -1735,
    -731, 753, 845, 1257, 895, -392, 204, -457,
    425, -1217, -58, 1447, 543, -2684, -464, -823,
    -1564, 1642, -1892, -354, -1331, 254, -661, -642,
    253, -80, -2432, 471, -251, -195, -690, 2502,
    1350, 479, -1962, 793, 643, -935, 495, -372,
    -1394, -902, 118, -36, -394, -1361, 309, 1652,
    -1608, -1955, 1159, 1445, -526, 926, -165, -626,
    -1768, 755, 494, 723, 1119, -1104, -32, 891,
    -899, -82, -560, 1182, -947, -1497, 165, -1614,
    -501, -1134, -1298, 506, 80, 763, -994, 192,
    56, 991, 1312, 216, 199, -187, -287, -168,
    -1034, 782, -1149, -1122, 1078, 1645, -469, -484,
    -89, 361, -1041, -907, -199, 904, -891, -772,
    423, 654, 279, -372, -241, -600, 873, 583,
    1308, -231, 1628, -68, 376, 1453, 664, 405,
    -553, 1788, 334, -282, -841, -17, -1195, 892,
    -772, 761, 507, -781, 271, 787, -1535, 18,
    909, 1093, 625, -315, 676, -1190, -193, -68,
    653, 1472, 1000, 1716, -456, -6, 1008, 1028,
    -184, 730, -834, 2302, -192, 264, 137, 1042,
    -367, -713, 617, 319, -448, 1416, 188, -219,
    1262, -1473, 1221, 572, 628, 76, -914, 967,
    1095, 664, -736, 1100, 845, 1346, 941, 648,
    -859, -333, -255, 1257, 1034, -658, -858, -439,
    -182, -1689, -350, 1040, 1604, -72, 588, -981,
    103, 109, 993, -126, 452, 0, -559, -128,
    -133, 866, 1965, 731, 475, 897, 521, 1808,
    1265, 1720, 499, -745, 1930, 867, 188, -970,
    -785, -1033, -536, -605, 1308, -21, -273, -579,
    576, -769, 446, -109, 358, -27, -739, 673,
    725, 175, 1182, -768, 671, 601, -879, 1410,
    -465, 589, 662, -1040, -1158, -722, 991, -60,
    445, 1273, 201, 391, 873, -129, 564, 1782,
    285, -1102, -893, -142, 944, -636, 180, 689,
    279, 197, 347, -640, 272, -85, 684, 201,
    189, -1548, 151, -1138, -839, -2600, 163, 74,
    18, 81, 80, 861, -893, -59, -486, -1008,
    -568, 486, 641, -1125, -550, -363, 900, 1637,
    546, 269, 751, 322, 1828, -709, 308, 715,
    719, 115, 3496, 1230, 1512, -116, 1035, -426,
    250, -1013, 523, -223, 504, 681, 1390, -1315,
    -607, -539, -917, -760, -1779, 1588, -532, -592,
    -42, 574, -714, -330, 1187, 150, -510, 1287,
    -75, -733, -90, 520, 1624, -107, -961, 64,
  },
  {
    -333, -1504, -923, 1044, 558, 453, -1073, 431,
    -215, 1219, 97, 671, -806, -749, -1001, 3191,
    533, -526, -397, -246, -1528, 77, -644, 522,
    -316, -1274, 379, 199, -733, -486, 274, 507,
    3136, -183, -1502, 1461, 1056, 650, -1078, -671,
    1151, 543, 473, 172, -490, 509, -1598, 279,
    93, -597, 956, 445, -391, 517, 656, 849,
    -892, 1761, -1429, 512, 370, -269, 1273, -424,
    -156, 1907, 268, -41, 1547, -488, -829, 306,
    1772, -735, 1095, -594, 247, -470, 138, 165,
    -757, 435, 2113, -410, -376, -222, 194, 385,
    602, -482, 24, 2512, -580, -155, 2440, 345,
    47, 275, 414, -2605, 2086, 1740, -1340, 274,
    -863, 566, -550, -705, 145, -201, -1192, 314,
    -512, -1180, -943, -1793, 277, 419, -170, 1324,
    731, 444, 88, 3414, 3828, -552, 520, -778,
    60, -860, 172, -396, 586, -1008, 1628, -23,
    -993, 753, -113, 500, -77, -172, 1021, -329,
    346, -726, -1050, 624, 584, 1472, 621, -544,
    -1382, -1078, -244, 936, -269, -923, -920, -860,
    723, -615, -48, -827, 807, -217, -343, 696,
    -268, -277, -494, 751, -102, -1060, -895, 874,
    -334, 523, -331, -887, -861, -452, -563, 391,
    452, -1732, -310, -300, -433, 811, 407, 67,
    -1305, 335, -583, 406, 711, 27, -223, -345,
    139, 1158, -310, 298, -744, -396, -1129, -997,
    342, 983, -445, 63, 572, -63, 246, 239,
    1458, 328, 131, 221, -43, -219, 761, 168,
    255, -514, -102, -60, 525, -428, -419, -14,
    97, 227, 703, 201, 26, -224, 229, 1210,
    397, -972, 222, 59, -768, 195, -605, 410,
    252, -539, -366, 1110, -134, -585, 15, -436,
    -518, 252, 84, -146, 150, -49, -29, -114,
    813, -1413, -689, -489, -1292, 85, 44, 1004,
    -78, 280, -451, -348, -239, 906, -146, 296,
    -1088, -1658, -43, 258, 179, 1073, 297, 325,
    532, 791, -485, -19, -214, -405, 428, 40,
    267, -802, 517, -504, -1081, 0, -801, 35,
    820, -211, 961, 145, -1389, -481, -1126, 1061,
    235, 519, 754, 301, 354, 110, -102, -236,
    -131, -367, 308, 802, 476, 634, 616, -469,
    1031, -226, 265, 74, -30, -107, 437, 344,
    312, -441, -1498, -167, -508, -342, 755, -1371,
    849, 412, 218, -932, 355, 551, 807, 96,
    -771, -1134, 1727, 437, -587, 338, 797, 66,
    927, 588, -992, -316, -76, -117, -2035, 331,
    -1467, 53, 931, 705, 1786, 835, 1049, 130,
    979, 634, 46, -882, -163, -350, 106, 634,
  },
  {
    297, -745, -1066, -2027, -458, 300, 1102, 90,
    58, 178, 1388, -183, 517, -939, -1285, -1096,
    -1071, 953, 3066, 2298, -374, -1367, -695, 467,
    2563, -48, 39, 188, -90, -2355, -1009, 337,
    81, -437, -95, -609, -657, -480, 1330, 2143,
    -1906, 89, 753, -2728, 437, 1062, 1295, 1285,
    526, -1716, 621, 475, 525, -198, 1087, -753,
    1628, -2138, 610, -119, 984, -1397, 912, -640,
    -1312, 1119, 516, -428, -741, 1514, -1111, -1417,
    -1142, -117, 16, -810, 1358, -832, -767, -2018,
    1375, -1196, 700, -1053, 1868, 502, -103, 229,
    1687, -134, -1214, -339, -1130, -776, -1941, 285,
    1919, -1193, 566, -1527, -1483, 1049, -1876, -587,
    91, 2149, -80, -1492, 603, -2234, -45, -816,
    -1266, -1647, -1594, -1654, 874, -1230, -1112, -73,
    747, -1492, -1265, -868, -1837, -3049, 135, 846,
    -455, 206, 1670, 2401, 272, -328, 1498, 1570,
    -841, 500, 448, -85, 737, -447, 14, 2,
    -2025, 749, -955, -258, -648, 244, 956, 1061,
    409, -465, -645, 1519, 370, 385, 1393, -179,
    1819, 1399, 1045, 31, 684, -180, 1580, -1096,
    -335, -285, 51, -1278, 836, 424, 223, -325,
    642, -608, -507, 1190, 365, 95, -659, 218,
    -901, -369, 912, -1401, 525, -32, -436, 294,
    399, -189, -548, 310, 854, -649, -1013, -14,
    -454, 1126, -476, 847, -517, 937, 1342, -560,
    -249, 8, -1756, -1252, -638, -1557, -850, 367,
    136, 844, -349, 1194, -714, 22, -1259, 820,
    801, 1655, -1242, -59, -758, -365, -1471, 925,
    -457, -910, 1082, 632, 2656, 327, 699, 367,
    -196, 1221, -1685, -579, -676, -2288, -311, -1064,
    -975, 364, 507, 1216, -2340, 318, -1398, -597,
    1388, 210, -851, -187, -264, 1128, 122, -460,
    -118, 907, 1219, 684, -519, -754, -411, -672,
    -395, -137, 599, 540, -273, -319, -37, -145,
    -1276, -120, -999, 768, 16, -1, -1366, -1166,
    -1022, -556, -394, 855, -1066, 227, -342, -717,
    -319, -587, 1059, -599, -1310, 253, 709, -338,
    123, -1851, -1130, 896, 1468, -457, -520, -141,
    104, -517, 733, 499, -843, 2187, 219, -260,
    -1388, -711, -251, -43, -104, 230, -87, 267,
    -946, 43, -633, 1912, 54, 417, 872, 1000,
    -1110, 466, -428, 741, 803, 281, 280, 65,
    -438, 1198, -736, -490, -345, -455, -1766, 774,
    -360, 1371, 531, 1035, 733, -1292, -367, -649,
    212, 588, -251, 501, 955, -442, 425, -1369,
    -1136, -891, 861, -400, -306, -72, -252, -1633,
    -1515, -1014, 599, -727, 214, -310, 87, -1153,
  },
  {
    -144, -486, -237, 510, 582, -96, 1387, 497,
    -741, 991, 1159, -2567, -870, -40, -498, 2643,
    879, 91, 1027, 1202, -1202, -656, 591, -77,
    -484, -8, -258, -770, -1178, 627, -244, -833,
    2800, 428, -830, 188, -626, 461, -433, 207,
    -568, 355, 3018, 173, 412, 1591, 1460, 1192,
    -330, -407, 715, -34, 387, -255, -568, 1053,
    1664, 1580, 684, 1526, -890, 220, -373, -2065,
    -1167, -1610, -204, 1647, -444, 2609, -1345, -155,
    590, 1550, -2032, 751, 634, 416, 901, -1377,
    73, -650, -1199, -414, -579, -303, -85, 902,
    896, 2112, 53, 138, -1008, -1562, -97, 914,
    823, -517, -346, -191, -311, 511, -828, 805,
    97, 165, -344, 1127, -540, 542, 586, 776,
    -1448, -229, -1579, -298, -1655, 2004, -534, 478,
    1553, 214, 2000, 158, 667, 150, 1173, -386,
    655, -2714, -188, -863, -235, -1395, 2107, -1997,
    -1098, 695, -317, -703, 720, -982, -1618, -1187,
    658, 1054, -2421, -653, 650, 1029, 23, -604,
    -383, -1333, -1877, -114, -368, -1115, -1993, -1771,
    669, -430, -2400, 251, 701, -454, -483, 447,
    -347, -238, 270, 43, -520, -402, -388, -39,
    -683, -1013, -232, -850, 578, -315, -476, -1006,
    472, -983, 1058, -66, 143, -539, 208, -880,
    -546, -420, -626, 325, 688, -935, -1510, -281,
    -1397, -134, -1146, -109, -855, -324, 882, -1778,
    59, -470, -750, -1480, -345, -267, 126, -296,
    775, -1153, 966, -1350, -79, 570, 69, -672,
    716, -461, -171, -1124, 36, -619, 672, 1623,
    -1265, -426, 622, 213, 291, -3696, 907, 445,
    1089, -473, -133, -90, 72, -1438, -43, 80,
    401, -646, 79, 1464, 886, -424, 172, 141,
    420, 352, 850, 715, -1371, -371, 414, 1327,
    -761, -542, -626, -376, -142, -349, -334, 183,
    -1634, 258, -311, 799, 380, -83, -257, 834,
    166, 0, -486, 426, 1027, 238, -366, -330,
    55, 674, -573, -1034, 187, 556, -473, 98,
    -366, 15, -468, 1174, -993, 1314, 818, -98,
    -200, 81, 732, -1023, 517, 526, -109, -226,
    299, 1556, 1424, 839, -767, 1645, -551, 1063,
    -1636, 2433, -178, -403, 154, -187, 1371, 1052,
    -324, 1088, -192, 243, 320, -628, 161, -731,
    174, -473, -698, -339, -807, 249, 342, -110,
    773, -521, -908, 158, 27, -167, -8, 363,
    -168, 732, -29, 531, -1537, -1098, -393, -994,
    719, 403, -2146, -606, 380, -252, 965, -1166,
    -678, -377, 1587, 856, -1097, -888, -341, 718,
    1427, 56, -182, -1232, 495, 301, -340, -556,
  },
  {
    504, -683, 440, 2281, -31, 160, 256, 2170,
    -407, 804, -256, 957, -1549, 943, 3014, 1158,
    14, 37, -807, -645, -465, 589, 1790, 2292,
    -684, -278, -245, 578, -961, 809, -43, -430,
    -586, 1041, 1413, -36, 216, 1357, 403, 783,
    1087, 798, -410, 1612, -576, 591, -1309, 71,
    826, -8, 1452, 1298, 1740, -836, 2100, -552,
    -985, 2367, -567, 1107, 1255, -209, 564, -224,
    -558, -20, 574, 160, 1260, 1849, -1465, 238,
    -1133, -2643, 354, -1522, 1371, -2101, 444, 15,
    742, 831, 1038, 1222, -1600, 2007, -76, -677,
    -1546, 1402, -1158, 2, -322, 595, 1201, 680,
    599, 2252, 192, 800, -246, 1614, 1427, 911,
    69, -341, 2195, 468, 1204, -1166, -1034, 1366,
    1181, 935, -217, -484, 307, -114, -1456, 2998,
    -2320, 1646, -153, -1220, 470, -1381, 1318, -626,
    481, -1375, -97, -271, -1659, 1781, 113, 1196,
    -2261, 313, 452, 1097, 719, -119, 1249, 623,
    721, -1062, -284, -415, 812, 765, 3393, 329,
    -17, -626, 1574, 269, -1096, 432, 760, -991,
    -806, -2077, 2, -387, 1273, -162, -59, 354,
    -588, 1175, -97, 1604, -1642, 952, -292, 384,
    -1344, 1194, 207, -95, 658, 802, -1722, 31,
    266, -62, 1788, 532, 452, -99, 476, 335,
    595, -252, 1098, 637, 395, 472, -340, 88,
    696, 768, -281, -898, -112, -86, -198, 1962,
    1923, 1470, 1657, -349, 1566, -70, 964, -291,
    -237, -798, 84, -241, 600, 805, 1929, 608,
    1606, 2772, 1781, 63, 2065, -107, -271, 78,
    202, 1490, 191, -554, -377, -498, -712, -1191,
    1156, 1577, 550, 592, -329, 1722, 1710, -405,
    -1230, 607, -1317, 624, -898, -1662, -393, 946,
    64, 1451, 921, 1608, -1149, -47, 128, -1111,
    -395, 210, 485, -751, -816, 649, -32, -229,
    -1034, -103, -799, -440, 22, 517, 1238, -974,
    -365, -389, -812, 2351, 597, 2308, 345, 106,
    1704, 286, -160, -1547, -392, 827, -609, -366,
    502, 1106, -706, -520, 356, 1165, 1225, 539,
    -1236, -753, 829, -356, -2032, 1346, 699, 1098,
    -421, 461, -1302, -481, 982, -892, 292, 56,
    1416, 459, 1272, -261, -699, -618, 50, -246,
    1856, -204, -71, 805, -582, -20, -568, 578,
    305, -11, -1702, 1511, -1654, 1778, 121, 102,
    -8, -1174, -965, -249, -1172, 795, -332, -60,
    56, -506, 50, 643, 689, 1186, -31, -483,
    604, -307, -462, -864, 10, -1506, -152, 1693,
    -1228, -110, -327, -754, -1464, 1258, 1620, 785,
    1592, -836, 1988, 533, 949, -415, 801, 1750,
  },
  {
    826, 1812, 431, 268, 1289, -1675, 622, -1380,
    -522, 169, 816, 1457, 2304, 587, 965, -2181,
    671, 794, -45, -410, 1376, 747, 236, 884,
    -807, 1393, -1160, 1616, 668, 475, 535, 955,
    -1047, 442, 185, -1166, 1532, 918, 588, 663,
    -963, 613, 974, 709, -150, 10, 323, -667,
    135, 1516, -96, 239, -386, 1593, 1678, -1331,
    412, 272, 2329, -992, 419, 2382, 1465, -839,
    513, -95, 560, -1869, -2495, -192, 1514, -70,
    2253, -722, -1139, 2076, 790, 922, -1707, 852,
    25, 886, 1193, 133, 821, 1094, -1465, -762,
    -1655, 2003, 1856, -474, 253, 879, -94, 579,
    -688, 268, 981, 981, -977, 664, 1278, 1518,
    1765, 522, 1434, 3013, -64, -53, 2231, 1517,
    189, 1960, 1586, 831, -376, 1123, -149, 1290,
    191, 1683, -193, 204, -2113, 355, -282, 1589,
    -1620, 955, 1231, 38, 663, 808, -251, -1153,
    -1417, 3, -515, 320, 132, -904, -460, -1068,
    763, 277, -396, -169, 790, 82, 25, 430,
    199, 1470, 915, 876, 320, 1056, -445, 2192,
    -915, -1025, 767, 211, 701, 30, 784, 1915,
    1446, 908, 1897, -934, -697, -656, 654, -1147,
    1743, 997, -731, 939, -807, -79, 1603, -1273,
    944, 904, -1016, -706, 721, 387, -138, -61,
    1418, 556, 438, -1740, -910, -219, -269, 666,
    -1208, -641, -2180, 433, -427, -1758, -1549, 270,
    233, -719, 1162, 971, 526, 754, -843, 555,
    289, 55, -347, -755, 100, -104, -1961, -1020,
    579, 1201, 221, -1025, -1093, 497, -63, -52,
    1674, -1438, 1171, 492, -205, 1540, -241, -1512,
    132, 653, 873, 400, -1146, 1339, 161, 310,
    -714, -203, -320, 889, -204, 1420, 1058, 1249,
    -78, -51, 1157, 1139, -417, -701, 1032, -444,
    -810, 222, 968, -1799, 794, 66, 126, -181,
    1351, 1475, -149, -1701, 85, -811, 347, 359,
    338, -359, -785, -541, -257, -212, 460, -19,
    1660, -404, 1596, -685, 771, -583, 514, -2218,
    317, -29, -1858, 487, -127, -655, -427, 1885,
    1251, 100, 225, 1681, 1231, -577, -198, -802,
    -20, 542, -2465, -1154, 535, 286, -627, -290,
    -1, 798, -832, 351, -456, -84, -322, 712,
    595, -565, -851, -553, -427, 271, -1353, -1671,
    418, -63, -674, 1277, -61, 1337, -229, -105,
    648, -543, -853, -272, 174, -686, -853, 995,
    744, 744, 668, -1049, 1248, -265, -608, 1196,
    675, 406, -393, 869, -129, -825, -114, -1522,
    1321, -372, -827, -65, 359, 53, -428, 987,
    1426, 118, -135, -1368, 194, 445, -280, 563,
  },
  {
    176, 441, -1201, -1412, 572, 2122, 495, 331,
    74, -1195, -294, 1382, 2106, -297, 138, -155,
    2079, -246, 2379, 1844, -748, -300, 1473, 1064,
    593, 655, 363, -310, -370, -1088, 1198, -158,
    580, 261, 62, -939, -618, -1281, -756, 1084,
    467, 1750, 89, 315, -1224, -372, 2112, 2360,
    -1622, 238, -670, -706, -803, 1261, -543, -510,
    909, -651, -559, 1021, -842, -216, -14, -134,
    527, 1621, 273, 501, -585, 54, -45, 117,
    -397, -480, -432, -566, 599, -428, 1187, -705,
    1036, 122, 1651, 233, -1074, 1886, 345, 1885,
    -237, -554, 224, -723, 486, 655, -288, 1286,
    -134, 1623, -177, -118, 1970, -732, 1159, -663,
    502, 623, -229, 976, 361, 48, -1545, -945,
    -748, 974, -140, 352, 332, -1245, -1386, -518,
    -1114, 1134, -1485, 455, -871, -601, 594, 1029,
    -257, 854, -409, 97, -800, -851, -174, 58,
    356, 428, -1076, 395, -1634, 991, -629, -664,
    818, -197, 2080, 2477, -592, -1207, 1401, 1795,
    -692, -552, 285, -1653, 0, 489, 738, 645,
    -80, -831, -14, 139, -37, -414, -1869, -564,
    -137, 386, 893, 34, -657, 518, -143, 359,
    225, 498, 728, -931, -125, 0, -141, -537,
    -498, 505, -501, 133, -405, -554, -259, 916,
    45, 355, 330, 503, -351, 735, 838, -1200,
    -508, 548, -458, 378, 1183, -87, -973, 192,
    1132, 71, 614, -2, 941, -464, -867, 1283,
    65, 539, 1057, 819, 267, 759, 126, -545,
    -897, -1207, -80, 2191, -196, 5, -288, -1739,
    846, 258, -34, 467, 1024, -1343, -86, -961,
    1233, 13, 762, 575, -349, 265, -675, 136,
    -519, 904, 444, 1941, -45, -125, 89, -30,
    562, 71, -293, 39, -449, 330, 1536, -2268,
    -429, -595, 63, -554, -569, -518, -985, -365,
    -977, -8, 129, -984, 1151, 2169, 64, -143,
    272, 758, -891, 980, -711, -217, 358, -1330,
    -397, -633, -609, -377, 943, -298, -419, 1758,
    371, -171, -635, -1169, -459, -671, 352, -572,
    519, -643, 883, -568, -996, 508, 412, 91,
    879, 535, -1272, -747, 246, -411, 267, 341,
    -756, -129, -153, -704, -339, 963, -338, -1049,
    -1062, -155, -360, 1615, -241, 497, -588, -101,
    -1026, 360, -1386, 1264, -1318, 206, -233, -147,
    906, 474, -390, 440, -1124, 90, -1485, 692,
    394, -414, 1270, 415, -229, 1906, 796, 829,
    1067, 1070, -612, -947, 78, -655, 88, -672,
    -494, -1069, -396, -1367, -676, 369, -442, -529,
    886, -1106, 428, 1448, 485, 739, -385, 574,
  },
  {
    271, -1541, 1036, 1368, -534, -1457, -214, -281,
    731, -656, 129, -1204, -2089, -1111, -259, 2186,
    -1377, -1159, -1355, -1732, -601, 274, 145, -1116,
    -550, 141, 625, -1560, -1708, 1104, 238, 681,
    1219, -1385, 469, 1832, -1559, 184, 581, -969,
    954, 100, 1126, -670, -1446, 1396, -1327, -1062,
    1185, -148, 458, -81, -499, -749, 580, 1606,
    1215, 239, 777, 201, -118, -1638, -624, 505,
    -821, -1797, 893, -1377, 1966, -1115, 525, -2651,
    290, 1440, -452, 296, -1561, 1145, 576, 520,
    594, 414, -563, -1169, -1201, -3607, -304, -107,
    1533, 428, -886, -1082, 192, -683, 596, -1237,
    -2472, -484, -21, -55, -717, -477, -652, -269,
    -817, 915, 736, -3065, -607, -2698, -189, -608,
    2087, -821, 1588, 1952, 785, -1407, 939, -1283,
    3024, -2379, 2339, -731, -28, 235, -400, -604,
    681, -555, -535, 317, -64, -409, 144, 1051,
    2043, 380, 599, 1519, -1161, -336, -235, -147,
    -608, 61, 839, -1462, 1095, -1016, 50, -164,
    -985, -439, 423, 173, -411, -745, 89, -1044,
    1733, -1079, -743, -1029, -457, 393, 495, -2041,
    -1409, -169, -547, 275, 195, 277, -1058, -91,
    1043, 1639, -326, 973, -336, -684, 1088, 2278,
    -1196, 134, 57, -907, 136, 515, 677, -390,
    504, 1068, -903, 619, -88, -94, 678, 1513,
    901, 2295, -288, -651, -956, 479, 2128, 583,
    782, 473, 1227, -530, 524, -1886, -142, 680,
    653, -1105, 1847, 269, -370, 915, 878, 2005,
    1054, -188, 882, -85, 311, -1255, 38, -547,
    -287, -1048, -332, -532, -675, -271, -1353, 248,
    1067, -268, 599, -369, -1025, -1341, -16, -173,
    1384, 354, 2692, -358, -1038, -585, -215, -488,
    315, 440, 1576, -410, 238, -1111, -39, -504,
    23, 270, -897, 456, 529, -109, 402, 780,
    -23, -182, 679, 698, -328, 17, -1625, 219,
    1022, 532, 867, -262, -418, -569, 1082, 175,
    -362, -103, -388, 1170, -646, -640, -202, -141,
    -801, 82, 1299, -199, -303, 30, -619, -1230,
    -1637, 63, -951, 616, -106, -1138, 294, 1065,
    -68, 407, 932, 1058, 3, 404, 878, 57,
    194, -236, -1371, 1109, 254, -1703, 745, -369,
    521, 358, -268, 819, 1007, 985, 955, -797,
    1068, -389, 571, -359, 14, -1425, -79, -682,
    -153, -258, 446, -302, 299, 425, 491, -844,
    -1435, -1158, 595, -1521, -449, -1102, -524, -371,
    -767, 223, 1229, 601, 272, 732, -398, -652,
    89, -48, 328, -264, -113, 113, 348, 421,
    -108, -277, 837, 774, 856, -165, -562, 619,
  },
  {
    1337, -14, 892, -173, 1488, -242, -97, -731,
    -943, -406, -849, -328, 669, 648, 630, -298,
    651, 1121, 553, 333, 985, 178, 764, -89,
    1698, 566, 564, 457, -1223, -1683, -321, 872,
    -248, -1198, -1432, -1761, -971, 602, 782, 724,
    92, 600, 55, 495, -642, 663, -21, 1797,
    1299, -384, 429, 304, -591, 499, 650, -678,
    37, -142, 1200, 195, 1131, -852, -78, -1196,
    599, -23, -814, -94, 1635, 830, -1617, -504,
    -647, 320, -1593, -217, 1025, -598, 225, 343,
    1145, 75, -748, 456, -185, -37, 1106, 1194,
    305, 460, -603, 1816, -987, -492, 913, 616,
    2575, -1986, 953, -641, 490, -103, 11, 357,
    85, 14, -173, -45, -55, -609, 1159, -132,
    -1612, -1070, -1442, -1525, -768, -466, -267, -1022,
    1681, 846, 1688, -1054, -162, -566, 508, 973,
    431, -1419, 1262, 67, -537, -170, 1624, -448,
    496, -636, -919, -584, 336, -495, -1171, 65,
    -59, 429, -3095, 898, -414, 615, 483, -906,
    1650, 586, -1656, -6, 514, -282, -131, -316,
    1282, 817, -281, -1734, 530, -787, 1057, 1176,
    -334, -404, 359, -777, -1000, 732, 591, 321,
    -1038, -144, -187, -4, -822, -843, -975, -136,
    717, -88, -841, -429, -510, 54, -443, 103,
    336, -1, 145, 51, -1593, -357, -586, 349,
    -880, 263, -1952, 744, 60, 830, 868, -1131,
    122, -757, -611, -380, -608, -1075, -1146, 48,
    -1566, 530, -317, -273, -2127, 299, 165, -290,
    105, -311, -81, -1525, -1214, 445, 524, 446,
    -192, -1582, 426, 771, 485, -563, 331, 185,
    -777, 725, -2435, -834, 808, -1841, -363, -1209,
    1328, -1752, 1373, -270, -1104, -118, -471, -341,
    470, -88, 1157, 406, 506, -641, -557, 1150,
    -84, -1245, -124, -820, -78, -727, -2017, 210,
    -1389, -660, 903, -159, -279, -2838, 89, -228,
    277, 998, 47, 378, 1363, -377, -2899, 1997,
    357, -543, 322, 578, 2531, -115, -754, 133,
    452, 404, -37, 686, -144, -175, 697, -306,
    441, -904, 577, 996, 659, -1609, -473, -307,
    -236, 2150, 1471, 71, -1358, 232, -54, -672,
    -217, 557, 353, -1207, 881, 918, -989, 1419,
    -552, -101, 191, -1193, -743, -588, 859, 1654,
    105, -172, 667, 16, -300, 1084, 720, -1513,
    60, 59, -504, -148, -957, -836, 825, -374,
    114, 544, 74, 22, -120, 722, -5, -2056,
    1489, 394, -476, -465, -225, -459, 642, 378,
    -366, -538, 1086, 188, -585, -381, -576, 580,
    235, 336, 853, -967, -911, 1444, -216, -644,
  },
  {
    -541, 124, 800, 1534, -359, -1266, 302, -654,
    1669, 939, 814, -143, 1011, 2389, -1, -1052,
    495, -165, 160, -238, 28, 1184, -198, -585,
    -919, 1625, 687, -690, -488, 1749, -727, -1055,
    -1374, 820, 1852, 1702, 1524, 259, -656, 456,
    -341, 32, 958, -907, 431, -1602, -487, 607,
    -180, 166, 599, -1120, -143, -2033, 414, 1742,
    409, -173, 1697, 256, 1235, -718, -504, 2688,
    482, -313, 1003, -596, 136, -71, 1649, -643,
    -976, 59, -435, 1067, 650, 1526, 1099, 1401,
    -403, 303, -1001, 1781, -1981, -457, 203, -1583,
    -970, 1490, 915, 27, -123, -961, 188, 474,
    -1030, 359, 247, 2403, 203, -889, -994, 554,
    1959, 730, 621, -709, -1105, 738, 2165, 67,
    1073, 1093, 902, 3230, -363, 217, 1220, 521,
    696, -360, 2925, -1170, -1172, 1057, 1190, 630,
    168, 18, 339, -260, -192, 363, -64, -344,
    1970, 1676, -1807, -326, -330, 500, -1455, 974,
    652, 798, 156, 340, 337, -633, 266, -464,
    -1130, 1573, -73, -1392, -766, 972, -1066, 631,
    50, 354, 581, 3, -557, 1400, 366, -1422,
    -457, -54, -4, 1112, -571, 199, 885, 312,
    710, 1664, -856, 1164, 828, 261, 2071, 1275,
    -610, -466, -256, 218, 1244, 902, -347, 697,
    2669, -667, 1386, -164, -1543, 874, 1061, -1097,
    107, 842, -985, -308, 1046, -1378, -905, 201,
    830, -199, 81, 52, -911, 969, 967, -1572,
    2745, -532, 309, 340, 272, -545, 703, 1583,
    -584, 1498, 654, 964, 430, 1053, 24, 40,
    1010, -81, 228, 583, -214, -528, -166, -942,
    3, -94, 875, -366, -707, -1292, 649, 1312,
    670, -276, -1084, -2118, 398, 1037, -1343, -295,
    -469, -309, 296, 204, 593, 1077, -1005, -82,
    -592, -35, 550, 203, 869, 1339, -651, 733,
    1211, -711, 625, -1719, -582, -653, -547, -562,
    611, 698, 356, -743, 312, -1339, 501, -1344,
    423, 757, 950, 930, 839, 168, -230, -463,
    276, -874, -661, -671, 966, 1348, -438, -234,
    -174, -478, -355, -87, 311, 51, 872, 731,
    440, 52, -275, -1163, -473, 295, -828, -54,
    280, -110, 485, 496, -1223, 552, 78, 288,
    648, -768, -258, -799, 383, -746, -695, -67,
    102, -783, 585, -386, 240, -98, -78, 1571,
    -1317, 223, -1338, 879, -1509, -423, 217, 964,
    -535, 605, -1567, 336, 1064, -275, 882, -841,
    -197, 1347, -563, 472, 373, -938, 425, -1589,
    -563, 399, -158, -231, -327, -1302, 400, 1184,
    -252, 933, 1823, -415, 1229, 209, 89, -177,
  },
  {
    1511, -18, 1491, -671, -1132, -1360, 1312, -814,
    987, 120, -1247, -1031, 492, 1695, -230, -1038,
    2552, 634, 1213, 1371, -304, 1353, -2350, -641,
    2757, 671, -130, -188, 189, 842, -1561, -801,
    430, -368, 554, -1489, -719, -1142, 904, 816,
    -1130, 494, 279, 125, 186, 961, 2506, 1987,
    1280, 351, 1533, -1400, 157, -1076, 1318, -1961,
    1643, -1111, 1246, 855, 554, 249, -1298, -1216,
    -1420, -953, 677, 1021, -862, 834, -1976, -27,
    720, 414, -573, 526, 2045, -272, -119, -1635,
    1830, 64, 69, -483, -1233, 1729, 1505, 2023,
    -2763, 434, 792, 542, -1099, -608, -389, 723,
    947, -1157, -120, 961, 764, 683, -40, 1254,
    352, 624, 66, 887, 19, 2244, 294, 201,
    -566, -657, -776, -1217, 248, 1456, 11, -38,
    11, 647, 462, -1786, -664, 1422, 899, 755,
    -453, -1860, 265, -867, 3296, 671, 1552, 137,
    866, -235, -360, -1149, 818, 392, -1357, 367,
    123, -516, -1774, 792, -521, 348, -532, 286,
    171, 769, -906, 569, -468, -48, 376, -395,
    284, 1748, -28, -177, 791, -1610, 1154, 408,
    -392, -140, 329, -642, 320, 664, 803, -615,
    -562, 822, 692, 964, 992, -253, 578, -68,
    852, -221, 150, -624, 628, 208, -1113, -524,
    270, 347, -444, 23, -297, -86, -1955, -187,
    -669, -83, -974, 211, 607, 297, -183, -784,
    -677, -818, -2304, -860, -703, 111, -242, -4,
    97, 1317, 436, 589, -296, 63, -919, -74,
    -460, -1, -674, -497, -298, 223, -1558, 383,
    -1965, -1083, -157, 5, 631, -869, 1018, 492,
    123, -1050, -796, -134, -300, -2842, -2131, -118,
    -358, -870, -292, -446, -974, 10, -1014, 294,
    781, 345, -468, 504, -1455, -908, -1316, -611,
    -69, 900, 442, -993, -1831, -507, -2234, -669,
    -1819, 418, -155, 205, 376, 419, -210, -934,
    -479, 512, 161, -837, 403, -49, -2063, -412,
    -396, -1025, -861, -696, 866, -7, 393, 1005,
    34, 833, 876, 292, 232, 1480, 745, -723,
    -715, 557, -336, 391, 842, -635, 26, 141,
    260, -381, 109, 144, -219, 279, 357, -362,
    -334, -36, -449, -744, 432, -113, -452, 173,
    133, 459, 370, 1029, -980, -625, 940, 499,
    842, 57, -370, -625, -612, 564, 275, -268,
    -639, -714, -465, 563, -350, -547, 200, -191,
    353, -261, -1141, -943, -1, 1881, -1029, -562,
    995, 219, -270, 283, 994, -370, 1546, -161,
    -356, -1686, 1161, 607, 1102, -349, 611, 194,
    -875, -402, 635, -1799, -672, 179, -186, -2060,
  },
  {
    1103, 1526, -693, -1265, 1747, 1965, -275, 18,
    -727, 217, 1413, 465, 523, 92, 43, -1718,
    -1124, 526, 1163, 774, -1218, 1544, 995, -49,
    437, 1728, 268, 1008, 954, -124, 1334, 790,
    -425, 708, 1592, 731, 1863, -421, 266, 3631,
    706, 680, -984, 1516, -1050, -286, 1270, -775,
    -242, -531, 1727, 173, -768, 916, -141, 1356,
    -103, 646, 1445, -973, -733, 734, 383, -1722,
    2848, 1590, 175, -615, -491, 2762, -7, 632,
    -656, 708, 1644, 2436, -690, -1920, -577, -195,
    68, -142, 153, 14, 490, 695, 370, 1510,
    -492, -272, -1413, 1266, -761, -76, -116, 487,
    -989, -663, -1264, -615, -440, 1671, 1601, 661,
    1239, -175, -1039, 362, 745, -568, 404, 1092,
    -169, 1140, -259, 442, 1008, -885, 1666, -168,
    -400, 605, 2990, 579, -1055, 1003, -42, 191,
    458, -176, -8, 446, -228, -326, -376, 361,
    -740, -122, -981, -1555, -932, 215, -323, 57,
    323, -163, 589, 208, 12, 829, 254, -564,
    185, -414, 461, 101, -401, -266, -1479, 560,
    -1355, 1019, 669, -391, 1514, 1053, -429, -578,
    174, -886, -502, 240, -1632, -695, 1128, -378,
    1543, 8, -570, -924, 1255, 391, -47, 698,
    -143, 426, -993, -319, 171, -511, -470, 213,
    -25, 1474, 479, 1478, -909, 458, -560, -866,
    -407, 257, 299, -366, 770, -62, 978, 1102,
    -1135, 2250, 773, 858, -408, 1189, -388, -683,
    956, 120, 276, -454, -1160, 497, 691, -1611,
    164, 769, 426, 1485, -631, 669, 601, 335,
    1254, -521, -34, -1020, -1867, 160, -1009, 48,
    -218, 201, 672, -868, 182, -474, 693, -119,
    -1043, -897, -737, -1166, -1094, 151, 915, -13,
    -249, 427, 1058, -189, 189, 954, 1026, 164,
    -1001, 325, -489, 1516, 245, 454, -586, 651,
    -117, -292, 342, -125, -502, -410, 1689, -465,
    1498, 531, -627, 1784, -712, 1069, -1085, -1347,
    660, 577, 94, 637, -539, 275, -129, -120,
    -640, 697, -810, -73, -879, -440, 34, -898,
    1237, 408, -568, 766, 530, 391, -96, 654,
    -2047, 239, 18, 725, -212, -1455, -1792, 784,
    587, 384, -578, -325, -454, 1755, -291, 7,
    -468, -1499, 1140, -1027, -678, -1018, -1986, 197,
    143, -1413, -430, 290, -118, -291, -32, -289,
    2097, -635, 984, -627, -852, 454, 753, -391,
    227, 866, 727, 651, -452, -146, -126, 123,
    606, 1563, -460, 958, 274, 1124, 222, -663,
    -920, -348, -65, 99, 180, -1774, -457, -587,
    1155, 194, 388, 662, -103, -458, -175, 751,
  },
  {
    796, 1002, -1409, -725, 1146, 527, -173, -1445,
    46, -123, -2425, 614, 2224, 871, 350, -423,
    2657, 1376, 1429, 3171, -594, 221, -31, 291,
    1048, 354, 706, 757, 94, -902, 825, 488,
    -389, -849, 1, -869, -317, 892, 1124, 1125,
    -396, 2532, -327, 401, 23, -105, 1321, 2077,
    -503, 66, 1288, -571, -570, 1561, 866, 524,
    -143, 1522, 964, 1978, -815, 526, -149, -1760,
    1470, 1565, -438, 590, 789, 1061, -1170, -69,
    -736, -670, 426, -267, 82, -1081, 376, -839,
    550, -245, 1493, 698, -786, 1387, 1058, 3140,
    -1733, 969, 1936, 241, -357, -345, 503, 1730,
    1421, -22, 220, -143, 1045, -21, 2039, 1367,
    1408, 557, 383, 2841, 1298, 3029, -1864, 117,
    -1598, 451, -639, -1933, 178, 1264, -1339, 1419,
    -1822, 1500, 1648, 190, -607, -541, 582, 1476,
    -444, -1706, 15, 166, 1378, -676, 53, -637,
    -233, -586, 271, 546, -890, 23, -1871, 1712,
    1540, -16, -279, 1373, -349, 632, 1107, 1144,
    285, -165, 9, 246, -785, 14, 446, 1643,
    1087, -551, -1132, -717, 1396, -99, -1004, -121,
    395, 93, 330, -769, -1855, 374, -446, -13,
    -337, -879, 498, -1598, 148, -693, 631, -657,
    -275, -290, -109, -508, -1073, 437, 266, 134,
    583, 236, -379, 519, 339, 449, -293, -256,
    -942, -372, 408, -462, 1489, -1091, -1972, -949,
    -229, -520, -102, 96, 233, 46, -681, 1052,
    500, 453, 1041, -723, -857, 901, -457, -554,
    -254, 534, -149, 1384, 41, -18, 628, -795,
    673, 202, -1257, -258, -5, -1576, 1559, -1106,
    1569, -299, -280, 479, -567, -45, -1039, -1182,
    -1028, -169, 385, 968, -136, -904, -19, -439,
    1258, 375, 799, 1212, -862, 1510, 522, -1241,
    -446, -706, 573, -1032, -901, -836, -2760, 1037,
    -1594, 106, -450, -1251, 999, -1002, -686, -419,
    72, 1499, -512, 1374, -260, 847, -1928, -60,
    474, 186, 123, -1178, -843, 215, 199, -694,
    1333, 648, -1120, -1032, -780, -1004, 439, 71,
    990, -1228, 1073, 480, -637, -151, -388, -330,
    -604, -350, -807, 327, -608, -806, -239, -215,
    181, 637, 359, -502, -643, 2406, -834, 147,
    -1307, -493, 148, 894, -752, 12, -260, 585,
    371, 443, -1196, 419, -1381, 694, -200, -907,
    618, -228, 225, -287, -1635, 47, -393, 769,
    770, -779, 892, -467, -160, 1344, -276, 212,
    2202, 508, -218, -865, -37, 892, -162, -346,
    -2497, -2584, 485, 23, -387, -2009, 468, -994,
    884, -554, 540, 106, 892, -203, 856, -224,
  },
  {
    -1489, 920, 213, -207, -3556, -1115, -4329, -1900,
    -484, -5208, 1015, -1624, 92, -1017, 756, -519,
    771, -1436, 103, 1622, -2087, -213, -632, 44,
    1259, -116, 635, -746, -1550, -2339, 1238, -1414,
    -1090, -854, 145, 569, -189, -36, 459, -1731,
    -213, -820, -2900, -898, -695, 465, 1204, 551,
    920, -388, 8, -858, -1537, -1319, 498, -212,
    -65, -1424, -1522, -13, 830, -2034, -1760, 352,
    -489, 545, -430, -1079, -917, 563, 361, -833,
    -2490, -1224, 1376, 1270, -163, 1019, -110, -2063,
    555, -458, -890, -102, 2367, -480, 40, 789,
    -2449, -4390, -307, 89, -2410, -588, -167, -416,
    -370, -330, -1276, -191, 274, -1915, -732, -3025,
    506, -1141, -1107, -717, -1102, -613, -128, -1620,
    937, -870, -86, -1002, 258, -3372, -1733, -1300,
    -1146, -257, -1050, -397, -1886, 2131, -799, -877,
    -346, -567, -592, 88, 1680, 482, -1119, -134,
    -114, 134, 554, 915, -1545, 909, 208, 1160,
    -632, 640, 731, 458, -475, -147, -210, 170,
    -1048, 1701, -100, 178, -382, -350, -1275, -624,
    167, 548, 203, -367, -2008, -12, -399, 16,
    -1533, 652, -436, 310, 1289, 571, 956, 1885,
    1423, 1679, 285, 838, 960, -294, 24, 135,
    -546, -427, -968, -1186, 41, 79, -1642, 745,
    432, 680, 281, 329, 478, 175, 476, -767,
    1433, -230, -28, -671, 17, -643, 1185, -113,
    1348, -54, -3420, 431, -514, 1393, 617, 647,
    2254, 569, 707, 732, -577, -313, 803, -745,
    935, 1028, -838, -1168, -976, -11, -28, -513,
    -159, -185, 1242, 1295, -159, 48, -219, 2076,
    -1008, 632, -700, -559, -196, 92, -1635, 271,
    -476, 926, -808, -90, -942, 315, -583, -1680,
    -54, 1040, 188, -374, 1443, -112, -632, -482,
    -483, -356, -414, 1060, -607, -1314, -928, -431,
    -18, 432, 1140, -273, 557, 148, -1257, 176,
    516, -123, 199, -1095, -1212, 217, -548, -2316,
    -1554, 446, -1588, 2137, -376, 797, -428, -718,
    -27, -307, -489, 2433, -1113, -458, 253, -70,
    -325, 1084, 1360, -1106, -623, 547, 288, 476,
    -636, -276, 1762, 276, 1170, -1119, -166, -1096,
    -499, -600, 178, 760, 197, -89, 590, -1327,
    -111, -279, -436, 39, -964, -258, 1367, 1269,
    2083, -901, -41, -1417, 1430, -992, 820, -470,
    -691, -991, 1376, 1104, -333, 1166, 310, 950,
    -514, 75, -307, -798, -365, 259, 12, 191,
    -1166, 235, 78, 24, 412, 1557, 1283, -1805,
    491, 161, 969, -1180, 348, -1399, -60, 988,
    -103, 972, 231, -1084, -421, 157, -535, -244,
  },
  {
    689, -749, 1784, 37, 483, 1139, 417, 1249,
    -629, -121, 28, 1206, -841, 385, -544, -82,
    275, 581, 800, -549, 1216, -817, -833, -172,
    -1592, 803, -554, -536, 789, -477, -137, -1486,
    -119, -12, 1142, 1231, 680, 731, 233, 73,
    323, -2169, 209, 1666, -216, 164, 1246, -356,
    -1136, -55, -1849, 1371, -889, 1063, -519, -2595,
    -1534, 1465, -970, -438, 164, -1012, -728, 399,
    1235, 482, -1293, -1260, 294, -654, 315, 807,
    76, -483, -1238, -575, -1140, -1538, -679, 469,
    795, -1950, -1455, 794, 1243, 748, -190, -680,
    -181, -1511, -861, 1626, 1047, 667, -542, -17,
    -21, -353, -11, 346, -1693, -640, -1289, -658,
    -300, -1707, 137, 376, 1458, -925, 458, 725,
    -524, 826, 508, -43, -540, 1202, -700, -739,
    -13, 234, -979, -755, -273, 654, -922, -510,
    -1045, 903, -247, -171, -288, 210, -586, 256,
    -658, -978, -364, -2164, 664, -318, 316, 605,
    935, -1160, 592, -619, -354, -529, -1247, 268,
    822, -529, -343, -112, 296, 643, -821, 243,
    -980, -813, 1187, 213, 1390, -564, -822, 814,
    10, -515, -1140, -1757, -108, -1190, 1881, 1185,
    -1520, -1252, -1934, 1085, -110, 548, -1184, -918,
    -60, 313, 323, 2050, -277, -386, -937, 1161,
    -1259, -1614, 1004, -670, -192, -854, -929, 558,
    -22, -1956, 605, 681, 1062, -820, 95, 194,
    169, -285, 110, -509, 574, 462, 216, -820,
    -1643, 100, -2432, -669, -1131, -1754, 114, -718,
    -218, -281, -616, 914, 1707, -473, -644, -2613,
    -374, -191, -148, -826, 564, 456, 91, -494,
    -1023, 490, -233, -496, 422, 1726, 722, -231,
    -217, 157, -510, -1105, 1039, 637, 128, -146,
    -101, -475, -54, -1650, 1463, -698, 1382, -104,
    643, 299, -304, 106, 521, 252, 1181, 1303,
    1254, 956, 432, -186, 519, 1049, 362, -943,
    167, -2214, 388, -715, -121, 562, -199, 322,
    -773, 296, -174, 261, -1457, 135, 524, 1279,
    -532, 763, -248, 292, 536, -795, -136, 1558,
    424, -74, 803, -30, 561, 275, -324, -480,
    -982, 379, -1223, 504, 296, 1613, -511, 575,
    115, -543, -187, 364, 1170, 695, -1128, -578,
    429, -864, 109, -609, -118, 910, -418, -3,
    897, -514, -425, 423, 1395, 1335, -514, -1122,
    1066, -361, 1388, 93, 1627, -766, 194, -55,
    909, 1933, 227, 1040, 541, -809, 310, 1068,
    -930, 293, -919, -800, -1185, -350, 175, -815,
    -1203, 1712, -610, 529, 2000, -304, -8, -2386,
    196, -597, -859, -457, -118, 1378, -1485, 293,
  },
  {
    384, 38, 1731, 363, -1688, -2241, -71, 1463,
    2296, -905, 1014, -160, -96, 602, -127, -416,
    -891, -1762, 717, -217, 421, 336, -1341, -338,
    864, -451, -1523, -756, -129, 1129, -300, -1626,
    -1506, 472, 1473, 4107, -305, -99, -704, -309,
    -317, -1584, -321, -1676, 939, -935, -149, 340,
    468, 287, 847, -770, -865, -2648, 983, 764,
    183, -800, 1217, 524, 928, -2627, -810, 1395,
    -493, -2144, -284, 2470, -465, -567, 2162, -1463,
    -579, -963, -953, 548, -576, 248, 483, -398,
    -1027, -1436, -1622, 850, -934, 50, -3326, -231,
    -1757, 13, -681, -1749, 1053, -1441, -1073, 295,
    -837, -292, 298, 1644, -578, -388, 236, 674,
    -99, -401, 1198, -595, -207, -900, 1614, -887,
    -478, 636, 1055, 640, -257, -291, 1247, -2434,
    687, -3147, -153, -2754, -1427, 147, -1598, -916,
    32, 1630, -267, 517, 938, 1688, -842, 447,
    1739, 283, -210, 54, 1302, -304, 49, -413,
    -156, 489, 1905, -602, -1286, -386, 175, 456,
    -1246, 1279, 113, -70, -165, 846, -643, 646,
    261, 1168, 1947, -291, -66, 952, 561, -1143,
    -558, -54, 570, 1086, -1351, 1507, 511, -120,
    -236, 2808, -903, 1991, 463, -15, 894, 1997,
    -12, -587, 817, 1824, 1078, 713, -198, 644,
    -36, 159, 1237, 534, -290, 805, 649, 325,
    1527, 46, -532, -839, 63, 116, 1642, -254,
    504, 1433, -280, 124, -713, 692, 1110, 627,
    271, -644, 1140, 577, 603, 791, 676, 2406,
    241, -699, 332, 351, 1275, -385, 104, 553,
    -820, 0, 1222, 806, 325, -122, 166, -1183,
    -771, -192, 1067, 870, 4, -431, -468, -414,
    1113, 1714, -30, -319, 515, 1415, -28, 22,
    53, -868, -1953, -711, -1708, -402, -361, -1043,
    197, 229, 224, -599, -170, -1056, 71, 898,
    13, -200, 319, 403, -94, -23, -684, -150,
    -803, 708, -1360, 351, -583, -246, 1144, 524,
    655, 191, -973, -58, 618, -638, 1167, 939,
    -591, -469, -1038, 457, 696, 93, -1121, 501,
    -505, 807, -28, 14, 237, -480, -971, -286,
    66, -233, 786, -885, -895, -794, 690, -211,
    -374, -307, -555, -185, -802, -790, -759, -225,
    -114, 901, 361, 1484, 937, -3, 464, -562,
    -1334, 626, -1177, -1822, 1662, -150, -816, 1485,
    -2161, 240, -399, 1229, 1175, -884, 81, 908,
    -875, -155, 144, 560, 335, -1239, -584, 620,
    730, -1007, -945, -270, -594, -639, 186, 1719,
    782, 260, 304, 485, 357, 289, 623, 1936,
    -347, -1349, 32, -504, 1686, 664, -207, -1478,
  },
  {
    568, -5, -433, -915, -35, -104, 1309, 531,
    328, 47, -2030, 1369, -209, 543, -307, -801,
    -365, 979, 1936, -625, 467, -356, 915, 1469,
    -1175, 192, 214, -1222, 1324, 138, -114, 889,
    -800, -1393, 718, -755, -189, 408, -135, 371,
    -1086, -184, -196, -946, -272, 828, 1845, -502,
    710, 180, -225, -1076, 89, -430, -950, 490,
    293, -1750, -1275, -399, -472, 206, -406, -224,
    -400, 725, 836, 205, -1107, -296, -45, 594,
    -498, -1676, -194, -1461, 508, -1366, -501, -360,
    1141, -666, 114, 1985, -880, 772, 507, 544,
    -450, -161, -393, 27, 166, -863, -374, -156,
    -375, 313, -1273, 1433, 468, -1042, 2043, 724,
    -2, 169, -985, -649, 146, 225, -702, -1612,
    577, 437, 441, 870, 1209, 811, -1886, 503,
    -1411, -1347, 1450, 177, 406, -1000, -153, -1193,
    1427, -186, -353, 519, 331, 990, 686, 415,
    371, 59, -460, -94, -816, -15, -423, -40,
    -878, -1161, 1491, -1595, 717, -642, 1544, 729,
    980, 989, 350, 535, 511, -122, 418, 117,
    -952, -396, -716, -725, 616, -127, -590, 491,
    745, -397, 383, -643, 360, 677, 505, -276,
    1390, -101, -327, -203, -410, 379, -956, 1374,
    10, -202, -526, 1066, -324, -147, -933, 453,
    565, 77, 519, 847, 375, 995, 585, -453,
    -115, -678, 741, 13, 1413, -1309, -189, 1053,
    558, -772, -258, 1064, 785, 106, 1450, 233,
    -775, -1066, 84, -47, 762, 66, -743, -404,
    720, 165, 508, 363, 392, -355, 681, -603,
    1002, 84, -224, 174, 721, 318, -777, -367,
    -709, 32, -588, -179, -291, 540, 12, -759,
    -451, 817, 1769, -7, 1504, 1596, -233, 498,
    611, -56, -2099, 34, -1094, 273, -262, -236,
    -771, 488, 781, -807, 921, 98, -224, -291,
    -643, 357, 19, 54, -537, -37, 272, -583,
    -141, 887, 440, -184, 262, 660, -1107, -333,
    584, 674, 1423, -398, -270, -620, 1976, 849,
    966, -35, 677, 6, -762, -995, -544, -499,
    675, -1850, -509, 333, 1825, -417, -57, -251,
    1034, -1150, -138, -79, -2041, -1088, -12, -924,
    986, 190, -498, -1535, 776, -225, 533, -954,
    -407, -134, -666, -194, 1417, -1163, -548, -422,
    -302, -902, 150, 578, 398, -381, -858, -1042,
    610, -158, -602, 388, -614, -1129, 448, -1502,
    -467, -224, -292, -800, 239, -267, -1139, -359,
    849, 354, -710, -1344, -76, 730, -699, 212,
    -610, -371, 905, -366, 745, -493, 252, -1123,
    -745, 252, -797, -316, 947, 97, 1153, -1428,
  },
  {
    578, 302, -789, 231, -1390, 1073, -368, 306,
    629, -10, -1023, -104, 776, 427, -998, -1542,
    -494, -2180, 497, 1022, -1043, -507, -1935, -5,
    400, -186, 1009, -24, -407, -1835, -1346, -1268,
    1068, 426, -270, -157, -6, 16, 674, -370,
    1330, -2128, -833, -260, -888, 375, 218, -192,
    -196, 450, -1052, 181, -749, 725, -320, -138,
    -347, -804, -739, 262, -42, -981, -457, 603,
    399, 1095, -1393, -1052, -680, -619, 503, 247,
    1082, 610, -191, -1305, 267, -1340, 1337, -260,
    -227, 720, 1672, 234, 915, 478, -175, -57,
    -717, -653, -1090, 1671, -259, 545, -1426, 1081,
    -1307, 295, -899, -1073, 59, -394, -452, -1556,
    -1813, -1067, -632, -137, -143, -662, -916, -344,
    -1080, 118, -563, 83, -364, -1260, -1649, -1415,
    -265, 340, -1519, 768, 681, 113, -143, 125,
    -589, 1802, -737, 1343, 127, 527, 354, 370,
    -659, -1015, -1346, 688, -1798, 1169, 1162, 26,
    -746, -631, -26, 463, -291, 447, 508, 1293,
    -799, 538, 1653, 178, -1054, -197, 1573, -932,
    -290, 230, 491, -242, -132, 548, -1244, -182,
    -464, -52, -1086, -261, 405, -1005, 1276, 870,
    -83, 1059, 168, 87, 454, 468, 188, 1471,
    959, -521, 37, -349, -360, 1335, -953, 482,
    -850, 1648, 1020, -949, -536, -161, 112, -1625,
    2262, 677, 1189, -413, 481, -1212, -1573, 1550,
    616, 183, 250, -110, -928, 727, 593, -104,
    845, 433, 165, 854, 154, -769, 852, -806,
    -282, 951, 207, 28, 198, 630, -230, 9,
    1497, -1068, 867, -900, 567, -103, -1046, 987,
    -251, -210, 331, -596, -769, 567, -517, 1071,
    -366, 190, -468, 149, -173, 196, -924, -9,
    305, -411, 825, 1057, 3540, -592, 743, -1056,
    1217, 1167, -54, 1103, -1278, -182, -1355, 112,
    -116, 772, 536, -416, 1586, -291, -551, 755,
    320, -351, -820, -656, -1492, 1001, -143, -42,
    989, -159, -321, 1423, 148, 728, -211, 67,
    -76, -696, -583, 1754, -168, -1436, -514, -632,
    -768, 622, -1197, -839, 996, -171, 983, 251,
    -567, 316, 1110, 257, -139, -858, -216, -1232,
    -282, -1355, 98, 569, 651, -984, -1046, -87,
    -351, -1224, -184, -581, 39, -763, 783, 753,
    663, -40, 1208, 1031, 1017, -897, -539, -849,
    283, -221, 1136, -1054, -87, 439, 876, 68,
    1547, -1005, 217, 134, 31, -367, -740, -2007,
    -47, 616, -828, 74, 354, 1197, -1182, -233,
    -241, 1095, 713, -1793, 290, 444, -767, -1360,
    750, 454, -29, -303, -198, -353, -2120, 663,
  },
  {
    -673, -970, -368, 98, -1065, -1197, 1843, 773,
    -489, 196, -1352, 881, -1339, -132, -549, 2411,
    724, 242, -1222, -303, -199, 46, -1777, 717,
    1826, -1089, -357, -281, 906, -170, -533, 1029,
    2789, 31, -950, -109, 1425, 1208, 501, 926,
    1541, 201, 1277, 1844, 623, -111, -162, 50,
    510, 385, -74, 1336, 1975, -423, -286, -47,
    440, 491, -867, 871, -1146, 417, 1233, -456,
    -1301, -94, -550, -638, 448, -108, -2470, 35,
    1360, 73, 367, -48, 249, -822, 601, -219,
    -5, -666, 1392, -1877, 240, -670, 999, 445,
    1734, -554, 351, 778, -1135, 201, 1120, 304,
    -200, -705, 415, -1734, 2449, 407, -767, 790,
    -1167, 155, -454, -1251, 987, -228, -716, 486,
    690, 457, -730, 340, -1120, 1013, 64, -941,
    39, -441, -282, 2036, 1783, -1118, -707, -1382,
    229, -1289, -492, -557, -54, -737, 1407, -26,
    -149, 450, 466, 368, 495, -733, 541, 44,
    34, -760, 451, 244, 121, -236, 283, -518,
    -299, -2779, 2233, -1192, 1315, -1463, 0, -2617,
    -220, -1356, -926, -435, 293, -672, 799, -246,
    654, -809, -120, -1276, 781, -1773, 211, -403,
    -1548, -1504, -422, -1576, 464, 1024, -1173, -699,
    -32, -1180, 606, 542, -313, 160, -58, -109,
    -2420, -761, -819, -1028, 192, -1179, -1084, 1155,
    975, -23, 523, -768, -1531, 329, 183, 645,
    -703, -61, 171, -1034, 321, -1405, -682, -542,
    -38, -723, 420, 163, -729, -874, -685, -2043,
    879, -352, -362, -368, 43, -18, -1476, -318,
    869, 288, -729, -1792, -188, -1078, -848, -656,
    240, -2113, -639, -1118, 470, 1823, 480, -270,
    -774, 463, 602, -107, 404, -1392, 251, 1703,
    429, 1016, 1451, 365, 526, -410, 1085, -366,
    984, 473, -919, -386, -851, 66, -1275, -294,
    -1047, 843, 298, 1754, -354, 70, 1518, -90,
    -1146, -657, -16, -151, 199, 1251, -883, 1254,
    31, -297, 392, -701, 307, 355, 489, 795,
    428, 884, 585, 354, -1184, -322, -46, 1002,
    -6, -398, -1544, 631, 285, 256, 175, 1033,
    -189, -1339, -270, 340, 2, -582, 251, 952,
    -960, -254, -419, -64, -98, -153, 1717, -898,
    -396, -212, 119, 479, -842, -24, 485, 1425,
    -415, -38, -266, 862, -1380, -409, -1022, -975,
    838, 22, 275, -234, -317, 26, -745, -688,
    515, -1421, 69, 1333, -1920, -1133, 327, 975,
    87, 1318, -211, -558, 861, 759, 554, 73,
    -716, 772, 298, -1153, -29, 766, 249, -1272,
    -172, 655, -348, -247, -1023, -2, 182, -1094,
  },
  {
    -470, -1004, -1406, -464, -542, -170, -830, 910,
    161, -40, 202, -947, -775, -331, -1140, 345,
    272, 208, -47, -1176, 966, 428, 110, 984,
    -1090, -1300, 144, -687, -373, 1068, 1053, 495,
    -1837, -401, 375, 42, -763, -403, 512, -292,
    -126, -2078, -1668, -1095, 34, -35, 1157, -929,
    118, -27, -1232, 363, 447, 570, -559, -489,
    -202, -1117, -931, -1745, -2406, -828, -336, 777,
    -1188, -152, 141, 845, -1045, 119, 196, 828,
    -241, -649, -1251, -478, -492, -302, 570, -1091,
    102, -145, -2111, 1626, -366, 1033, -332, 1136,
    3, 93, -564, -338, 140, -267, -2318, -1697,
    1091, -981, -1148, 970, 5, 105, 34, -240,
    766, -559, -1205, 1471, -1731, -780, -146, -904,
    -96, 284, 270, 263, -413, -815, -387, 495,
    -1762, 135, -144, -932, -777, -363, -309, -453,
    573, 933, 1050, -525, 152, 613, 6, -377,
    144, 167, 689, 445, -431, 627, 615, 2193,
    932, -165, 911, 1242, 680, -1189, 200, 243,
    140, 402, 1388, 216, -202, 1314, 961, -2011,
    -1074, 1164, 457, 1270, -117, 1130, -710, 913,
    497, -478, -129, 1626, 537, 306, -663, 1487,
    381, 732, 674, -148, 1367, 2039, -77, 835,
    -206, -759, 292, 1692, -88, 67, -508, 921,
    -914, -1101, -381, 1983, 42, 151, 624, -586,
    -424, -935, -167, -321, -241, 1071, 1226, 171,
    7, -283, -1582, 196, 739, 72, 746, -139,
    -895, 269, 87, -1006, 809, 299, 114, 214,
    834, -499, -529, 2331, 1394, -196, 67, -838,
    347, 2101, -143, 488, -282, -394, 62, 162,
    -513, -194, 233, 1053, 93, 380, 1216, 190,
    80, -45, -70, -49, 1135, 495, 112, 590,
    543, 309, -1648, 421, 115, -562, 167, 232,
    435, 1566, -870, -274, 914, 286, -284, 1182,
    -64, 563, -26, 458, 60, -336, 679, -1,
    -516, 1166, 234, 1546, 482, -24, 939, -27,
    466, -267, 886, -581, -1281, -1086, 183, -255,
    -713, -269, 504, -71, 72, 389, 52, -193,
    302, -1136, -141, 773, 694, -306, 310, 665,
    190, -186, -584, -139, 565, -384, 167, 404,
    362, -66, -62, 157, -731, -626, -550, -1631,
    -603, 112, -184, 338, 306, -782, 127, -593,
    -202, 538, -114, 295, -180, -661, -179, 1162,
    968, 70, 121, 472, 782, -441, 105, -276,
    -1210, -1118, 18, -751, 1070, 59, 547, 1605,
    257, 404, -494, -230, 2, 627, -394, -853,
    1367, 715, -993, 695, 1400, 293, 689, 221,
    627, -1288, 76, 1509, 218, -657, -124, -93,
  },
  {
    -939, -234, -1005, -16, 470, -1225, 125, -2707,
    -823, 351, -705, 742, -12, -408, 268, 1382,
    1718, -94, -761, 380, -719, 115, -164, 59,
    361, 988, 2156, 575, -1184, -763, 76, 1434,
    1757, -1042, -381, -1089, -692, 1077, -1470, -611,
    -416, 459, 476, -1368, 979, 2374, 742, 16,
    1690, 380, 55, 107, 658, 452, -680, 808,
    809, -781, 497, 509, -65, 1859, -51, -1700,
    -311, 85, 104, -2792, 1260, -41, -498, 1139,
    471, 1069, -500, -936, 938, 1486, 173, -267,
    439, 791, 341, -894, 193, -461, 1103, -398,
    872, -896, 202, 2334, -1442, 1255, 1578, 199,
    1416, 192, -260, -1152, 511, -1005, -219, 233,
    1588, -349, 457, -748, 228, 541, 432, 474,
    678, -323, -109, 762, 336, 1639, -342, 1065,
    901, 583, 502, 2767, 1770, -784, 1014, 832,
    253, -1498, 656, -63, 1617, -1431, 225, -358,
    -840, -63, 1690, 493, -895, 47, 950, -1645,
    -449, -391, -894, -91, 214, -258, -1134, -1800,
    581, -1455, -366, -717, 439, -1181, -398, -579,
    -22, -524, -1680, 785, 878, -986, 292, -290,
    811, -1208, -144, 291, 1577, 285, 358, 443,
    872, -1565, -869, -1145, -923, -714, -2794, -633,
    -473, 111, -15, -543, -35, -970, -973, -742,
    569, -1580, -1773, -1036, 775, -775, -769, 168,
    -1427, -160, 99, 254, 307, -931, 1070, 145,
    367, -1112, -502, -418, 151, -1067, -111, -661,
    -1108, 68, -1044, -182, -805, -875, 362, -762,
    1263, -461, 260, -1375, 483, 416, -471, -396,
    113, -284, -635, 329, -515, -345, -51, -188,
    -414, 72, -1807, -197, -302, 73, -807, -1621,
    -27, -1004, 1434, -17, 503, -96, -1211, 1208,
    728, 291, -38, 536, 741, -498, -811, 145,
    -283, 562, -1276, -55, -33, 832, -320, -784,
    -342, -1213, -796, 543, -69, -1002, 503, -394,
    -343, 357, -697, -150, 816, -1432, 844, -98,
    -1197, 425, 396, -436, 371, 312, 25, -419,
    1683, -389, -79, -375, 677, -147, 66, -3,
    295, -1051, -130, -402, -227, -1014, -353, -298,
    877, 135, -195, 583, -754, 1551, 1184, 129,
    844, -1007, 571, 354, 404, -302, 1000, -761,
    151, -1300, -1710, 171, 591, 705, -82, -257,
    -439, -622, 758, 1147, 289, -48, -45, 47,
    -87, 275, -7, -447, -1648, 534, -2121, 572,
    -52, -431, -1059, 545, 126, 291, -1571, -653,
    1279, 327, -688, 942, -295, -537, 324, -299,
    93, -1282, -3, 66, -267, -516, -173, 304,
    -856, 810, 736, -397, -804, 619, 77, -966,
  },
  {
    -1167, 1673, -472, -1948, 1306, 1230, 1081, 248,
    -565, 24, -165, 307, 65, 2206, 666, 33,
    752, 362, 55, 128, 553, -1374, 943, -3,
    -102, -468, -227, -238, 289, 698, 266, -304,
    -2335, 1069, 842, 407, -1193, -295, 138, 122,
    -809, 554, -1437, 993, 1103, -2389, 185, -318,
    -2385, -1254, 414, 1171, -366, 746, 500, -2321,
    -1254, 1310, -649, 1783, -347, 11, 416, -188,
    2200, 1505, 1146, 2160, -506, 580, -185, -28,
    145, -1329, -6, 400, 638, -1796, -1763, 65,
    359, -117, -704, 3323, 932, 412, 1412, -339,
    -136, 263, 1214, -383, 143, -2095, 1558, -532,
    350, 933, 947, 863, 1099, 1109, 1308, -1243,
    237, -470, 579, 613, 1922, -122, -89, 1168,
    -833, -138, -144, -1793, 44, 656, 664, 608,
    -2071, 230, -1359, -381, -2906, 502, 24, -493,
    -758, -226, -763, -409, -799, 237, 573, 206,
    -150, -1118, 111, -393, 443, -111, 209, 499,
    136, 280, 460, 475, 595, 1411, -1, 643,
    106, 475, -683, -145, -297, 672, -609, 1287,
    -684, 408, 32, -12, 508, -492, -215, 67,
    -103, 1102, -1062, 83, -552, 14, -856, -957,
    -283, -662, 1215, -524, -15, -243, 601, -1873,
    185, 645, 316, -296, -1206, -1678, 43, -83,
    -426, -91, 578, 916, -301, 1053, 148, 411,
    -273, -1730, -726, -906, -396, 1103, -992, -235,
    -1124, 248, -716, 2238, 1277, 1509, -177, -305,
    -374, -911, -513, -1879, 789, -385, 534, 526,
    472, 1069, 649, 2240, -1022, -90, 57, 391,
    88, -1350, -1000, -606, -1102, -485, -343, -295,
    629, 228, -638, 657, 886, 325, 783, -546,
    -1732, -68, -1441, 1145, 438, 407, 548, -1390,
    -625, 241, 110, 63, -3075, 983, -305, -1194,
    -148, 275, -55, 298, -118, -922, -322, -94,
    -153, 1073, -626, -275, 476, 803, -348, -526,
    -1280, -918, 1007, -12, -718, 1327, 41, -564,
    14, 889, 358, 58, -2754, -17, -4, 53,
    636, -257, 572, -231, 332, 264, 487, -1174,
    187, 421, 72, -1151, -611, -31, -475, 704,
    -416, -1030, -1222, -16, 1312, -1587, -1641, 52,
    913, -228, 125, -1174, -571, 940, 146, -754,
    -279, 1307, -17, -149, -328, 161, 386, 1117,
    -204, 535, -1025, 288, -342, 778, -147, -443,
    -194, 1013, 862, 386, 693, 573, -540, -1550,
    -160, -50, 430, -161, -351, 62, 2244, 823,
    -766, -869, 586, -460, -1178, 1714, -986, 1236,
    -1273, 269, -471, 584, 1038, 306, -79, -1228,
    -48, -1780, -564, 1562, -284, -798, 696, 2100,
  },
  {
    1071, -141, 1023, -1026, 825, 3478, 2525, -118,
    -374, 23, 53, -1021, -1577, 560, 775, 38,
    -1578, 552, -247, -449, 781, -138, 1634, 880,
    -1179, 548, -372, -313, 1066, 1553, 801, 663,
    -1914, -1058, 1731, -407, 685, -188, 257, 739,
    391, 1572, -714, 1011, 345, -183, 593, -31,
    -1327, 438, 45, -853, 633, 228, -547, -889,
    563, 655, -152, -1204, -400, -358, 308, 523,
    2013, 1079, -648, -491, -939, 368, 1340, -113,
    -866, -1003, -500, -200, -1251, -878, -869, 246,
    -622, -800, -727, 639, -470, -590, 274, -732,
    1300, 1413, -345, -564, 677, -188, -292, -818,
    -1050, -1535, -1052, 1591, -1782, -3, 71, -314,
    7, 1826, 87, 514, -530, -453, 1278, 1204,
    1562, 555, 1592, 3267, 974, 493, -246, -308,
    -41, -152, -183, -808, -1488, 743, 670, -948,
    -523, 101, -319, -641, 1404, -323, -449, 536,
    1136, 90, -320, -1704, 288, 971, -403, 185,
    -711, 280, 725, -1887, 520, -9, 556, 451,
    403, -807, -435, 888, 556, 904, 449, 1220,
    -1780, -631, 387, 202, 453, 707, -1371, -819,
    417, -1674, 1727, -849, -953, 399, -654, -1311,
    -189, -793, -1702, 454, -1570, -1159, 918, 1143,
    -788, 273, 88, 740, -479, -376, 402, -521,
    931, -1201, -746, 2163, 306, 810, 828, 1511,
    -1037, 701, 86, -138, 878, -983, -951, 30,
    -498, -153, 1552, -640, 1365, -307, 57, -434,
    -1174, -771, 22, 403, -658, 970, 801, -884,
    -58, -328, 532, 1059, -168, -826, 714, -387,
    787, 355, -2081, 159, -819, -723, -2621, 46,
    916, -342, 572, 563, 161, -453, 303, -279,
    -410, 543, -337, -340, -22, -111, 947, -141,
    1583, -319, -971, -416, -1795, 570, 96, 2104,
    -1168, 555, 562, -28, 203, 334, -198, 1168,
    -62, -615, -545, 601, -793, 343, -369, -181,
    1011, 2224, -657, 401, 103, 373, 2249, 137,
    457, -316, 566, -338, -301, -720, 313, 36,
    -701, 315, -1356, -597, -897, -964, -244, 287,
    1374, -1388, -1085, 1046, 474, -1118, -1222, -1306,
    -101, -43, 308, 91, -1849, 1250, -1046, -84,
    1312, 803, -255, 359, -1398, 1027, -427, 1303,
    -702, -826, -986, -778, 433, -592, -1508, 475,
    -198, 1123, 1203, -215, -335, -165, -1365, 1586,
    -182, -862, 281, 924, 401, -328, -588, -1211,
    615, -757, -1181, -1996, 894, -693, -498, -328,
    513, 661, -579, 521, -2, -118, -1991, -569,
    -62, -683, -1972, 1253, 1076, -560, -1214, -1404,
    790, 251, -838, 642, 554, -1869, 354, 568,
  },
  {
    -551, 449, -898, 477, 674, -2495, 253, 1,
    -783, 149, 421, -1768, -645, -908, -290, -361,
    -1486, 234, 356, -558, 346, 209, 779, -843,
    768, -689, -418, 972, -2601, 296, 978, 778,
    767, -1412, 1028, 162, -708, -210, -1430, -549,
    -2167, 563, -499, 649, 1203, 54, -635, -114,
    787, -713, 2200, 1333, 392, 458, 728, 1645,
    1130, -1056, 1510, 1742, 104, 777, 200, -578,
    -832, -1217, -117, -1776, -1222, 1056, -639, -525,
    198, 3032, 191, 3347, -1376, 1635, 137, -345,
    -2003, -631, -618, -1220, 433, -323, 195, 1163,
    1401, -1099, 1105, -797, 1469, -811, 755, -527,
    1680, -1263, 1213, 802, 245, 624, -1620, 679,
    -35, 127, 1032, 321, -1405, -1000, 1814, 501,
    -1452, -1025, 432, -359, 636, 123, 492, -1606,
    273, 383, 1338, -787, -615, 601, -941, 1465,
    -510, -155, 469, -606, -485, -3, -455, 1921,
    -289, 527, 40, 1168, -439, 1326, -991, -406,
    773, 26, -1843, 288, -33, -361, -293, -601,
    395, -1366, -1016, -528, 252, 329, -23, -586,
    1593, -473, 1215, -347, -260, -140, 269, -1733,
    -243, -382, -227, 1690, -685, 489, -1219, 314,
    -919, 897, 359, -832, 1043, -339, -1431, -614,
    -685, -751, -750, -2345, 5, 1052, -111, 859,
    802, 1005, 619, -1491, -416, 199, 61, -1072,
    -456, 317, -911, -1519, -1284, 716, 105, -65,
    -784, 274, 1844, 1084, -839, -275, -447, -368,
    -33, -371, -1499, -425, -724, 924, 303, 417,
    -344, 1102, 469, 465, -1712, 339, -90, 215,
    -333, -949, 709, 592, -816, -1096, -841, -165,
    341, 45, -1619, 296, 387, -1017, 21, 95,
    227, -1593, 551, 834, -3137, 1115, 573, 218,
    -509, -162, -646, 86, 422, 90, -1280, 356,
    -1112, -1531, 299, 664, -272, 1557, 778, -228,
    107, -1061, -579, -351, -415, -1322, 551, -289,
    -506, 177, 401, -61, 46, -1280, -269, -1384,
    -439, -279, 636, 275, -140, -799, -359, -119,
    -152, -131, 746, -1743, 74, 844, -95, -152,
    198, 1654, -864, 93, 308, -152, 123, 462,
    -123, 244, 558, -83, -324, 826, 537, 43,
    402, 259, 476, 789, -628, -563, 922, -302,
    -563, 1348, 266, -104, -896, -539, 63, -1384,
    -53, 185, 1, 245, -334, -1481, -202, 947,
    -219, 1114, -1394, 189, 45, 958, -1131, 98,
    -449, 753, -698, 106, 847, 347, 392, 698,
    365, -1968, -16, 395, 1735, 374, -415, -396,
    417, -1180, 562, 919, 297, -741, -184, -97,
    20, -715, 922, 1993, 307, -164, 695, -696,
  },
  {
    -1498, -358, 484, 980, -1426, -1520, -197, -84,
    583, -514, 250, -752, -1362, -416, 474, 419,
    -495, -489, -448, -2396, 857, 300, -535, 152,
    -1120, -1097, -366, -1135, -482, 1167, 457, -493,
    -491, 977, -34, 1442, -588, -318, -1157, -699,
    399, -1436, -71, -163, -790, 1102, -931, -1604,
    211, -470, -1243, 194, -1231, -9, -776, -313,
    -1512, -453, -487, -836, -603, -1145, 161, 438,
    -204, -1305, -646, -943, 1195, -1493, 1496, -575,
    -530, -814, -476, -176, -761, -115, 66, 540,
    44, -1339, -572, -1, -1037, -1288, -1207, -1061,
    449, -1103, -1789, -381, 282, -941, 288, -614,
    -846, -890, -1422, 882, -172, -388, -588, -1618,
    -828, 296, -366, -1250, 144, -2831, 184, -738,
    309, 617, 847, 1520, 26, 9, 220, -683,
    -766, -1339, 80, 211, 424, -664, -782, -1730,
    -514, -437, -398, 7, 35, 409, -357, 456,
    534, 861, 196, 270, -227, 362, 476, -46,
    130, 85, 896, 296, 760, -1561, -1073, -532,
    221, 373, 778, 78, 206, 447, -585, -563,
    -510, 572, -74, 741, 350, 390, -371, -249,
    58, 466, -172, 775, -53, 151, -324, 1675,
    444, 728, -334, -480, -263, -419, 766, 514,
    -975, -403, 804, 1374, 945, -385, 210, 810,
    -602, -931, 447, 779, 781, -121, 902, 720,
    650, -329, 462, 92, -204, 860, 802, -70,
    662, 451, -133, 169, 1056, -751, 957, -41,
    -1371, -1672, 611, 36, 1488, -907, -270, 238,
    743, -397, 558, 898, 1050, 656, 666, -1198,
    -165, 106, 159, -21, -983, 61, -62, -543,
    206, -491, 632, 245, 423, -105, -145, 112,
    287, 514, 23, -678, 1120, 452, 236, -836,
    1, -532, -748, -1346, 316, 175, 851, -142,
    -118, 145, -1330, 207, -152, -449, 592, 93,
    630, 1209, 594, 1539, 161, 1122, -455, -887,
    -636, 128, 143, -139, 481, 39, 1132, 73,
    559, 343, -693, 536, 687, -116, 34, -1358,
    -1254, -121, -465, 245, 273, -315, -580, 53,
    -1408, -827, 758, 321, -356, 63, 219, 654,
    727, 229, 285, -1055, -130, -24, -614, -740,
    89, 24, -720, 463, -160, -1677, 889, 36,
    136, 667, -857, -777, -27, 503, -310, -1017,
    566, -816, 583, -437, 325, -524, -220, 119,
    458, 19, 2079, 371, 973, 374, 745, -759,
    -1056, 84, 1066, -884, -290, -488, 116, 158,
    -1497, 822, 212, -71, -951, 948, -1196, 349,
    879, 1883, -1036, -1117, -886, 294, 80, -61,
    919, 162, -983, 1335, 928, -786, -1295, -83,
  },
  {
    -594, 1493, 151, 188, -624, 42, -567, 703,
    2046, -273, 652, 733, 947, -1691, -488, -944,
    2484, -501, 1534, 352, 654, 977, 981, 29,
    232, -199, -298, 585, -2, 1257, -196, -270,
    -874, -121, -1211, -2154, 1694, -259, 359, -820,
    -1063, -828, -452, -268, 458, -1056, 1205, 895,
    -74, 468, -489, 161, -579, 898, -1077, 539,
    -552, 33, 179, 622, 638, -1260, 437, 1092,
    540, 547, 620, 567, -1479, 949, 845, -882,
    -581, -798, 236, -519, 1452, 2263, 772, -631,
    -1212, -324, 317, 1769, 769, 449, -781, -92,
    1178, 1570, -637, -949, 1629, -1469, -2405, 233,
    1272, 1693, -803, 2330, -1098, -237, -79, 7,
    764, -321, 1011, 525, 1753, 884, 1081, 93,
    -11, 810, 330, -1182, 195, -325, -259, 97,
    -260, -1188, 460, 91, -647, 1076, 2079, 343,
    -505, 2429, -441, 1898, 188, 1087, -660, 1042,
    851, 1068, -517, -1376, -723, 457, -394, -932,
    2882, 996, 790, -284, -621, -9, 1676, 1961,
    -973, 1009, 421, 363, -2688, 198, 1575, 1788,
    -1039, 1258, 1793, -104, -887, 1491, -1509, -597,
    369, -177, 2529, 651, -1624, 617, -571, -120,
    -240, 1102, 501, 1123, -1612, -414, 460, 1483,
    18, 368, 579, 590, -633, 1528, 1138, 2303,
    2704, -470, 586, 1848, -1808, 935, 329, -963,
    -215, -1942, 788, -96, 2767, -867, -223, 1030,
    238, 68, 1190, 498, 631, -981, -1037, 1583,
    1417, -815, -267, 1252, 2013, 1150, 51, -304,
    -1937, 484, -447, 524, -119, -734, 104, 107,
    312, 1241, 1071, -129, -1134, 520, 824, -271,
    973, 2796, 292, -16, -1420, 423, -88, -696,
    -606, 431, -1364, -650, 577, -686, -813, -1814,
    724, 832, -953, 688, -676, 797, -564, -35,
    -1603, 205, 1794, 1983, 1213, -1492, -172, 1559,
    -911, -142, -401, -608, 381, 651, -1157, -1023,
    1077, 651, -960, 1005, 1359, -308, -192, -1910,
    1027, -559, 62, 602, 2221, -291, -1276, 124,
    152, 3, -698, -106, -770, 641, 1048, 75,
    254, -805, -60, -74, 144, -157, 145, 799,
    94, -4, 297, -1134, 611, 1362, -154, -105,
    413, -847, 879, -1086, -823, -563, -694, 114,
    -303, -1046, 1458, 151, 505, -1701, -676, -1083,
    221, 1391, -86, -1007, -1218, 494, -740, 1345,
    -10, -452, -708, 911, 43, -152, -368, -373,
    -168, -289, 276, -1544, 447, 1020, 716, -473,
    580, 979, 1124, -804, -891, 437, -1999, 290,
    127, -891, -684, -1016, 966, 36, 353, 1100,
    20, -992, 19, 1335, 1793, -1672, -485, 1837,
  },
  {
    -345, 2890, -843, -51, -1696, -793, 6, -3247,
    59, -1193, -574, -61, 1650, 337, 82, -983,
    471, -1006, 1573, 16, -444, -246, -598, -415,
    3782, 1916, 247, 770, -368, -1929, -468, 172,
    -933, -883, -537, 288, 217, -71, 66, 1591,
    -951, 462, -507, -2393, 1014, 954, 326, 39,
    1098, -291, 956, -1460, -643, -1329, -133, -509,
    849, -1115, 1127, -513, 885, 423, 98, 119,
    -364, 821, 739, -1002, -687, 296, -1183, -62,
    -802, 520, -284, 1425, 218, 1536, 172, -834,
    -374, 1271, -177, -1193, 3549, 1819, -390, 93,
    37, 105, 476, -1137, -804, -706, -469, 731,
    859, -600, 930, -546, 897, -1827, -1407, -363,
    1907, 570, -208, -798, -1070, 953, 1808, -985,
    428, -620, -461, -989, -508, -616, -1169, -179,
    448, -1289, 16, -861, -610, -490, -259, 911,
    -1054, 371, 640, 703, 1170, 35, -347, 166,
    -889, -1416, -328, -62, -424, 22, -361, -238,
    -1236, -108, 371, 603, -1148, -801, -309, 47,
    244, 1326, -1957, 435, -420, -1233, -495, 444,
    -32, 1410, -352, -936, -1199, 85, 1759, 128,
    -1030, -244, 552, -855, 460, -1017, -776, -291,
    1253, 1394, -276, 2017, 363, -1601, -380, -7,
    43, -476, 2, -1498, 493, 964, 242, 79,
    1941, 780, -412, -970, -547, 497, -49, -829,
    -754, 63, -603, 109, 319, 407, -685, 3,
    589, -647, -2365, 1027, -3207, 677, -299, -916,
    -487, 293, -207, 1697, -1036, 147, 172, 625,
    -631, 155, -594, -60, -838, 311, 30, 520,
    -859, -2937, 684, 745, 1377, 173, -109, 1201,
    -1468, 130, -2257, -871, -135, -742, -2810, -107,
    -395, -1067, -6, 741, -1280, 692, -2253, -148,
    279, -214, -196, -276, 633, 354, -1042, -1170,
    -201, -1759, 357, 345, -225, -800, -289, -290,
    -286, -998, 288, -2025, -43, -2093, -870, -180,
    753, 626, -57, -1718, 279, -563, -1214, 264,
    -267, -537, 154, -740, 320, -97, -131, 497,
    -633, -683, 818, -343, 125, -119, -221, 579,
    324, -486, 632, 279, 755, -714, 637, -362,
    1087, 996, 2032, 323, -173, -148, 1289, -501,
    350, 991, -262, 572, 348, -521, 570, 969,
    -729, -245, -644, -485, 37, 1328, 137, 625,
    -714, -371, 1237, 582, 1284, 35, 545, -272,
    -1043, -123, -312, 693, -302, -975, -819, 963,
    -429, 497, -615, -906, 436, 731, -369, -2320,
    922, 193, -1337, 185, 14, -906, 1611, -302,
    308, -477, 530, -242, 688, 169, 111, 866,
    -1437, 1344, 334, -389, -284, 823, -410, -826,
  },
  {
    1170, 1382, -103, 1503, 114, 210, -661, -413,
    260, -85, 445, -87, 482, -413, -185, -450,
    551, -124, 1367, 445, -356, 1528, 0, -969,
    1275, -531, -896, 2509, 628, -150, -609, 936,
    -538, 2156, -506, -7, 1466, 240, 787, 195,
    190, -177, -644, 1127, -986, -1354, -1194, -593,
    302, -1420, 1311, 1363, -494, -86, 667, -180,
    771, 1513, 1682, 413, -1452, 1368, -1703, -550,
    533, -204, -1197, 972, 947, 712, 910, 142,
    680, 437, 1858, -431, 1130, -756, -1201, 250,
    -599, 734, 1927, 228, -299, 343, 114, 1430,
    -91, 1053, 1239, 2101, -584, 141, -636, 1963,
    -502, -171, -1435, -4, 1009, -349, 1268, 246,
    1927, -1851, -472, 2707, 934, 2796, -1963, 1537,
    -918, -457, -1270, -347, -340, -466, -717, 649,
    -76, 2650, 2054, 1216, 1386, 21, 787, 1535,
    -845, 1556, -393, 632, -242, 529, -227, -1277,
    69, 131, -309, -26, 646, 125, 700, -844,
    561, -306, -940, -215, -611, 557, 669, -163,
    -362, -263, -286, 1398, -475, -1958, -1816, 423,
    -1076, 706, -3, -776, 409, 1225, 830, 155,
    -334, 198, 174, -492, -77, -731, -1053, -596,
    1922, 1774, -571, -162, 679, -101, -130, 272,
    1787, -126, -615, -11, 993, 329, 708, -448,
    -658, 1158, 914, -201, -633, -439, 805, -877,
    789, -3, -405, -286, -85, 120, 567, 811,
    33, 938, 559, -264, -225, 1251, -1044, -222,
    1107, 1014, 73, 293, 499, -128, -31, -322,
    26, 309, 249, -2885, -1228, 517, 1351, 918,
    585, -2000, 1896, -1082, 641, 325, -809, 1037,
    303, 1062, -624, -1455, -30, 95, -362, 51,
    -1669, -1116, -258, 325, 56, -550, -233, -86,
    -1308, 1346, 1352, 278, -339, 325, 1425, 982,
    1339, -433, 991, -390, 758, 493, -1564, 1033,
    -144, -293, 266, 586, 564, -109, 306, 652,
    432, 1169, -92, 1129, -424, 770, -274, -267,
    568, -784, 671, -312, -699, -98, -1162, -791,
    127, -58, 503, 223, -305, 132, 36, 638,
    311, 202, -43, 271, -111, 198, -181, -20,
    -1037, 557, 369, 1058, 944, 300, 362, 1115,
    -13, 661, -399, 505, -556, -325, -207, 1172,
    -1130, 215, 207, -1805, -536, -1321, 1126, 1592,
    -149, -813, 473, 690, -1494, 2009, -3, 286,
    158, 662, 644, -540, 111, 687, 1264, 704,
    349, -676, 493, 621, -553, 804, 401, -973,
    1730, 1155, -114, -830, 776, -10, -500, -1082,
    -1314, -895, 1400, -299, -765, 482, -284, -537,
    300, -135, 769, -170, -110, -352, -2, 126,
  },
  {
    -876, 292, 333, -217, -627, 425, -76, -497,
    93, 614, 927, 1210, 88, -1793, 504, -597,
    -584, 1056, 1068, 388, 428, -530, 2121, 1719,
    -716, 767, -208, -511, -24, 232, -1755, -1324,
    -222, 971, 87, 1616, -1415, -348, -757, -1850,
    -644, -919, 369, -1540, 2293, -253, 398, -495,
    1794, 1369, -1426, -448, -405, -803, -328, 1350,
    1019, -1130, -462, -1173, -1674, -1530, -1096, 658,
    -645, 25, 349, -1676, 173, -1190, 1326, -332,
    -580, -1453, 95, -398, -1926, -413, -1924, -55,
    624, -1369, -722, 1823, -2473, -483, -1170, -840,
    310, -273, -89, -439, -12, -1395, -333, -1487,
    -162, 1764, -1512, 1542, -743, -339, -422, 434,
    -320, 848, -417, -853, 111, -529, -631, -2825,
    1588, -216, 232, 1182, -447, 222, -132, 386,
    -74, 199, 591, -219, 388, -324, -1355, -1402,
    883, -428, -1074, 664, 849, 596, -811, 134,
    2270, 143, -956, 627, -385, -1028, -1342, 1379,
    -1458, 316, 1686, -386, -80, -197, 1275, -451,
    -320, -401, 320, 295, -1083, 370, 1349, -996,
    -1528, 32, -153, -1364, -257, -120, -1706, -112,
    302, 41, -753, -1650, 971, -1357, 789, -216,
    667, 338, -521, -1689, 516, -459, -1067, 2051,
    147, -45, -169, 113, -545, -7, -811, -446,
    -529, -51, 204, -204, 532, 642, 47, -980,
    -1168, -1356, 232, -162, 154, -1355, -1156, -526,
    2123, 1046, -640, -80, 175, 500, 835, -1051,
    -143, -239, -697, -317, 242, 88, 70, 744,
    -404, 302, 660, 1793, 503, 900, -539, -283,
    1039, 2035, -157, 1298, -1553, 880, -871, -770,
    -16, -1209, -758, 886, -659, 291, 612, -379,
    717, -598, -759, -489, 2114, 1216, -3, -864,
    746, 544, -58, 848, 796, 441, -913, -861,
    -1533, 435, 454, 499, -357, -328, -52, 506,
    -170, -427, 34, -338, -95, 1365, -862, -216,
    303, -759, -427, 350, -728, -266, 810, -1665,
    737, -48, -57, 774, 368, -908, -722, 698,
    -152, -80, -108, -857, 562, 339, -654, -557,
    -147, 198, 41, 496, -737, -846, 1202, 396,
    41, -551, -1300, 148, -143, 462, -1051, 45,
    76, -1073, -1099, 126, 529, -622, -1031, -2708,
    -1096, 455, 427, 419, 382, -157, -174, -795,
    -479, 561, 357, 58, 35, 674, -770, 421,
    -387, -348, 158, 326, 1105, 1130, -279, -925,
    -732, -1, -186, -1322, 83, 626, 328, -1263,
    -725, -549, 583, 901, 749, 883, -484, -605,
    -488, 400, -1682, -894, 673, -49, 738, -160,
    53, 204, 98, 540, 213, -955, -859, 488,
  },
  {
    -616, -1210, -579, 384, -609, 155, 53, -179,
    882, -1957, -1200, -2186, -774, -187, -184, -1325,
    -321, -522, 759, -623, -531, -885, -739, -1116,
    -1212, 183, 1675, -1995, -280, -1949, 194, 1032,
    -1089, -607, -163, -804, -1362, -836, -1616, -282,
    -431, 436, -1225, -413, -1168, -280, 134, -803,
    -219, -12, -175, -852, -325, -208, -1004, -72,
    654, 1059, -273, -530, -1815, 191, -1020, -49,
    -203, -214, -291, 1185, -108, -2382, -346, 530,
    -474, -611, -785, -565, -169, 376, -106, -265,
    762, -546, 351, -446, -940, 75, 1194, 1314,
    135, -736, 28, -109, 389, -1182, -193, -74,
    -171, -773, -230, -51, 475, -2662, 845, -1463,
    -809, 502, -2681, 829, -836, 90, -98, -1245,
    -134, -588, 1744, -252, 459, -1475, -1551, 308,
    -1127, 174, -1803, -841, -344, -1671, -216, -844,
    -480, -317, -293, -450, 1386, -1245, -323, 449,
    -960, -1138, -1315, -299, -682, -430, -947, 955,
    -737, -966, -836, -291, 234, -254, 196, -161,
    982, 287, 108, 536, 480, 338, 741, -2233,
    -318, -1371, -1753, 7, -807, -729, 155, 548,
    -578, 349, -900, 104, 1193, -79, 449, -1506,
    331, -646, 1365, -227, 466, 585, -1213, 560,
    -1265, 628, -716, -779, -460, -793, -761, 621,
    -855, -82, 228, -515, 934, 19, 1951, 54,
    545, -72, 1630, -323, -675, 828, -11, 169,
    709, -519, -964, 653, -180, 286, 412, 80,
    -445, 100, -579, -506, 1193, -426, 592, -32,
    5, -528, 477, 448, 123, -125, 784, 124,
    -840, -395, -491, -741, -594, -940, 289, 1043,
    -111, -419, 442, 289, 953, -1001, -78, 1154,
    444, -267, 1771, -90, -433, -879, -500, 388,
    483, -21, 194, 362, 899, -695, -321, -650,
    686, 288, -1028, -248, -908, 89, -545, 973,
    180, 838, 162, 418, -16, -1658, 375, -163,
    600, 530, 855, 327, 429, -680, 1700, 278,
    200, 388, 236, -1151, -2283, 11, 283, 587,
    227, 640, 224, 211, -369, 887, 74, -1675,
    -170, 912, -439, -932, 329, 292, 1301, 148,
    -253, -25, 2073, 432, 1160, -508, -157, 967,
    782, -475, 82, -729, -314, -470, 410, -1443,
    -496, -361, -165, -336, -267, 894, 773, 928,
    578, 872, -532, 535, -89, -71, -83, -607,
    -227, -114, 1083, 682, -393, 743, 1210, 273,
    -423, -336, 526, 304, 637, -1008, -842, -449,
    -37, 163, 724, 1129, 18, 559, -612, -830,
    -571, -327, 2031, -647, -64, 16, -95, -1057,
    1048, -2551, 620, -1245, -102, 1177, -1029, -2317,
  },
  {
    -1694, -291, 846, 758, 379, -1111, 99, -262,
    -766, 1342, 1365, 1977, 114, -1052, 72, 2699,
    -1254, -111, -1340, -1078, -555, -986, -96, -904,
    1305, 102, -1351, 1195, -155, -72, 872, -354,
    474, 658, -1298, 2287, -401, 177, 167, -165,
    552, 1423, 606, 1297, 2546, -1820, -3383, -25,
    -400, -224, 1181, 1814, 1110, -1259, 591, 231,
    -2301, 3653, 207, 830, 2232, -309, 812, -1822,
    610, 1349, -492, 37, 371, -778, 1586, 843,
    -31, 186, -900, 716, -2110, 1493, -178, 1438,
    -1642, 2211, -221, -317, 887, -2583, -824, 26,
    158, -1178, 556, 1286, -494, -168, 2872, 169,
    551, 668, 1510, -1530, -1074, -76, -1618, 1172,
    219, 638, 401, 340, 1315, 1178, 1604, 1412,
    402, 74, 43, 527, 505, 492, 973, 471,
    1627, 1146, -424, -209, 987, -208, -2145, 520,
    651, -670, 1013, -938, -1686, -1845, 357, -1256,
    -861, -621, 523, -199, 284, -1466, -322, 1573,
    19, -730, -2354, -340, 333, 944, -1006, -174,
    430, -1281, -714, 233, 511, -286, 674, 396,
    195, 66, -248, 822, 1088, -1997, 1659, -439,
    -633, -840, -10, -1407, 376, -1749, -2649, -1930,
    -20, -1238, -854, -241, -658, -542, 245, -2110,
    -187, -756, -641, -799, 475, -755, 1453, -1051,
    -1483, -851, -557, -1244, -1084, -792, -696, 924,
    -222, -295, -975, -748, -1782, 370, -571, -869,
    -817, -235, -45, -1007, -129, -564, -820, -1949,
    -815, 635, 74, -205, -1043, 133, 604, 52,
    -474, -82, -940, -833, -409, -418, -192, 866,
    -298, -1610, 70, -1332, -271, -582, 218, -1102,
    -678, -912, 188, 693, 273, 2393, -1122, -60,
    25, -1102, -1157, -232, -341, -858, 214, -102,
    846, -535, 278, -251, -1193, -730, -1338, 1382,
    872, -1817, -751, 1221, 170, 897, -486, 571,
    752, -558, -249, 223, -930, 60, 194, 963,
    -468, -733, 1355, -63, 204, 539, 1037, 534,
    60, -79, 876, -284, -657, -732, 705, 771,
    250, 45, 422, -616, 1478, 949, 159, -1135,
    61, -828, 769, 443, 1280, -229, 13, -105,
    255, 238, 160, 979, -117, 456, 799, 46,
    -336, 78, 1452, 834, -163, 420, -259, -7,
    197, -210, -475, 210, -619, 1250, -196, -377,
    411, -953, 56, 304, -288, 69, -673, 279,
    -716, 725, -1446, -654, 797, -752, 56, 18,
    -231, 879, -1338, 239, -395, -990, 11, -1180,
    -1828, -1477, 454, -62, 147, -1131, 1293, -166,
    -554, -255, -193, 741, 330, 623, -252, 659,
    -524, 2335, 734, 1508, -609, 404, 1003, 202,
  },
  {
    329, -80, 1751, 1145, 1431, 748, 174, 1941,
    1012, -942, 429, -317, 49, 1305, -1969, 250,
    42, 1311, -1802, -517, 354, 598, 507, -12,
    -2068, 114, -212, -449, 2959, 1736, -1513, -2349,
    -235, 979, 834, 77, 2498, 959, 224, -291,
    2188, -4402, 845, 1400, -1205, 144, -989, -848,
    -1481, -1705, -372, 1419, 1071, 18, -2013, -695,
    -876, 279, -1436, 312, 163, -397, 917, 924,
    997, 320, -1208, -764, 504, -1370, 990, 2246,
    2081, 449, -1005, -471, -1651, -2036, 111, 338,
    1747, 454, -960, 607, -2482, 322, -45, 843,
    196, 1082, -2321, 679, 1816, 913, 1439, -325,
    -3633, 298, -927, 1138, -1394, 386, 647, 383,
    -2712, -1223, 562, -9, 1066, 357, -33, -419,
    1117, 1830, -188, 2048, 777, 1102, 660, 342,
    -507, 219, 296, 171, -1138, 3354, -907, -2032,
    312, 1531, -562, -546, -796, 1037, -73, -1465,
    -106, 12, -293, -860, 748, -816, -232, 187,
    820, -930, 2689, 714, -494, -53, 826, -295,
    -304, -752, -667, -661, 597, 31, 631, 1835,
    -1982, 736, 90, 1372, 470, 2378, -124, -565,
    -512, 1761, 352, -878, -99, -234, 1200, -178,
    -2423, -833, -311, 1027, -2400, 264, 1861, -736,
    146, 132, 571, 932, -1556, 245, -662, -600,
    -1025, -1194, 1145, 394, 905, -1233, -405, 609,
    878, -416, -673, -422, -2086, -92, 488, 953,
    157, -1160, 1003, -206, 1314, -15, 825, -794,
    -287, 443, -246, -827, -17, 277, -236, 288,
    -269, -1653, -951, 851, 2164, 419, -1681, -1312,
    1036, 525, -635, -566, -392, 1178, -1215, 138,
    225, -1443, 864, 242, 36, 675, -1092, -1211,
    -688, -242, -1528, -554, 2246, -1158, 428, -45,
    11, -788, 664, -668, -1212, 710, -825, 450,
    -5, 794, -457, 711, 446, 258, 291, -342,
    -705, 158, 48, 1072, 80, 1462, -265, -145,
    -463, 2262, 523, 257, -1153, -731, 638, -832,
    -88, -643, 55, -381, 1190, 846, 1057, 1064,
    -537, -124, 618, 1442, 1901, -1213, -348, -1844,
    -1764, 432, -1205, -1090, 525, 157, 128, -602,
    161, -1066, -1577, 1034, 90, -1095, 108, -585,
    957, -1414, -449, -682, 118, -1483, -2003, -886,
    -1219, -893, -490, 1037, 63, -313, 1071, -1396,
    -406, 1071, 371, 241, -8, -1930, -1679, -2194,
    1180, 580, 634, 726, 1350, 1169, 1309, -620,
    -227, -266, 50, -557, -294, 251, 81, 469,
    54, 512, 237, -1084, -507, 2239, -1392, 536,
    574, 243, -1332, 527, 628, 1260, -322, -1450,
    -246, 262, 391, 1730, 209, 635, -2007, 1064,
  },
  {
    36, -2155, -904, -130, -308, 561, -1159, 631,
    176, 1310, 40, -215, -1202, -1016, 800, 140,
    -535, -468, -1501, -38, -1017, 366, -209, -313,
    1160, -2354, 1488, -436, -294, -1271, 283, 2062,
    -720, -1297, -57, 104, -126, -1415, -1270, -899,
    482, -456, -1676, 779, -502, -115, -20, 26,
    1582, -108, 167, 112, 897, -986, -254, 2295,
    1620, 120, -15, 171, 0, -1165, -968, -166,
    -1238, -314, 963, -241, 798, 261, -371, 10,
    -1639, 1501, 765, -1116, -1287, 858, 121, -887,
    1068, 834, -1094, -900, 279, -878, 236, 1393,
    1011, -24, 406, -169, -495, -1714, -675, 71,
    -948, -1676, 2110, -1629, 61, -409, -16, -1315,
    -1829, -92, -1836, -793, -1169, -1290, -832, -1311,
    -283, -1624, 199, 201, 2911, -753, 480, -379,
    -1597, 434, -346, 90, 1894, -998, 1402, -655,
    2532, -468, -452, -175, 1188, -1060, -761, 797,
    1701, -1133, 393, 418, -794, -343, -819, 291,
    -370, 34, 871, -115, 701, -558, 514, -831,
    -1185, -1563, 1172, 36, -276, -56, 276, -756,
    976, -599, -2334, 743, 6, -777, 40, -874,
    -533, -1562, -304, 150, 454, -758, -241, -118,
    663, 633, 1093, -486, 861, 1378, -1075, 1173,
    -250, 264, -68, 497, -791, 35, 130, 727,
    272, 587, 575, 1404, -996, 437, 300, 479,
    263, 1115, 1358, 91, -933, 714, 1101, -1025,
    1511, 278, 694, -186, -613, -512, 1053, 299,
    507, -195, 61, 172, 254, 305, 1684, -1812,
    973, -218, 652, -311, 382, -564, 751, -520,
    -145, 70, -140, -358, 55, -1240, -318, 228,
    813, 50, 934, -583, -107, -58, 707, 1327,
    -193, 786, 239, -13, 228, -1332, -85, -385,
    -860, 235, 410, 635, 755, 84, -366, -861,
    -933, -310, -30, 1366, 605, -124, 218, 75,
    -264, -815, 474, -258, -794, -2276, 421, -557,
    854, -1404, -45, 334, -1259, 957, -441, -144,
    -1004, 1371, -287, 490, 389, -1068, -59, 430,
    650, -262, 1344, -185, -1365, 701, 245, -928,
    -759, 91, 14, -399, -997, 1047, 589, 1318,
    1048, -1434, 561, 934, 1175, 214, -773, 756,
    414, -722, -360, -522, -43, 10, -357, -1214,
    219, -1280, -711, -514, -55, 21, 423, 323,
    97, -50, 47, 595, 496, -579, -268, 545,
    2336, -10, 740, -175, -150, 838, 1910, -224,
    -985, -1613, 968, -894, -362, 26, 689, -993,
    176, -320, -702, -1125, -799, 1208, 647, 301,
    -1605, -159, 1952, -767, 598, -857, -34, 275,
    -293, -1509, 723, -90, 452, 261, -36, 1415,
  },
  {
    -486, -54, 703, -406, -2014, -884, -2943, -676,
    251, -2727, 1076, -1321, 1109, -914, -746, -1850,
    2112, -1554, -83, 129, -836, -516, -1597, -917,
    1040, -917, -311, 1015, -1102, -1095, -557, 10,
    -920, -79, -735, -1215, -1023, -1064, 388, -1925,
    -1115, 1312, -2405, -181, 412, -1324, 654, 311,
    170, -2216, -2127, -333, -579, -352, -387, -1138,
    -170, -1667, -1059, 488, -1474, -476, -1710, -918,
    -719, 78, -601, 1041, 529, 937, -1717, -817,
    -1116, -1896, 95, -576, 1159, 662, -620, -3083,
    1278, -28, 1180, -1258, 137, -13, -327, 272,
    -1976, -601, 399, -617, -1137, 107, 160, -593,
    557, -506, -78, -249, 390, -392, -278, -1827,
    1101, -1352, -687, 480, -689, 184, 1257, -303,
    -1076, -444, -788, -590, -401, -1802, -1550, -1628,
    -905, -1358, -2220, -1696, -1892, 742, -38, 677,
    -1279, -516, 1195, 1586, 1758, 428, -475, -236,
    984, -16, 478, 1002, -262, 508, -134, 72,
    -346, 1195, -34, 2541, -319, -383, -582, -545,
    -523, -254, -188, -608, 428, -403, 491, 213,
    616, 910, 1531, 199, -492, 270, 300, -739,
    -584, 1156, 399, 1544, 1037, -403, -1087, 96,
    219, 1245, 1379, 1480, 497, -1394, 1375, -763,
    -972, 729, 242, -294, 988, -810, 1446, 350,
    -146, 1028, -1509, -90, 308, 1317, 83, 58,
    1131, 73, -993, 335, 705, 607, 91, -1096,
    -1285, -575, -2064, 562, -1290, -140, -149, 524,
    -1160, 243, 961, 1530, 153, -1025, 320, -946,
    937, 137, -921, -373, 113, -232, -182, 235,
    -1868, 621, -8, 1053, 792, -538, 532, 2669,
    -38, -740, 503, 511, 64, -2501, -766, 431,
    374, 865, -1026, 2211, -1563, 1869, -278, -189,
    -93, -331, 944, 588, 811, -950, 441, -2526,
    -8, -535, -515, 320, -1536, -1376, 14, -910,
    -154, 1517, -368, -93, 399, 119, -86, -835,
    206, -1808, 537, 512, -273, 259, -706, -1300,
    -428, 216, -959, -756, -941, 413, -451, -1006,
    -395, 151, 6, 2287, -367, 1425, 342, 141,
    -828, 1872, 7, -1432, -770, 329, 795, 1063,
    -2456, -641, 427, -232, 1642, -492, 116, -713,
    -254, -691, 363, -51, -113, -1090, 108, -384,
    1401, 666, -194, 1666, 60, 567, 751, -1370,
    1281, -525, -1351, -1333, 188, 491, 918, 459,
    -624, -704, 329, 859, 218, 241, -445, 515,
    -1023, 557, -396, 295, -734, 588, 51, -208,
    -1814, -130, 523, 48, 561, 518, 1483, 977,
    43, 538, 1264, -345, 717, -426, -11, 1651,
    7, 176, 99, -583, 380, 989, -292, -334,
  },
  {
    -284, -1003, -1384, -1064, -180, -1285, -686, -133,
    -1878, 1222, -896, 88, 123, -790, 12, 346,
    750, 1915, -851, 576, -787, -450, 1465, 1296,
    865, 684, -214, -688, -296, -1400, 450, -294,
    139, -3062, 395, -376, -31, 629, -476, -762,
    -168, 708, -254, -1590, -163, -589, -231, 683,
    -62, -19, 1626, -459, 850, 549, 328, 1461,
    122, -208, 1479, 673, 1500, 2168, -274, -1480,
    -1072, 473, 2398, -1065, 229, 966, -739, 1077,
    2021, -247, 1449, 864, -144, -286, 19, -454,
    625, 1905, -275, -329, -669, -1232, -19, 349,
    503, 229, -443, -2357, -26, 1673, 1232, -256,
    467, 637, 688, -507, 1830, 485, -357, 1524,
    1969, 1030, 976, -1279, -1417, 927, 2069, -609,
    901, -380, -715, -470, -521, 1121, 1639, -546,
    -156, -509, 2595, 1466, 1199, -1571, -264, 741,
    -624, -1070, 64, 63, -104, -1491, -417, -919,
    844, -170, -518, 2511, -82, -845, 42, -440,
    -48, -192, -323, 1001, -237, -51, -623, -438,
    305, -1360, -2067, 330, -179, -151, -1642, -608,
    -677, -767, -100, 722, -249, 68, 143, 221,
    -494, 402, 177, 793, 1472, 987, -1655, 738,
    -1025, -1475, -136, -2027, 183, -1422, 817, -878,
    -350, -1041, 311, -1225, 1038, -990, 367, 613,
    -145, -354, -1559, 140, 208, -632, -321, -1267,
    -1407, 847, -1697, 306, -969, 159, -669, -679,
    -1082, -425, -679, -150, 1232, -947, -345, 159,
    -124, -135, 356, 399, -325, 1950, 65, 862,
    -431, 1343, -153, -390, -998, -148, -1061, 1746,
    -1, 833, -1208, 210, -30, -1131, 1574, -1228,
    530, -820, -693, 210, -850, 1297, -170, 356,
    -837, 38, -1243, -176, -379, 188, 138, 599,
    -1856, 447, 129, -377, -890, -59, -28, -1007,
    -1293, -2261, -286, -14, 646, 692, 276, -1535,
    -220, 273, -973, -1348, -1250, -239, 133, -1366,
    -1926, 670, 142, 886, 502, 411, -109, -786,
    -1283, 989, -491, -1181, -873, 240, 918, -1669,
    621, 750, -88, -1278, -48, -344, -282, 141,
    1030, 47, 1437, -9, -2606, 577, -1090, 12,
    -887, 1007, -2108, -753, 864, -957, 306, -648,
    144, -850, 1090, -288, -1190, 226, 640, 81,
    1043, 909, 113, 704, -506, -405, -676, -908,
    820, -266, 247, 364, -1822, 979, 617, 603,
    845, -867, -1858, 728, -624, 226, -744, 428,
    -400, 1268, 920, -1869, -443, 1454, 146, 136,
    721, -1108, 1171, 391, 8, -43, -672, 1469,
    1117, -1865, -909, 1802, -851, -1325, 425, 986,
    191, 497, 187, -1446, 600, -927, 2187, 396,
  },
  {
    -603, -884, -269, -509, 489, 932, 428, 1330,
    -396, 1470, -555, -412, -512, 278, -2103, -128,
    -52, 27, -135, 157, -342, 1004, 1329, 574,
    -1328, -505, 939, -724, -559, -106, -396, -412,
    -88, -962, 428, -632, -1629, -210, -988, -175,
    -509, 820, -12, -485, -1492, 1780, 349, 207,
    395, -843, -121, -369, 890, 151, 5, 1558,
    20, -992, -1462, 380, -1607, -1618, -301, 263,
    -700, -670, -823, 1497, -253, 750, 1010, -286,
    -374, -8, 687, -2421, -1084, -371, 64, -824,
    2183, -831, -147, 1222, -1480, -911, -30, 2193,
    -91, 520, -500, -1089, 512, -687, -1498, -23,
    122, -630, -1549, -125, -456, -395, 897, -496,
    -3404, 276, -1171, -648, -624, 60, 302, -1313,
    6, -929, 441, 1743, 1539, -185, -380, 499,
    -460, -1188, 576, 666, -109, -1571, 399, -103,
    920, 181, 569, -113, 249, -755, 787, 117,
    -564, 389, 199, 923, -46, 218, 202, -420,
    64, -561, 444, 298, -325, -526, 1313, -367,
    -1003, -158, 796, -223, 635, 768, 289, -739,
    236, -318, 100, 425, -49, 1036, -670, -904,
    104, 514, -526, 638, 1132, 1236, 287, 271,
    924, -485, -167, -1472, -471, 754, -496, 1101,
    -1005, -812, 787, 1541, -613, -806, -11, -549,
    -605, 714, -366, 129, 676, -74, 501, -495,
    33, 1031, 421, 374, -29, -90, 1176, -19,
    -1134, 434, -248, 8, 1305, -591, -471, 873,
    -713, 506, -522, 77, 803, -103, 146, -242,
    832, -1158, 1168, 310, 476, 57, -103, 226,
    219, 3135, -1217, -93, -142, -875, 38, -70,
    -62, -642, 312, 125, -257, -348, 319, -226,
    -539, 603, -70, 1103, 1844, -27, 564, 286,
    -53, -243, 844, -348, 292, -594, 1625, -279,
    -1453, 713, -979, 1078, -1071, -517, -133, 445,
    459, 675, 928, -32, -455, 405, 474, -1212,
    960, -95, 212, 1611, -276, 93, -883, -760,
    50, 306, -565, 356, -29, -1174, 459, -175,
    292, 804, -516, -54, -478, -189, -391, -1329,
    -844, -482, 1247, 0, -820, -5, -547, 407,
    319, -434, -286, 117, 17, -659, 335, -568,
    300, -407, -313, -859, 258, -939, -171, -1696,
    -336, -851, -368, 1165, -227, -698, -363, -929,
    108, 979, 1281, -520, -773, -515, -267, 335,
    81, -222, 365, 526, 1364, 167, 1394, -922,
    -656, 310, 583, 136, -525, 498, 743, 946,
    -1145, -210, 1226, 186, 48, 1638, -1077, 397,
    -325, 806, -28, 836, -1389, -495, 141, -735,
    -787, -824, -579, 1897, 140, -124, 353, 1106,
  },
  {
    479, 289, 1316, -133, 1276, -572, 1032, -16,
    -564, 1178, 927, -705, 564, 508, -1642, 656,
    -51, -673, 204, 1950, -847, 795, -851, 554,
    -677, 58, -1367, -848, 667, 1105, -249, -606,
    1995, -83, -1327, -699, -553, 1586, 1046, -518,
    95, -379, 1447, 967, 159, 981, 349, 1647,
    -488, -411, 872, 1095, 981, -203, 365, 35,
    -440, 1339, -163, 648, 773, -563, 752, -1986,
    85, 1387, 101, 1722, -152, 1980, -285, 814,
    2109, 1135, -970, 580, 94, 80, -1044, -905,
    -375, -57, 1230, -213, -1613, 1059, -591, 495,
    -422, 697, 432, -790, -398, 206, 1716, 1568,
    2158, 425, 44, -1447, -81, 1694, 212, 1197,
    10, 1089, 47, 977, -1147, 1673, -179, 1342,
    -656, -519, -759, -1026, 285, 1328, 431, 689,
    2180, 674, 183, -29, 754, 31, 706, -877,
    -596, -1171, -195, 273, -567, -988, 770, -192,
    -410, 960, 95, -1849, 1474, -81, -610, -714,
    1311, -48, -2390, 851, -261, 2188, -266, 59,
    -439, -164, -1670, 497, 56, -229, 170, -1376,
    699, 956, -103, 322, 1470, 890, -1125, -351,
    -266, 348, 1028, 1042, 234, 540, 854, -340,
    -881, -173, -230, -208, -462, 719, -470, -975,
    776, -53, 1076, 263, -139, -982, 759, -233,
    -741, -303, 415, -723, 941, -131, -1202, -166,
    -875, -534, -298, -441, -707, -194, -221, -1571,
    367, -448, 129, -1325, 1281, 638, -594, 463,
    -475, -603, 738, -192, -773, -54, -154, -51,
    419, -504, 493, -677, 232, -1240, -939, 44,
    -79, -106, 133, 272, 571, -236, 383, 790,
    196, -95, 452, -274, -340, -1441, 98, -419,
    305, 465, -1651, 866, 518, -1073, 953, 870,
    -915, -471, -11, -532, 120, -1360, 925, -19,
    125, 585, 1496, -668, -425, 24, 484, 135,
    -427, -917, 157, 145, -727, 1774, -216, -288,
    443, 59, 785, 385, 1323, -1608, -572, 1085,
    1236, -271, -528, 50, 677, -505, 246, -1531,
    -550, 35, -678, -851, -914, -355, 131, 67,
    -460, -136, 203, 50, -641, 591, -496, 275,
    -842, -252, -426, 70, -459, 658, 1503, -183,
    -1276, 854, 164, -620, 461, 943, 501, 813,
    1230, -146, 757, 975, 344, -253, 392, -390,
    623, -238, -980, -79, -1308, 1446, -67, 52,
    247, 603, -355, -44, -471, 198, -821, -827,
    964, 394, 708, 237, -483, 344, -400, 321,
    365, 496, -1286, 263, 319, -797, -676, -319,
    658, 206, 491, 1813, 263, 1416, -176, -54,
    496, 1052, -987, -303, -92, -495, 479, 1715,
  },
  {
    2531, 386, -981, -125, -1496, 252, 1531, -506,
    226, 2248, 1471, 1677, -1385, -379, -775, -962,
    1032, 1375, 1662, 909, 145, -482, -41, 1331,
    483, 162, 1728, 709, 932, -724, -1744, 1338,
    258, 1677, -67, -2348, -377, -127, 970, 2155,
    1754, 1135, -797, -1479, 838, -1557, -645, 851,
    979, -144, 855, 1073, 2785, -98, 68, -682,
    13, -602, 1296, 726, -258, 1451, -1232, 762,
    -370, 2243, 1933, 382, 99, 195, -162, 1054,
    -606, -336, -175, -153, 2025, 140, -224, -831,
    2063, 1077, -834, -980, 1288, 803, 481, -867,
    1078, 1424, -157, 1926, 153, -662, -714, -602,
    1448, -86, 1871, 232, 37, 1182, -475, 1617,
    -483, 139, 70, -223, 724, -974, -2073, -439,
    829, -1924, -158, -2078, 479, -434, -1637, 623,
    -1078, 451, 1022, 890, 1591, -264, 3112, -220,
    557, -636, -94, -54, 2446, 101, 107, 233,
    -661, -22, 289, 755, -2408, 706, -467, 195,
    -806, -1528, -626, -248, -1712, -218, -17, -1189,
    -161, -454, 1318, 1656, -1061, -890, 22, -746,
    1267, -1339, 669, -97, 1216, -959, 1199, 1185,
    1044, -1879, -603, -2568, 27, -2395, -431, 230,
    915, 1402, 589, 218, 427, -677, -122, -1345,
    1167, -342, 554, -763, -1282, -90, -332, 374,
    515, 2407, -1129, 472, -555, 770, 959, 140,
    -1353, 774, 172, 65, 859, 669, -2239, -2267,
    -1264, 783, 626, -252, 753, -202, -981, 1127,
    -198, 1090, -2191, 363, -1088, -396, 1417, -710,
    -233, 1282, 1913, 93, -1077, 164, 1251, -138,
    396, 235, 712, 1594, 529, -980, -589, -467,
    1658, -737, -1586, -730, -1086, -931, -371, 1255,
    158, -204, -996, -354, -1219, -402, -194, -1424,
    1452, 1669, -41, 1160, 1125, 457, -114, -998,
    -1532, -373, 1247, 487, -777, -1603, -1989, 2552,
    -2015, -604, -181, -703, 1097, -1437, 797, -620,
    373, 206, -747, 1443, 512, 1967, -1437, -12,
    1008, 84, -910, -377, -276, -115, -1365, 144,
    -1579, -69, -1225, 668, -2766, -1403, 1329, -1377,
    824, -3060, -167, 2273, 749, -171, -416, 148,
    -231, -463, 958, 902, -944, 1138, -1539, -302,
    -579, 420, 1282, 25, 314, 834, -39, -336,
    79, -1731, 128, -1689, 213, -1163, -1188, 893,
    -517, -377, 337, 154, -1691, 1804, -354, -779,
    196, -1194, -1348, 152, 1089, -193, -1102, 1678,
    141, -672, -434, 1033, 169, 637, 363, -2240,
    1315, 1148, -1697, 535, -1631, -301, -555, -1060,
    -1391, 489, 19, -1320, -345, -2392, -673, -1235,
    2416, 85, -529, -1077, 779, -2356, 403, 1260,
  },
  {
    -993, 311, 37, 230, -1248, -1075, 1142, -993,
    692, -373, 193, -717, -2226, 341, -181, 2056,
    1222, 446, -1901, -228, -1397, -217, -1153, 14,
    69, 792, 101, 6, -117, 642, -448, -730,
    3180, -258, -1552, -471, -163, 512, 436, -913,
    -167, 711, 4035, -399, 384, 52, -1224, 807,
    948, -1204, 1684, 131, -326, -358, 1313, -949,
    -67, 101, -382, 154, -314, -428, 490, -932,
    -1739, -1590, 828, -145, 368, 123, -1319, 234,
    807, 159, -761, 28, 329, -363, 1771, 48,
    38, 100, -475, -565, -1550, -1198, 940, -2062,
    -1377, 596, 1112, -106, -535, 417, 1494, -809,
    1104, -222, 134, -751, 740, -1, -1012, 1431,
    -412, 201, 60, -580, 1114, 1494, -773, 155,
    20, -1023, -912, -1054, -560, 1022, -290, -974,
    673, -1853, -565, 2150, 1350, 590, 626, -941,
    246, -1428, -172, -1844, 22, -977, -445, -172,
    -639, 293, -602, -661, 455, -903, -198, -22,
    1008, -612, -380, 1090, -649, 1115, 460, -637,
    -297, -1325, -2597, 15, -1355, 33, -1252, -1402,
    734, 287, -989, 222, -443, 348, 747, -1541,
    -205, -776, 339, 702, -989, -1502, -350, 2,
    -374, -38, 762, -246, -260, 87, -225, -1633,
    318, 76, 463, 686, -863, -1170, -1604, -795,
    -490, -611, -1226, -482, 262, -846, -652, 859,
    -54, -327, 257, -374, -295, -745, -1396, -1542,
    -1406, 148, -587, -1016, -27, 151, 491, 1191,
    1826, -731, 654, -871, 147, -401, 1797, 645,
    167, -1073, -1528, -477, 778, 399, -117, -1215,
    -13, 658, -1186, -189, -1506, -2378, -182, 1412,
    369, -985, 257, 420, 1877, -1096, -958, -305,
    315, -1066, -650, 164, -770, -297, -348, 13,
    238, 37, -101, 512, -1252, -221, -1845, 205,
    672, -911, 954, 891, -737, -767, -1574, -533,
    -601, -2899, 379, 958, 1286, 840, -317, -75,
    -146, 135, 369, -1178, 178, -1726, -939, 406,
    -643, -147, -1590, -647, -272, 833, 1091, 1113,
    191, -791, 1059, -529, 753, 920, 424, 673,
    -334, 1370, -632, 571, -21, -475, -298, 350,
    -86, 386, 515, 553, -542, 1617, 46, 357,
    330, 108, 248, 460, -7, -676, -87, 238,
    805, 831, -1026, 1305, -236, 18, 1520, 1354,
    1083, 791, 124, -540, -93, -826, 882, 1020,
    -1003, 1428, -1256, 125, -711, -950, -1047, -580,
    90, 986, -602, -627, -516, -513, 1715, 639,
    575, 740, -547, 233, 1239, 309, -411, -1099,
    -205, -588, 206, 932, -544, 456, 403, 1796,
    372, 984, 802, -821, 41, -320, -271, 1448,
  },
  {
    -1360, -2409, 366, -542, -1549, 281, 1023, 1843,
    281, 1039, 283, 824, -587, 696, -897, 779,
    1075, 188, -881, -281, -742, 119, -1667, 1359,
    84, -651, 429, 334, 352, 285, -2281, 233,
    945, 667, -787, -3301, -260, 297, 443, 790,
    1022, 52, -101, 400, -200, 352, 626, -232,
    949, -547, -1150, 517, 180, -1002, -391, -378,
    -730, 361, -1341, 81, -1599, -547, 422, 1009,
    -1116, -1020, 90, 359, 530, 32, -1972, 1311,
    1250, 1200, 115, -906, 234, -763, 1660, -399,
    1339, -990, 985, -767, 336, 489, 2152, 406,
    -471, -716, -1165, -159, -1746, 1487, -221, 266,
    -918, -1257, -680, 427, 582, 742, -138, 222,
    -2292, -1285, -547, -273, 530, -252, -1075, -1425,
    -614, -627, -1240, -458, -170, 84, -1310, 1159,
    -1150, 323, -1254, 834, 878, -950, 285, -1098,
    548, 41, -955, -213, 126, -834, -1007, 95,
    918, -229, 550, 227, 388, 29, -421, -144,
    42, -2609, 712, 56, -969, -182, 353, 331,
    -111, -1234, 1123, -471, 571, -1409, 155, -2108,
    148, -235, -832, -241, 520, 1095, 101, -557,
    698, 23, 28, 166, 1210, -988, 703, 179,
    -461, -174, 243, -242, 1340, 1127, -1914, 889,
    -250, -1132, 934, 1766, 787, -309, -1484, -1187,
    -694, -816, 133, -856, 2172, -544, -894, 442,
    636, 760, 1848, -965, 769, -259, 1106, -552,
    -611, 61, -1158, -1445, -861, -660, -357, -1501,
    -504, 31, -990, -246, -546, -1284, 759, -559,
    853, -316, 69, 465, 970, -472, -1114, -637,
    -53, 1138, -81, -1701, -729, -797, -1612, 71,
    -1498, -773, 134, 98, -278, 118, 1246, 693,
    1288, -385, -758, -244, 677, -872, -239, 766,
    750, 667, 85, 490, 259, -697, -1186, 647,
    520, 662, -906, -895, -1190, 962, -1270, 94,
    -1358, -1603, 703, 567, 350, -358, 598, -114,
    137, -332, -183, -182, 1885, -180, -975, -101,
    858, -533, -467, 310, 1612, 402, -1012, 367,
    691, 829, 285, -366, 1017, -25, 550, 743,
    -869, -1591, -1688, 74, 433, 532, 1017, -269,
    476, -964, -964, 1259, -114, 199, 670, -1510,
    531, 22, 1351, 223, 443, 77, 753, 222,
    677, 505, -450, -1063, -600, -1002, 436, 943,
    -348, -208, -69, -484, -217, 224, 108, -830,
    63, -165, -446, 276, -89, -307, -1188, 573,
    992, 398, -1086, -363, -822, -893, -1080, -235,
    -544, 765, -1026, -288, 1086, -118, 625, -1058,
    -130, 229, 992, 645, 264, -897, 972, -364,
    -50, -73, 776, 124, -653, -593, -167, 704,
  },
  {
    324, 523, 0, -2370, 12, 642, -1306, -480,
    570, -502, -626, 1023, 2824, 1111, 1660, -1504,
    -106, 705, 1537, 120, 1901, -377, 920, 483,
    -1036, 252, 779, -785, -12, 1302, 536, 542,
    -2607, -877, 1596, -527, 579, -683, 1153, -144,
    -1253, 1012, -1591, -629, -192, -1231, 2078, -580,
    -402, 903, -422, -92, 91, 305, -1176, -478,
    283, 659, -196, 137, 152, 701, 1184, 1473,
    1645, 1598, -322, 607, 617, 944, 934, 444,
    726, 300, -875, 2154, 516, 605, -811, 306,
    -746, 534, -72, 435, -696, 1623, -552, 727,
    -1035, 1516, 245, -1769, -218, -200, -899, -687,
    32, 1250, -771, -374, -891, 574, 411, -30,
    1326, 756, 720, 1177, -768, -985, 1343, 527,
    -370, 461, 12, -467, 430, 860, 394, 1506,
    -1870, -1158, 827, 158, -1294, -585, 1113, 793,
    -509, 2287, 1227, 1052, -455, 1109, -485, 931,
    -19, 369, -98, -432, 176, 1612, -878, -1580,
    -511, -151, 1038, -651, 887, -256, 191, 2031,
    -378, 1897, 1068, -377, -770, 1480, 1663, 786,
    -206, 192, 833, 155, -33, 72, -456, 1057,
    -1226, 2163, -57, 558, -340, 738, 1484, -621,
    488, 367, -119, 2237, -1125, 813, 1547, 1161,
    -707, 656, -236, -297, 563, 940, -801, 569,
    -224, 806, 494, -7, -509, 595, 527, -801,
    -270, -889, 114, -395, 241, -1055, 12, 237,
    1194, 266, 334, 53, 913, 797, 778, 78,
    -619, 31, -190, 15, 752, 275, -668, 220,
    -603, -374, -1510, 362, -1479, -196, -74, 2057,
    -806, -591, 1632, 1029, 654, 2350, 161, -182,
    -304, 1631, -551, 393, -295, -84, -164, -1212,
    -1478, 1562, 105, -556, -380, 1395, -77, -468,
    -662, 362, 548, 481, -415, 414, 74, 115,
    80, -1065, 898, -298, 943, 88, 318, 187,
    713, 112, 148, -2154, 520, 68, 207, 161,
    1483, 951, 129, -111, -754, -492, -623, -561,
    982, 272, -720, -2182, 616, 39, -510, 131,
    -118, -1019, -1807, -1214, 1371, -362, 107, 421,
    -171, -1988, 1220, -25, 16, 207, -119, 361,
    -328, 542, 770, -1498, 620, -360, 1017, -1162,
    -554, -252, -682, -808, -506, -99, -617, -628,
    893, -198, 291, -394, 214, -84, -1273, -2591,
    -117, -939, -1020, -287, 81, 1263, 303, -429,
    1274, -1504, 1218, 451, 2228, 589, 899, 328,
    510, 424, -1251, 62, 710, 282, -709, 207,
    1180, -492, 385, -764, -1337, -657, -213, 94,
    -1055, 63, -527, 460, 951, -1562, 1188, -389,
    1543, -1037, -316, -79, 1909, 765, -13, -394,
  },
  {
    -547, -268, 725, 1241, 698, -682, -159, -162,
    255, 577, 375, 465, -1170, 264, -553, 914,
    -96, 223, -110, 728, -840, -275, -2073, -212,
    528, 225, 547, 771, -734, -258, 859, 345,
    1686, 800, -319, 1010, 343, 923, -180, -86,
    425, -159, 242, 989, 1451, 229, -127, 888,
    -645, -720, 823, 402, 144, -212, 350, -139,
    -1722, 543, -775, 1421, 754, -2151, 630, 425,
    -243, 1733, 246, 278, 2241, -401, -267, -348,
    741, 622, 288, -374, 328, -1223, 433, -256,
    498, 239, 19, -1124, 446, 73, 421, -711,
    -520, -544, 533, 1283, -981, -708, 1765, 241,
    936, -98, -247, -1458, 799, 515, -1356, 640,
    -573, 390, -583, -872, 791, -785, -1009, -175,
    -800, -1161, -764, -1673, -869, 574, 930, 22,
    14, 982, 1132, 1061, 2380, 239, 133, -148,
    827, -848, -189, 215, -600, -348, 431, -425,
    47, 369, -93, 404, 254, -354, -171, 911,
    -531, -1000, -825, -20, -120, 499, -848, -1257,
    -1082, -1433, 624, 94, 328, -570, -674, -620,
    1102, -29, -707, -551, 1592, -1394, -355, -490,
    794, -251, -567, 74, 252, -410, -599, -287,
    -1239, -1082, -621, -812, 85, 168, -444, -567,
    -152, -732, 433, -228, -660, 485, 875, -488,
    -163, -823, -824, 86, 1111, -1755, -1447, 326,
    555, 223, -100, -56, -1498, 774, -906, -1003,
    -180, 1343, -136, -1092, 685, -1026, -233, -1227,
    -1034, -920, -517, -715, -642, -690, 1220, -802,
    961, -127, -722, 68, 467, -718, -621, -94,
    353, 79, -194, -181, 191, -210, 193, -434,
    106, 759, -877, -618, 117, -662, 646, 1049,
    201, -495, -482, 317, -64, -1263, 970, -253,
    -381, 888, -3, 155, 415, 138, 364, -24,
    160, 589, 98, -280, 107, 649, -1294, -67,
    188, -523, -54, -662, -282, -503, 1209, 1489,
    603, -475, 1459, 747, -301, 1118, -1097, 218,
    -470, 206, -587, 678, -615, 652, 44, 743,
    198, 97, 1479, -475, -842, 19, -470, -981,
    174, -706, -527, 78, -308, -390, -544, 112,
    615, -1298, -439, 552, -56, 116, 1550, 1743,
    -401, 419, 626, -144, 315, 1761, 301, -216,
    -453, -816, 827, -1520, -368, -1279, 718, 1387,
    -166, -1036, 219, 1809, -448, -166, 436, -841,
    544, 17, 8, -335, -583, 214, 72, 795,
    910, 92, -38, 604, -735, -380, -43, 162,
    -225, 458, 341, -21, 841, 1233, -607, 1052,
    -2648, 167, 1069, 908, 23, 211, -601, -751,
    -364, 1652, 1262, -949, -1538, -123, -266, 54,
  },
  {
    -1195, -1454, 183, -1110, -939, -778, -365, -110,
    199, -272, -906, -741, 187, 97, -995, -422,
    632, 1448, -476, -1490, -549, -10, -1583, 50,
    -349, -107, -1038, -1404, 738, -269, 112, -391,
    519, -355, -11, -494, -1137, 117, 123, -1800,
    -630, 700, 253, -944, 823, 320, 756, -1128,
    -367, -529, -1066, -1169, -849, 576, -737, 285,
    1097, 56, -1676, -1358, -264, 544, 358, 509,
    -893, -89, 250, -141, -379, -2012, -906, 81,
    521, -1769, 498, -2, 134, 711, 144, 553,
    488, -290, 517, 252, -1421, 399, 1229, -553,
    -171, -84, 510, -641, 256, 120, -510, -878,
    -170, -93, -653, -329, 159, -1389, 7, -776,
    -1848, 868, -550, 263, -920, 357, 825, -52,
    779, 203, 1523, 756, -466, 408, -445, 806,
    -81, 94, -1018, 427, -1061, 973, -548, 165,
    -400, -333, -433, -98, -794, -64, 201, -35,
    -914, -333, -801, 572, 1047, 169, -93, 1452,
    -529, 503, 1860, 325, 577, 590, 278, 261,
    -345, 889, 470, -850, -410, 7, 411, -131,
    -1363, -456, 183, -1068, 256, -660, 408, -17,
    -112, 855, -688, 481, 700, -1312, 615, -1507,
    897, 752, -219, 134, 1056, 662, 1137, 1712,
    -197, -670, 1279, 782, -23, -401, -211, -571,
    -555, -68, 474, -778, 1201, 1042, 615, 676,
    1421, -72, 473, 243, -615, 439, -996, 568,
    1110, -641, 308, 248, -145, -43, 1306, -123,
    -707, -701, 215, 401, 1486, -556, -1072, 1628,
    678, -35, 1222, 35, -77, 726, -880, -96,
    -48, -153, -888, 81, -870, 1300, 268, 248,
    471, -644, 944, 577, -5, 1226, 146, 546,
    625, -83, 433, -215, 782, 1008, -372, 318,
    249, -227, -547, -355, -131, 317, 766, 255,
    316, 452, -1491, -212, -350, -502, 743, -790,
    528, 179, 1087, -12, 362, -813, 897, 121,
    -1254, 23, 325, -299, 412, -671, 622, 282,
    474, 948, 773, 923, -559, 248, -543, 1226,
    -3, -556, -1563, 866, 1401, -146, -685, -161,
    -535, 974, 243, 185, -61, -626, 325, -224,
    -289, -710, -650, -643, 190, 584, -531, 41,
    -948, 288, -193, 597, -606, -1137, -71, -421,
    -253, 1492, -1821, 1169, 152, -285, 406, -123,
    -251, -684, 323, -787, 896, -735, -160, -550,
    -748, 183, -39, -564, 1112, 43, 357, -1677,
    -453, 53, -718, -247, 199, 525, 520, -877,
    -1417, -639, -689, -344, 540, 1176, 711, 724,
    1261, 790, -365, -340, 480, 92, 338, 281,
    1354, -1042, 300, -92, -487, -370, -603, 149,
  },
  {
    1564, -1558, 3011, 1113, -1755, -1563, -283, 2496,
    3398, 2459, 2257, 1416, -433, 680, -833, 65,
    -1665, -211, -152, -635, 1991, 1297, -321, 1195,
    -1412, -1659, -783, -2776, 552, 1671, -799, 277,
    -253, 979, 189, 1489, 1078, 417, 1139, -295,
    48, -756, 338, -159, 20, 214, -795, -679,
    1234, -804, 479, 479, 1308, -1641, 1422, 633,
    -1348, -581, 198, 88, -366, -2016, 712, 1411,
    -499, -696, 1212, 5, -754, 684, 701, -203,
    -597, 573, -1319, -1552, -649, 492, 644, 871,
    315, -190, -2157, 952, -1680, 234, -2300, -2070,
    -342, 2414, -832, -2039, 2156, -1007, 318, -977,
    -1683, 24, -135, 2069, -1112, 2494, 437, 2139,
    -195, -269, 1324, -768, 620, -1434, 1310, -261,
    87, -834, 310, 1638, -187, -1109, 335, 443,
    -22, -806, 614, -1740, -834, -406, -165, -1531,
    401, 1406, 963, 293, -761, 728, 474, 953,
    2082, 374, 11, -741, -727, 34, 493, -262,
    604, 594, 1359, -2121, -15, -948, 785, 1189,
    -434, -1004, 709, -193, 1164, 69, 697, 321,
    -1109, 1078, 792, -175, 568, 148, 959, 545,
    41, -1987, 1086, 267, -1767, 176, 463, 82,
    -302, 1548, -2135, 977, 781, 1667, 1036, 2407,
    29, -672, 1807, 1892, 1368, 727, -398, -626,
    697, 802, 1944, 1285, -852, -248, -580, 161,
    221, -454, -708, 589, -227, 1382, 2191, -770,
    181, 733, -16, -243, -846, 62, 2402, 240,
    -470, -714, 1312, -89, 482, 228, 652, 1310,
    689, 443, 424, 880, 1407, -476, 332, -1108,
    -656, 1644, 69, 337, 639, 645, 508, -770,
    486, -157, 803, 361, -948, -1002, 557, 954,
    860, 975, -235, -809, -83, 290, 207, -837,
    -20, 778, -1293, 328, 0, -1261, -1244, -42,
    -887, 680, 399, 259, 1200, 1731, 634, -1209,
    1062, -441, -850, 394, -638, 708, 1729, -395,
    364, -1308, -332, -178, 1065, 382, 299, 32,
    -400, -77, 122, 1218, 48, 187, 1652, -508,
    -1240, -49, 1740, -155, -441, 1620, -120, 1127,
    708, -657, -1126, 498, -1011, 737, 1244, 439,
    440, -2478, -1251, 8, 515, 318, 803, -133,
    1491, -2016, 910, -45, -599, -827, -987, -156,
    777, 743, -849, -1893, 581, -753, -576, -85,
    -776, -50, 239, -184, 702, -436, -369, 2221,
    324, 776, -492, 7, 188, -105, -1093, -66,
    56, -145, 25, 565, 337, -1915, -244, 1040,
    -551, -898, -1146, 998, -587, -1123, -86, 1045,
    426, 1233, 412, -728, -1828, 256, 873, -547,
    527, 881, 373, 1269, 1009, -478, 572, 412,
  },
  {
    -485, -1329, -61, 479, -1111, 354, 356, 2264,
    285, 490, -806, -96, 688, -64, 666, 1934,
    1915, -154, -219, -675, -117, -1365, -2050, -822,
    -270, -1829, -1519, 765, -299, 298, 1154, -710,
    999, 660, -513, 226, 491, 802, -95, -965,
    858, 304, -300, 235, -1305, -297, -806, -597,
    -1577, -367, 614, 1704, 650, 166, 1292, 326,
    348, 1647, -237, 520, -1462, -107, -828, -99,
    546, -209, -1302, 2089, 1436, 556, -1585, -35,
    172, 1014, 627, -1202, 115, 62, 782, -1187,
    -1078, -1334, 1904, -374, 1675, 954, -348, -47,
    -1007, 804, 551, -726, -924, -269, 431, 1025,
    -813, -560, 549, 387, 1592, -1414, 899, -3439,
    64, -1251, -2050, 1094, 48, 1871, -1194, -377,
    -2172, 592, -1228, -19, -115, 335, -1076, 2789,
    605, 75, -1577, 720, 1732, 1003, 124, 1121,
    -625, 512, -432, 1284, -32, -1064, 381, -33,
    -415, -565, 732, -120, -893, -388, 1857, -96,
    153, -1154, 399, -87, 111, -297, -1026, 88,
    -1125, -453, -50, -420, -895, -128, 289, -1583,
    407, -927, -731, 529, -1008, -670, -12, 1090,
    -1124, 2375, -5, 954, 656, -743, -331, 1368,
    -218, 1037, -91, 209, 241, 1224, -206, -290,
    -52, -364, -52, -518, 1243, 1332, -470, -28,
    -804, -54, 2027, 506, 24, -705, -610, -393,
    436, -1193, 1536, -510, 812, -616, 516, 240,
    566, 934, -1372, 414, -784, 1491, 446, -509,
    1157, 1177, -1185, -128, 103, -426, 358, 306,
    277, 1134, 872, -575, -862, 1194, -707, -709,
    127, 909, 319, -1575, 618, 685, -845, 552,
    -117, -835, -604, -936, -1888, 2068, 964, 1438,
    481, 390, 87, -1167, -239, -1581, -1564, 254,
    149, 684, 324, -1637, 271, -606, -61, -376,
    1708, -595, -1184, 828, -686, 361, -1439, -26,
    -1295, 333, -346, -787, 573, -656, -262, -514,
    482, -530, -392, 329, 1225, 690, -768, -811,
    1175, 218, -938, -374, 775, 931, -413, -1043,
    1952, 148, -998, 1277, -358, 455, 162, 765,
    -569, -620, 1559, -356, -1082, 1155, 370, 524,
    -163, 537, 2345, 320, 175, -227, 363, -35,
    -23, -1023, 617, 368, 68, -591, 353, -471,
    176, 436, -219, -123, -701, 260, 1078, 575,
    1154, -21, -18, 142, -887, -45, 416, -596,
    282, -456, 1101, 418, -1754, -98, -713, 1008,
    -5, 1218, 1365, 1113, -816, 516, 172, -493,
    -36, 842, -137, -1212, -613, -47, -37, 89,
    -676, 1665, 826, 363, -519, 1173, -1259, -158,
    740, -324, 316, -226, 426, 148, 503, -493,
  },
  {
    1192, 1395, -503, 199, -32, 459, -1001, -1420,
    1633, 108, -1636, -220, 2038, 2467, 1010, 1335,
    3336, 350, 1563, 1616, -77, -895, -550, -826,
    1563, 433, 505, 457, -166, 204, 389, -1300,
    -1803, 526, 7, -504, -587, 173, -593, -685,
    -867, 1553, -2760, -407, -83, -400, 1509, 1657,
    -380, 491, -623, 263, -69, 1002, 1925, 2248,
    1229, -468, 530, 1728, 82, -1392, -256, -308,
    -300, -445, -92, 1597, 874, 121, 28, 723,
    642, 1604, 1083, -87, 2424, -259, 1297, 208,
    -268, -85, 727, -671, 467, 737, 2295, 4748,
    135, 392, 1722, 934, 292, -778, -1757, 1443,
    537, -837, -420, -413, 2354, -475, 485, -810,
    80, -448, 553, 2555, 919, 1878, -1751, 1326,
    -1101, -657, 165, -1844, 224, -1457, -1209, 935,
    -361, 402, 4, 521, 1576, 1492, 391, 2572,
    651, -1296, -122, -210, 871, -252, 1543, -882,
    -186, -147, 314, -19, -137, 319, -430, -157,
    -50, 369, -1846, 1055, -35, 322, 407, 369,
    569, 1327, 10, 20, -1428, -510, -1279, -971,
    1562, -138, -889, 417, 1395, -1716, 82, 902,
    23, -1129, -396, 828, -810, 1447, -2158, -548,
    -48, 1200, 1158, -1459, 438, -2313, 1207, -611,
    702, -510, 128, -113, 147, 64, 1239, 499,
    1007, 197, -183, -356, -1509, -39, -1803, 101,
    446, 628, 575, 480, 654, 404, -1708, -471,
    -309, 150, -1512, 1527, -1747, -824, 115, 124,
    1748, 1383, 698, 509, -387, 662, 818, 357,
    -866, -569, 56, 558, -1107, -562, 154, 817,
    1346, -102, 738, 247, -140, -823, 382, 1300,
    1016, 391, -746, 345, -492, -1874, -1176, -198,
    -1282, 80, 539, 934, 263, 29, -825, 1119,
    -297, -236, 2399, 683, -1444, 944, 1018, 389,
    336, 255, -397, -1051, 573, -1111, -1168, 193,
    -1137, 95, -453, 94, 1028, -551, 355, 106,
    896, 1120, 451, 1688, -1152, -998, -80, -851,
    905, -993, -524, -1085, -279, -35, -1341, -2332,
    478, 816, -1705, 488, -1297, 355, 114, 396,
    -54, -449, 565, -262, 927, 1788, -19, -356,
    7, 1003, 1075, 869, 99, -409, -282, -664,
    -2011, 480, -717, -129, 187, -199, -884, 572,
    -118, -1570, 1593, 779, -673, -1198, 1616, -145,
    -57, 1447, -1706, -488, -816, 1571, 990, -947,
    614, -998, -923, 373, -536, -1508, -382, 3472,
    268, -244, 832, 647, -1086, 1202, 342, -328,
    404, 306, 1462, -810, -651, 257, -1065, -594,
    -691, -55, 1013, -535, -1529, -2112, -1323, -397,
    492, -739, 947, -171, 2614, -514, 272, -561,
  },
  {
    710, -228, -1852, -429, -376, 1601, -422, -2349,
    -880, 539, 956, -387, 707, -3786, 289, 530,
    36, -2818, 1121, -1186, -62, -1453, -572, 70,
    125, 506, -477, 2004, -1647, -3060, -615, -669,
    -304, -346, -1720, 459, 595, -275, 130, -182,
    1484, 125, 257, -1743, -662, -1127, 87, 433,
    -68, 1070, 14, 528, -413, 1689, 817, 569,
    -434, 267, -636, -1393, 405, -1083, -334, -401,
    675, 1034, 7, -1019, 672, -208, 322, 644,
    -870, 2123, 746, 637, -27, 1188, 437, -1166,
    -1446, 228, 1396, -1135, 244, -408, -988, 242,
    1565, -257, 177, 114, -74, 1606, -902, -883,
    630, -1600, -273, 245, -955, -77, -2679, -254,
    1524, -728, -887, 1955, 811, 471, -736, -980,
    -316, 1609, -239, 810, -573, 785, -385, 249,
    1533, -429, -401, 1142, 1199, 119, -234, 838,
    -832, 978, 637, 967, 330, -1002, -1012, 112,
    -578, 293, 1037, -698, -42, 303, 1017, -1150,
    2164, -1741, -214, -164, 103, 733, -327, 135,
    1324, 404, -1321, 136, -135, 1046, 88, -768,
    609, -1673, 654, 976, 162, -46, -59, -1512,
    -721, -544, 214, 488, -77, 27, 318, 2158,
    1352, 486, -779, 214, -50, -701, 1566, -1217,
    -1148, 94, -595, 531, 1891, 1781, 310, -96,
    124, -113, -611, 415, 182, -51, 354, -470,
    182, 1760, 585, 1687, 1839, 462, 560, 535,
    -1159, 504, 2438, 108, 681, 141, -390, 1150,
    -462, -200, 1628, 966, 97, -224, -448, 672,
    1381, 226, -629, -1031, 483, -403, 180, -1477,
    680, -2842, 332, -142, -138, 584, 411, 1039,
    -1789, 1529, 7, 492, -1437, 663, 426, 420,
    -134, 200, 322, 259, -181, 539, 348, 397,
    190, 71, -307, -439, 1169, -1399, 35, 160,
    968, 129, 69, -258, 940, 290, 377, 748,
    314, -835, -208, -444, 490, 813, -3, -958,
    -356, 2, 22, 217, 1355, 278, -219, -33,
    -600, 177, -231, 770, 837, 156, -81, -107,
    -213, 30, 111, -616, 174, -263, 453, 461,
    473, -58, 883, 200, -453, -219, 932, 146,
    -733, 441, 1176, -528, -726, 1542, 1964, -153,
    301, -144, -738, 243, -59, -23, 646, 1680,
    -190, -131, 571, -322, 185, 929, -368, 7,
    98, -874, 915, 1616, -988, -296, 1099, 1140,
    2017, -545, 387, -947, -173, 664, 336, 686,
    153, 825, 825, 389, 474, -1544, -920, -1012,
    700, 111, -585, -209, 600, -813, -267, -868,
    -188, 79, 1438, 32, -1282, -736, -177, -783,
    -288, 1070, -923, -1329, -249, -648, 589, -807,
  },
  {
    118, 2004, 866, -1507, 1301, 1413, 983, 557,
    393, -224, -1440, -70, 983, 1699, 1005, -383,
    2314, 926, -1072, 706, 1632, -1010, 197, -2294,
    -868, 80, -1200, 1550, 1709, -500, 945, 911,
    -1361, 322, -391, -1572, 236, -252, -465, 2191,
    -404, -582, 102, 1246, 1401, -3176, 450, 1350,
    -1293, -66, 372, -1236, -2220, 915, -832, -2176,
    -798, 366, 1484, 1031, 562, 834, -6, 1686,
    1445, -439, -1940, 1442, 920, 319, 214, -354,
    -493, -643, -1689, 808, 419, -1988, -918, 1990,
    -328, -9, -281, 2023, 319, 1986, -180, 391,
    -326, 68, 572, 231, 2316, -402, -381, 1367,
    58, -68, 1526, 708, 1140, -620, 1856, 1088,
    -429, 308, -178, 653, 1149, 2016, 1387, 1652,
    -1381, -224, 504, -607, -1285, -513, -1984, -561,
    -60, 889, 144, -152, 358, 663, 83, -861,
    -357, -637, 868, -1135, -368, 876, 291, -1463,
    752, 356, -904, -184, 1024, 24, -1442, -442,
    675, 43, -506, 1092, -661, -77, -68, -619,
    503, -305, -890, -1308, 1887, -786, -811, 961,
    814, 45, 95, -651, 296, -544, 459, 1453,
    1065, -783, 1510, 383, -1897, -220, -1458, -1582,
    -432, -1228, 650, -419, 866, -2859, 594, -2475,
    983, 1556, 93, 1400, -1087, -956, 609, 801,
    400, -573, 423, -274, -420, 712, -611, 699,
    1129, -1109, -514, 1588, -800, -242, -3986, -933,
    61, -212, -176, 1316, -538, 897, 99, 768,
    -506, 723, -409, -1565, -167, 2131, 207, -754,
    -931, -315, 783, 141, -527, -120, -153, -1411,
    -1695, 1808, -1498, -971, -156, -822, 227, 485,
    134, 546, -157, 1118, 1602, -512, 94, 336,
    -87, -351, 132, 405, -663, 643, 1096, -212,
    -102, -546, -636, 635, -1802, 594, -1233, -436,
    -23, -469, -144, -1094, -1297, -89, -1376, 168,
    -845, 308, -687, -84, 695, -1127, 669, 576,
    -183, 690, 513, 644, 216, 4, -1177, 1143,
    814, -332, 29, 265, 469, -1001, 491, 660,
    -408, 744, -1164, -755, 748, -902, 264, -453,
    931, 694, 797, 361, 704, 232, -1292, -1036,
    449, 20, -1172, -862, -728, -773, -1492, -996,
    97, 892, 167, -1051, 911, -229, -353, 405,
    -683, 1154, 722, -891, -185, -843, -466, -1226,
    159, 662, -460, -652, -356, 612, -57, -690,
    130, 34, -37, 352, -1179, -2455, -451, -1052,
    -965, -1384, -96, -350, -52, 444, 1304, 522,
    -565, -703, 313, -1566, -1734, 843, 1465, 1106,
    263, -1665, -1353, -355, -1296, -155, -120, -929,
    1206, -2001, -1279, -780, -972, 1123, -338, -2075,
  },
  {
    -924, 309, 342, 34, 786, 538, 263, 632,
    -511, 1180, -841, 1967, 994, -59, 948, 1474,
    412, 1868, -1299, -1147, 147, -945, 40, 575,
    -1161, 133, -2011, -45, 635, 1673, 931, -1804,
    -40, 206, -151, -534, 920, 1771, 991, 1182,
    -1325, -274, 871, 341, 895, -1648, -50, 343,
    -1420, -291, 769, 429, 149, -239, 1449, -2602,
    -1614, 1948, 446, 850, 1164, 1462, 1936, 1177,
    769, 897, 812, -1167, 828, -798, -46, 2095,
    3096, 16, -1302, -670, 581, -264, -1300, 470,
    -422, 1475, -379, 282, -632, 1056, -1206, -781,
    -939, 1105, 1056, -360, 286, 1477, 599, 177,
    1136, 406, 1208, 937, -73, 1423, -118, 739,
    520, -818, 1839, 889, 1505, 1077, -794, 3623,
    1949, 1547, 359, -774, -2035, 1144, -103, 3088,
    -1266, 2215, -1191, 264, -314, 1590, -315, -409,
    -712, -184, -913, -1449, -176, 584, 460, -1439,
    -1988, 318, -432, 913, -390, 75, 1920, -406,
    1195, -838, 708, 334, 1809, 540, -772, -234,
    -519, -151, 481, -336, -736, 93, -1252, 495,
    -487, -114, -190, 846, -97, 763, 335, 2112,
    213, 809, 309, 80, -381, 104, 369, 902,
    -1769, -449, 632, 174, -180, -132, 742, -937,
    3087, 273, 230, -1109, -466, 1222, 94, -790,
    -647, -586, 1128, 94, -779, -189, -2001, 387,
    -741, -1545, -742, -343, -785, -930, -1162, 224,
    1801, 649, 461, 91, 1493, 1461, 685, 366,
    835, -642, -276, -733, -169, 141, 833, -369,
    947, 1253, 296, 633, -1581, 580, -1291, 671,
    99, -525, -363, 683, 229, 607, 205, -1752,
    1380, 224, 777, 764, 690, 2211, -998, 2103,
    559, 542, -1684, -394, 1275, -789, -179, 337,
    -588, -121, 971, 10, -2280, 652, -1128, 525,
    328, 773, -2194, -726, -406, 310, -607, -761,
    -328, -1695, -773, -195, 1085, 1484, 522, -515,
    -363, -263, 411, -683, 370, 918, 1948, 1689,
    1042, 68, 1350, 388, 557, 834, 547, -44,
    1388, 122, -700, -104, 1934, 369, 375, 557,
    762, -1132, 556, -445, -1728, 33, -394, -191,
    -420, -1449, -1418, -333, 1397, 38, -470, 90,
    1180, -465, 558, 745, 280, 1349, -705, 180,
    -501, 751, -412, -911, -948, -534, -284, 1515,
    -1416, -818, -13, 236, -149, 830, -620, -1320,
    692, 3, -418, 779, 901, 49, -823, -929,
    581, -187, -1074, -687, 1211, 154, -277, -265,
    341, -1157, -46, -1325, -986, -255, -544, 723,
    -363, -865, -2336, 110, 515, 854, 342, -702,
    626, 911, 102, 2577, -494, -74, -56, 1993,
  },
  {
    -1133, -142, -358, 1053, -1435, -476, -375, -657,
    795, -413, 3241, 459, -698, -990, 405, 1360,
    -1421, 537, -113, -2057, -242, -541, 3175, -490,
    54, -187, -178, -320, 1040, 733, 816, -1429,
    888, 1235, 13, 813, -294, -811, 474, 1040,
    -675, -1978, 1056, -624, -1142, 1173, 716, -147,
    2041, -90, -655, -1246, -1930, -572, -663, 896,
    -103, -1002, 539, -2138, -301, -1699, -570, 1476,
    -1102, -348, -1057, -1648, -192, -320, 102, 424,
    -2133, 772, 24, -371, -2078, 114, 1528, 341,
    1118, -1774, -768, -72, 1624, -1443, -642, -1244,
    1708, -1647, -1242, -1216, -910, -961, -936, 657,
    -1602, -619, -1383, 348, -1148, -1409, -1101, -1765,
    -136, -370, -1605, -685, 542, -719, 54, -2394,
    783, -17, 1424, -711, 802, -2185, -1159, -749,
    -315, -1931, 76, -2615, -1480, 394, -194, -604,
    1379, 1516, 686, 10, 116, 198, 59, 1714,
    -15, 1702, 195, 435, 376, -722, -261, 1095,
    1061, 1191, -680, -1115, -232, -256, 1708, 174,
    -859, -70, 414, -18, 723, 30, -117, -1470,
    231, 1045, -4, -386, 344, 1148, 1818, -1005,
    -1020, -1629, 470, -677, -798, -486, -171, 902,
    -745, 1106, -971, 868, 538, 2453, -581, 825,
    336, -604, -192, 181, 376, 776, 452, -117,
    1239, 742, 244, 130, 56, 552, 308, 524,
    379, 1355, 929, -736, 577, 493, 1897, 238,
    17, 695, -1895, -373, 438, -372, -355, -502,
    187, -61, 397, -511, 121, -438, 565, 609,
    122, 602, -698, -442, 491, -457, 721, -813,
    -1258, 624, -399, 286, -178, 20, -473, -594,
    -1400, -673, 1519, 535, 1048, 416, 1764, -647,
    1225, -689, -663, -984, 122, -279, -963, 2,
    325, -489, -1909, -1165, 1113, 352, -388, 880,
    -564, 461, 1069, 1166, -646, -515, -287, -195,
    -172, -1998, 806, 1061, -831, -409, 72, 203,
    826, -458, 432, -188, -560, -1569, 53, 1126,
    -670, 154, -642, 332, 62, 62, -314, -520,
    -700, 197, 1064, -202, -144, -35, 707, 153,
    87, -340, -1105, 1151, 124, -47, 343, 374,
    -799, 400, 2035, 1051, -388, -398, -505, -485,
    -1236, 622, 743, 23, 1597, 921, -141, 220,
    502, 111, 15, -626, -216, 38, 304, 737,
    -483, -1672, 60, -1116, 668, -126, 374, -632,
    130, 611, -845, 58, 386, -112, -372, -376,
    -1363, -347, -92, 384, -20, 959, -1016, 225,
    -566, -1235, 247, 1745, 988, -312, 2133, -218,
    825, 855, -133, -1399, 117, 1764, 787, 1160,
    -47, 628, 636, -682, -915, 393, -353, -1012,
  },
  {
    -868, 2033, -1771, 716, -2026, -745, -993, -2005,
    -970, -250, 780, -65, 1990, -357, -107, 877,
    1272, -28, 1235, 1734, -1115, -79, -426, 790,
    1289, 1643, 390, 904, -2267, -2892, 1390, -2155,
    97, 550, 583, -43, 286, -115, 721, 225,
    1137, -622, -51, -2604, -1474, 514, 837, -223,
    -357, 1002, -1162, -416, -1125, 972, -635, -15,
    1179, -831, -878, 374, 1758, 931, 426, 736,
    470, 590, 1160, -2218, -482, 566, -669, 998,
    684, 1937, 2216, 594, 22, 1671, 1571, -200,
    -1731, -1118, 1828, -1828, 2299, -87, 1085, 418,
    1022, -2049, -2052, -36, -2798, 1231, -224, 608,
    -378, -201, -400, 128, 819, -1114, -1838, -930,
    336, 294, 681, 1094, -2011, 1422, -846, -1188,
    -249, 544, -1011, 46, 227, 119, -346, 740,
    687, 576, 107, -202, -40, 2164, -19, 366,
    -66, 902, 500, 315, 444, 171, 195, 1067,
    -1449, 225, 1478, -182, -184, 589, 321, -695,
    487, -338, -244, 899, -171, 797, -834, -671,
    306, 1702, -221, -174, -390, -36, -687, -1581,
    641, -1171, -226, 414, -1359, 61, 837, -435,
    -384, 554, -503, -109, 308, 495, 1051, 1119,
    159, 460, 31, -830, 752, 2087, -1359, 314,
    1065, 374, -597, -529, 1665, 1456, -573, 702,
    402, 300, -406, -1456, -615, -58, -479, 390,
    -70, 1823, 1224, -127, 703, -600, -501, -511,
    -2081, 1043, 540, -293, -394, 639, 307, -282,
    1504, 168, 235, 837, -150, -8, -277, -318,
    334, 2388, -203, 861, 165, 1862, 570, 82,
    361, -2870, 1678, -116, -982, 980, 404, -65,
    -221, 324, -1029, -552, -72, 534, 559, -332,
    898, -967, -1111, -374, -191, 169, -1124, -64,
    -184, 657, 586, -287, 1044, -496, -314, 626,
    -683, -408, 132, 976, 662, -116, -688, 945,
    1204, -157, 1706, -475, -404, 98, -521, 740,
    557, 133, -923, -121, 500, -84, 89, -1128,
    314, 437, -1164, 922, 1197, 886, -1075, 247,
    1640, -374, -1199, 277, 49, -365, -86, -574,
    -581, -370, 1207, 585, -712, -183, -463, -437,
    352, 1324, 2112, 178, 199, -623, 815, -791,
    -1766, 1126, 1313, 398, -342, 94, 401, 473,
    119, -623, -460, -333, 214, -184, -377, 481,
    781, -2124, 864, 18, 348, 327, 715, -704,
    609, -396, 575, -556, -139, 896, 925, 407,
    -458, 164, -350, 551, -155, -680, 55, -1815,
    -506, 720, -1812, -732, 515, -81, 180, -766,
    103, 823, 636, 546, -791, -1572, 345, 233,
    -751, 1334, 1554, -1170, 213, -700, -410, 84,
  },
  {
    2074, 345, 426, 162, 749, -91, 2864, -955,
    -277, 1028, 987, -164, 213, 532, -646, 231,
    2314, 1285, -176, 2886, -1421, 472, 213, 1403,
    1163, 1174, 1310, -1803, 64, -110, 362, 548,
    1167, 591, -816, -645, 475, -1648, 512, 865,
    69, 449, 223, 721, 718, 627, -552, 1505,
    -383, 1089, 662, 525, 1358, 1204, -149, 1158,
    794, 2617, 1447, 892, 396, -298, 834, -1324,
    -88, -1951, 1962, 887, 161, 1015, -1822, 245,
    -727, -506, -764, -374, 586, 81, 1366, -177,
    2552, 406, -700, -1119, -342, 228, 1512, 1044,
    -627, 3607, 902, 2239, -1014, 1301, -581, 497,
    824, -28, 1002, -1574, 615, -34, -325, 2026,
    -470, 1305, -160, 1304, 1313, 2233, -402, 240,
    -341, 456, -226, -638, 829, 2597, 101, 849,
    -1091, -61, 1835, 772, 2393, 1416, 1622, -301,
    220, -1037, -283, -1400, 857, -1221, 1666, -66,
    197, -882, 124, -1989, -346, -691, -2981, -1806,
    -107, 151, -642, 1190, -1280, 714, 884, 356,
    80, -1169, -1762, 959, -2176, 486, -153, -849,
    -674, 1779, -1271, -429, 2299, -449, -2031, -978,
    -2100, -1146, 119, -1614, -2382, 182, 579, -851,
    -913, -678, -1824, -619, -1295, -238, -710, -396,
    94, -218, 1051, 1170, -636, -489, -487, -703,
    697, 625, -111, -678, -172, -741, -928, -500,
    -538, 388, 1388, -547, 534, -1085, -873, -1249,
    231, 712, -550, -1828, -579, 500, -285, 208,
    1587, 996, 647, -187, -1813, 455, -101, -171,
    755, -779, -123, 1523, 1013, 231, -42, -1221,
    -1269, -755, -772, 791, -14, -2021, 355, -107,
    1202, -7, 664, -1017, -1468, -439, -1283, -68,
    -1305, -1568, -632, 36, 1219, -1656, -660, 316,
    1226, 291, 1504, 1486, -1148, 521, 756, -197,
    -828, -642, 1384, 293, -653, -1345, -1415, 946,
    -2261, -1574, -407, 20, -305, -546, 260, -226,
    859, 696, 584, 1103, -390, 2408, -3156, 1109,
    -773, 60, -1629, -893, -189, 162, -426, 919,
    1066, 360, 1026, -1293, 148, 827, 259, -1718,
    -746, -1268, -1168, 1051, -488, 392, 26, 31,
    168, -337, -315, 1555, -18, 1264, -216, 975,
    18, 88, 659, -1239, -251, 477, -531, 410,
    -1114, -360, -871, 643, -105, 954, -220, 1018,
    -667, 640, -1092, 206, -2772, 493, -135, 267,
    -90, 92, -2404, 636, -183, -539, -176, -389,
    721, 295, -885, 1300, -1334, 608, 573, -2036,
    2884, 2208, 656, -638, 11, -164, -1727, -2060,
    -2896, -647, 1443, 879, -174, 795, 592, -1845,
    91, -1310, 1089, -884, 1064, -1567, 761, -1461,
  },
  {
    -643, 1358, -1220, 418, 1136, 1632, 521, 107,
    -2598, 795, 903, 577, -52, 245, 824, 1286,
    -528, 1261, -130, 1017, -327, 531, 1823, -348,
    -390, 1286, 650, 1491, -620, -1014, 1627, 2041,
    1392, -614, -758, -345, 1695, -603, 177, 1974,
    1962, 552, 187, 1187, -417, 945, -702, 1773,
    -606, 2022, 1995, 1206, 14, 2350, -192, 495,
    -188, 866, -102, 106, 843, 819, 1017, -1985,
    717, -143, 929, -175, 872, 939, -2335, -167,
    -926, 1163, 451, 720, -327, -1311, 62, -555,
    10, 2012, 468, -420, 1462, -572, 547, 2908,
    1320, 222, 790, 2319, -640, -349, 343, 2501,
    -360, -455, 699, -1777, -196, -522, 1049, 185,
    1925, 200, -416, 125, -71, 672, -1283, 625,
    -1565, 287, -681, -1420, 284, 89, 108, 1510,
    -369, 1364, 1868, 1494, 490, -6, 1538, 105,
    8, -1070, 617, -104, -188, -329, 865, 161,
    -885, 306, 573, -649, -455, 1063, -164, -655,
    -168, 82, -2029, 346, -309, 775, 651, -464,
    483, -227, 730, -1389, 463, 63, -399, 122,
    1190, -443, -1103, -9, -202, -368, 767, -110,
    -12, -1010, 529, -832, 486, 386, -784, -469,
    -5, -1290, 102, -1384, 816, 407, -248, -1020,
    466, -431, 67, -1998, -699, -292, 1174, 86,
    161, -378, -650, 833, -985, -167, 223, 768,
    -441, 644, 18, -441, 62, 484, 1181, 840,
    -1378, 111, -991, 152, 336, 833, -1206, 314,
    1820, 897, 453, -1043, -48, 974, -605, -2311,
    849, 429, -1333, -317, -788, -105, -333, -733,
    -513, -439, -1181, -281, 188, -270, 791, -887,
    -1506, 1365, -718, 152, 1128, 82, 977, -464,
    -615, -424, 636, 96, -400, -962, 1314, 230,
    941, -139, 99, 309, 467, -145, 689, 601,
    -308, 345, 67, 1068, 260, 196, -834, -332,
    -651, -1996, 582, -620, 467, -47, -41, 307,
    1503, -152, 28, 119, -667, 982, -1583, -643,
    -1130, 242, 130, 1315, -496, 478, 164, -173,
    1242, 37, 529, -396, -824, 818, 1121, 973,
    766, -1448, 550, 920, 333, 387, 158, 289,
    -509, -10, 1154, 828, -436, 130, 454, 901,
    869, 1549, 690, 163, 310, 1926, 563, 1026,
    -85, -494, 307, -281, -1130, -483, -514, 1192,
    -337, -991, 56, -457, -247, -67, -44, 467,
    -194, -176, -435, 601, -1495, 951, -819, 128,
    -94, 379, 167, -1725, -400, 507, 66, 328,
    288, 165, 232, -514, 107, -1324, 55, -479,
    226, -435, 540, -279, -736, -1065, -245, 125,
    -343, 739, 1054, 50, -1065, -315, -51, 666,
  },
  {
    699, 1521, 249, 467, -1373, -874, -1468, 1949,
    787, -2120, 1502, 562, -972, -158, 301, -114,
    244, -434, 190, -963, 545, 1424, 589, -1576,
    -1023, -2010, 111, -340, 988, 259, 495, -92,
    -2261, 1181, 1063, 1050, 226, -193, -2007, 1225,
    -1665, -1585, 257, -573, -1092, -1253, 486, 937,
    377, 41, -822, -377, -1290, -1153, 311, -212,
    -636, -1856, -10, -1835, -470, -2083, 709, 1275,
    283, 94, -302, -5, -2183, -540, 1111, 524,
    -2615, -1589, -703, 241, -126, 696, 1321, 1069,
    76, -1229, -643, -513, 53, -283, -1400, -676,
    19, -1767, 509, -441, 217, -1821, -2002, -935,
    -849, -3757, 853, 2102, -557, -2000, -497, 48,
    -633, 572, -996, 1455, 1207, -1690, 608, -2162,
    1026, 440, 2131, -688, 519, -1625, -561, -1583,
    -305, -1369, -1660, -2688, -3170, -97, 1003, -600,
    1739, 1458, -371, -102, 1380, 920, -1186, -12,
    1313, 321, -193, -422, -555, -773, -1355, 928,
    1012, 1319, 2016, 1886, 233, -786, 811, -91,
    110, 207, 1769, -423, 768, -196, -1463, 361,
    -193, 629, 6, -1308, 216, 976, 566, -417,
    -185, 674, 1030, 199, -492, 707, 32, 450,
    -555, 1617, -572, -1410, 2039, 1582, 302, 1251,
    21, -99, -109, 1479, -68, 910, -936, 386,
    -518, -1661, -210, 946, -165, 997, -205, 382,
    1451, -429, -217, 333, 221, 1168, 1224, -1212,
    758, 85, -760, -375, -619, 267, 829, 217,
    -868, -1960, 454, -836, 425, 315, -934, -186,
    599, -1646, 82, 243, 2235, 346, 35, -1061,
    183, 270, 272, 966, -189, -80, 143, -727,
    -275, -828, 1443, 808, 744, 737, -226, -404,
    771, -1068, 647, -563, 1315, 1572, -442, 455,
    -177, -11, -1440, -1006, -466, -803, 1224, -1216,
    -31, 369, -1007, 338, 206, -544, -216, -584,
    -177, 568, 1672, 281, -477, 374, 608, 87,
    1582, -1757, 574, 314, -871, -448, 627, 1053,
    -1177, 112, 220, 897, 1063, 137, -617, 381,
    64, -76, -815, -108, -700, -445, -196, 826,
    490, -458, -699, 333, -1004, -444, 85, 853,
    769, -95, -812, -75, 38, -2, -552, -485,
    -979, 222, -888, 26, 849, 488, 453, 745,
    523, -734, -146, -842, 499, 228, 321, 443,
    -77, -402, 435, -1229, 527, -582, -270, -361,
    1264, 528, -63, 288, 356, 956, -392, -12,
    -1367, -1119, -67, -702, -233, -103, 111, 1731,
    -957, -539, 174, 58, -33, -1450, -177, -30,
    296, 289, -790, -1506, -134, 40, 743, -221,
    595, 427, -677, -32, -1213, -883, -818, -584,
  },
};

static const s32 gru_bias_q12[384] = {
    1048, -920, 291, -1203, -652, 74, 149, 267,
    -167, 471, 367, 89, 1074, -311, 424, -1010,
    819, 1250, 539, -117, 749, -131, -483, 379,
    -508, -386, 408, -870, 654, 775, -916, 312,
    1362, -2, 634, 1409, -779, -767, 258, -237,
    869, -217, 807, 606, 197, 183, 406, -1448,
    -113, -570, -576, 230, 428, 569, -1278, -1273,
    1645, 852, -238, 926, -2113, 649, -841, 1505,
    576, -1757, -358, 296, 69, 371, 211, 949,
    -1081, -666, 385, 294, -23, 121, -369, -535,
    781, 289, 1197, -565, -583, -632, -1566, -955,
    -180, 134, -1160, -1024, -538, 1954, -1790, -640,
    -809, 248, 262, -840, 386, -179, 354, -1003,
    -758, -617, -706, -459, -814, 374, 811, -2257,
    -404, 897, -865, 2058, 1016, -459, 244, -849,
    82, -1906, -815, -1304, 979, -1933, 188, 258,
    -693, 112, 658, 421, -290, -20, -322, -2,
    353, -7, 791, -78, -835, 667, 43, 248,
    -512, -443, 260, -22, 538, -514, 408, 1520,
    -111, 566, 118, -434, -1117, 416, 1556, -454,
    -296, -638, 660, 570, 307, 574, -583, 187,
    -489, 568, -541, 463, 304, -839, 655, 950,
    469, 196, 465, 346, -281, -166, 95, 471,
    -192, 706, -437, -242, 226, -383, 239, -182,
    -468, 987, -452, 677, 380, 623, 337, -57,
    62, -292, 501, -34, 271, -65, 325, -43,
    -327, -259, 50, -194, 566, 375, 606, 952,
    -526, 188, -281, 260, 635, -920, -212, -330,
    530, -196, -341, 996, -813, 404, -55, 158,
    1, 266, -268, 626, 584, -648, -443, 2039,
    292, 9, 208, 488, -505, -762, 616, 390,
    -626, 549, 338, 22, -384, 1469, 116, -289,
    445, -2478, 112, 851, 81, -366, 856, 285,
    -688, -684, -231, 141, -303, -1132, -301, -176,
    92, 86, 1130, 760, 546, 559, -360, -1,
    -689, -532, -929, -816, 208, 716, -394, -636,
    408, 858, -1020, 298, -274, 1144, 347, -180,
    -63, -612, -1057, 597, 35, -365, 25, 690,
    368, 783, -2215, -548, -83, 677, 525, 174,
    49, -871, -123, 34, 741, -241, -915, -1684,
    -1089, -539, -407, -784, 485, -758, -1517, -657,
    -542, -778, -205, -128, 572, 629, -568, -658,
    373, -32, -40, -1015, 825, 495, -256, 837,
    1169, -503, 257, 1331, 1367, -396, 507, 45,
    -116, -261, 262, -1319, 281, -820, 574, 581,
    -559, 559, 314, 298, -807, 321, 632, 97,
    1089, 1341, -963, -126, -116, -355, -225, -748,
    -393, -234, -308, 581, -68, 241, -131, 160,
};

static const s32 gru_dense_W_q12[128][5] = {
  {
    393, -315, 2238, 257, -2791,
  },
  {
    515, -1928, 340, -758, 1367,
  },
  {
    -218, -1182, -32, -936, 2046,
  },
  {
    571, -1115, 1510, -848, 453,
  },
  {
    1914, 1846, -425, -1288, -2662,
  },
  {
    -641, -788, 2072, -1249, 30,
  },
  {
    1667, 611, -3368, 583, -1064,
  },
  {
    -654, -1796, -426, 1482, 1364,
  },
  {
    19, -876, -1694, 814, -4201,
  },
  {
    124, 2119, -2932, 645, -1143,
  },
  {
    -421, 329, 459, -138, -1767,
  },
  {
    703, -37, 1756, -1573, 1898,
  },
  {
    -1569, -797, 1453, 1082, 1359,
  },
  {
    -1789, -781, 466, 884, 935,
  },
  {
    -2043, 2106, -946, 415, -905,
  },
  {
    2433, -418, -706, -2066, 243,
  },
  {
    211, -1297, 2028, -635, -794,
  },
  {
    1490, 1198, -2900, -25, -2253,
  },
  {
    7, 1219, 501, -1748, 934,
  },
  {
    -633, 1492, -2036, 1761, -3653,
  },
  {
    1726, -1571, 75, -266, -1517,
  },
  {
    -30, 1748, -62, -2066, -3896,
  },
  {
    1751, -3363, 2211, 42, -3355,
  },
  {
    2, 2241, -1480, -1382, -1056,
  },
  {
    1174, -696, 918, 37, -274,
  },
  {
    513, -1701, -512, 1106, 3046,
  },
  {
    846, -1053, -174, -34, 76,
  },
  {
    1407, 153, -2067, -167, -761,
  },
  {
    -450, -1122, 1320, 2835, -664,
  },
  {
    2253, -1428, -777, -594, 1170,
  },
  {
    -2431, 650, 2795, -502, 520,
  },
  {
    -860, 476, -877, 1119, -1441,
  },
  {
    2789, -2100, -1215, -721, 1304,
  },
  {
    1252, 277, 223, -2357, -410,
  },
  {
    477, -944, 256, 1603, 2698,
  },
  {
    -209, 379, -278, 1109, -601,
  },
  {
    -481, -2302, 2280, 3402, -1616,
  },
  {
    200, 88, 535, 350, 786,
  },
  {
    -1075, 1630, -837, 514, 662,
  },
  {
    -1213, 68, 3204, -1700, 1140,
  },
  {
    95, -764, -54, -1412, 1622,
  },
  {
    -339, 710, -1048, 4, -397,
  },
  {
    -3471, 3167, 2201, -707, 190,
  },
  {
    1142, -969, -1142, 3, -1183,
  },
  {
    -1708, 555, 2131, -362, -699,
  },
  {
    -1588, -905, 3439, -1685, 30,
  },
  {
    1740, -1857, 938, -1210, 772,
  },
  {
    -298, -206, 1600, 656, 2647,
  },
  {
    1721, -273, -996, 607, 679,
  },
  {
    -1163, 2305, -1440, -462, -2356,
  },
  {
    44, -962, 344, 683, 1471,
  },
  {
    -1405, 647, -1058, 670, 694,
  },
  {
    309, 1739, -645, 358, -143,
  },
  {
    1573, -2020, -823, 1376, 550,
  },
  {
    399, 1022, 1367, -1402, 474,
  },
  {
    2002, -1298, -39, -1608, 1022,
  },
  {
    -708, -145, 752, 1091, 2167,
  },
  {
    90, -1304, -1421, 3718, 916,
  },
  {
    2177, -3643, 2215, 924, 349,
  },
  {
    -533, 837, -1580, -586, 1414,
  },
  {
    175, 1112, 2063, -2379, -934,
  },
  {
    -1270, -1881, 2189, 1725, 93,
  },
  {
    -1752, 563, 882, 1502, 1150,
  },
  {
    1757, -1503, 550, 92, 1714,
  },
  {
    898, -1250, 990, -1308, 1824,
  },
  {
    1998, -2770, 143, 1118, -179,
  },
  {
    413, -2225, 3133, 1335, -1135,
  },
  {
    -1010, -1107, 2632, 1119, -2365,
  },
  {
    -385, 1856, -3575, -855, -207,
  },
  {
    485, -1340, 160, -586, 267,
  },
  {
    -1421, -989, 1038, 2045, -364,
  },
  {
    -913, -1164, 437, 1842, 2157,
  },
  {
    -1565, -439, 272, 1431, -15,
  },
  {
    -2376, 310, 659, 1978, 2318,
  },
  {
    929, -627, 388, -1706, -2879,
  },
  {
    -2198, 2320, -601, -1687, 118,
  },
  {
    800, 701, 73, -1192, -1639,
  },
  {
    -1400, 408, -996, 1275, -1050,
  },
  {
    -1740, 221, -1456, 593, 1507,
  },
  {
    721, -2310, 1164, -2093, 2833,
  },
  {
    1761, -1088, -2625, 777, -894,
  },
  {
    -1167, 1117, 575, -1017, -139,
  },
  {
    -849, -1145, 772, 2211, 2029,
  },
  {
    49, -1692, 882, -691, 1394,
  },
  {
    711, 251, 2397, -923, -56,
  },
  {
    2583, -1577, -312, -2206, 3268,
  },
  {
    -806, -185, -984, 2119, 395,
  },
  {
    -1543, -779, 2594, 2227, -2430,
  },
  {
    1903, -963, -2755, -1109, 500,
  },
  {
    -2009, 1953, 651, -433, -1888,
  },
  {
    2453, 363, -3170, -2360, -689,
  },
  {
    652, -1790, 964, -1227, -599,
  },
  {
    1148, 377, -1233, -754, -99,
  },
  {
    976, 416, -263, -2127, -1806,
  },
  {
    1489, 595, -2520, -1510, 412,
  },
  {
    72, -1840, 639, 782, -2126,
  },
  {
    360, -1666, 681, -2093, 758,
  },
  {
    -805, -1538, 1932, 1136, -198,
  },
  {
    1633, 723, -4195, 621, -2165,
  },
  {
    1434, -3158, 1309, 988, -689,
  },
  {
    -255, -1002, 1820, -779, -1795,
  },
  {
    1130, -1647, 1666, -157, 3097,
  },
  {
    1408, 381, 562, -2340, -778,
  },
  {
    -1015, 3048, -2467, 337, -665,
  },
  {
    571, -1159, 842, -703, 1227,
  },
  {
    1609, -997, -2576, 1564, 1621,
  },
  {
    -1411, 3031, -572, -2506, -800,
  },
  {
    -1574, 194, -139, 396, -967,
  },
  {
    -2117, -163, 1339, 2145, 617,
  },
  {
    1795, 1869, -3597, -1076, 383,
  },
  {
    -1466, 987, -1300, 1291, 463,
  },
  {
    -873, 461, 1898, -1442, 1472,
  },
  {
    -2858, 1023, -372, 3069, 250,
  },
  {
    1298, 824, -42, -1498, -1848,
  },
  {
    2775, -2190, -855, 379, 342,
  },
  {
    -861, 38, -72, -846, 1720,
  },
  {
    -399, 1994, -521, -2301, 1804,
  },
  {
    -1781, 1182, -217, 60, -773,
  },
  {
    -63, 2536, 903, -2105, -1028,
  },
  {
    -849, -1471, -392, 1293, -905,
  },
  {
    2319, -1277, -2519, 2026, -1190,
  },
  {
    -1669, -1536, -1187, 3440, -888,
  },
  {
    -1159, -1262, 2779, -929, 2761,
  },
  {
    1327, -947, 2156, -2184, 1440,
  },
  {
    1461, -3536, 2053, 475, -1459,
  },
  {
    -1063, 2939, -2483, -2160, -291,
  },
  {
    -829, -807, 1092, 355, 616,
  },
  {
    779, -296, -255, -1973, -311,
  },
};

static const s32 gru_dense_b_q12[5] = {
    623, 135, -405, -217, -2407,
};

#endif
