Copyright 1986-2018 Xilinx, Inc. All Rights Reserved.
-----------------------------------------------------------------------------------------------------------------------------------------------------------------------------------------------------------------------
| Tool Version : Vivado v.2018.3 (win64) Build 2405991 Thu Dec  6 23:38:27 MST 2018
| Date         : Fri May  8 16:22:25 2026
| Host         : Eason running 64-bit major release  (build 9200)
| Command      : report_timing_summary -max_paths 10 -file design_1_wrapper_timing_summary_routed.rpt -pb design_1_wrapper_timing_summary_routed.pb -rpx design_1_wrapper_timing_summary_routed.rpx -warn_on_violation
| Design       : design_1_wrapper
| Device       : 7z020-clg484
| Speed File   : -1  PRODUCTION 1.11 2014-09-11
-----------------------------------------------------------------------------------------------------------------------------------------------------------------------------------------------------------------------

Timing Summary Report

------------------------------------------------------------------------------------------------
| Timer Settings
| --------------
------------------------------------------------------------------------------------------------

  Enable Multi Corner Analysis               :  Yes
  Enable Pessimism Removal                   :  Yes
  Pessimism Removal Resolution               :  Nearest Common Node
  Enable Input Delay Default Clock           :  No
  Enable Preset / Clear Arcs                 :  No
  Disable Flight Delays                      :  No
  Ignore I/O Paths                           :  No
  Timing Early Launch at Borrowing Latches   :  false

  Corner  Analyze    Analyze    
  Name    Max Paths  Min Paths  
  ------  ---------  ---------  
  Slow    Yes        Yes        
  Fast    Yes        Yes        



check_timing report

Table of Contents
-----------------
1. checking no_clock
2. checking constant_clock
3. checking pulse_width_clock
4. checking unconstrained_internal_endpoints
5. checking no_input_delay
6. checking no_output_delay
7. checking multiple_clock
8. checking generated_clocks
9. checking loops
10. checking partial_input_delay
11. checking partial_output_delay
12. checking latch_loops

1. checking no_clock
--------------------
 There are 0 register/latch pins with no clock.


2. checking constant_clock
--------------------------
 There are 0 register/latch pins with constant_clock.


3. checking pulse_width_clock
-----------------------------
 There are 0 register/latch pins which need pulse_width check


4. checking unconstrained_internal_endpoints
--------------------------------------------
 There are 0 pins that are not constrained for maximum delay.

 There are 0 pins that are not constrained for maximum delay due to constant clock.


5. checking no_input_delay
--------------------------
 There are 0 input ports with no input delay specified.

 There are 0 input ports with no input delay but user has a false path constraint.


6. checking no_output_delay
---------------------------
 There are 0 ports with no output delay specified.

 There are 0 ports with no output delay but user has a false path constraint

 There are 0 ports with no output delay but with a timing clock defined on it or propagating through it


7. checking multiple_clock
--------------------------
 There are 0 register/latch pins with multiple clocks.


8. checking generated_clocks
----------------------------
 There are 0 generated clocks that are not connected to a clock source.


9. checking loops
-----------------
 There are 0 combinational loops in the design.


10. checking partial_input_delay
--------------------------------
 There are 0 input ports with partial input delay specified.


11. checking partial_output_delay
---------------------------------
 There are 0 ports with partial output delay specified.


12. checking latch_loops
------------------------
 There are 0 combinational latch loops in the design through latch input



------------------------------------------------------------------------------------------------
| Design Timing Summary
| ---------------------
------------------------------------------------------------------------------------------------

    WNS(ns)      TNS(ns)  TNS Failing Endpoints  TNS Total Endpoints      WHS(ns)      THS(ns)  THS Failing Endpoints  THS Total Endpoints     WPWS(ns)     TPWS(ns)  TPWS Failing Endpoints  TPWS Total Endpoints  
    -------      -------  ---------------------  -------------------      -------      -------  ---------------------  -------------------     --------     --------  ----------------------  --------------------  
     28.182        0.000                      0                 6027        0.054        0.000                      0                 6027       19.020        0.000                       0                  2073  


All user specified timing constraints are met.


------------------------------------------------------------------------------------------------
| Clock Summary
| -------------
------------------------------------------------------------------------------------------------

Clock       Waveform(ns)       Period(ns)      Frequency(MHz)
-----       ------------       ----------      --------------
clk_fpga_0  {0.000 20.000}     40.000          25.000          


------------------------------------------------------------------------------------------------
| Intra Clock Table
| -----------------
------------------------------------------------------------------------------------------------

Clock             WNS(ns)      TNS(ns)  TNS Failing Endpoints  TNS Total Endpoints      WHS(ns)      THS(ns)  THS Failing Endpoints  THS Total Endpoints     WPWS(ns)     TPWS(ns)  TPWS Failing Endpoints  TPWS Total Endpoints  
-----             -------      -------  ---------------------  -------------------      -------      -------  ---------------------  -------------------     --------     --------  ----------------------  --------------------  
clk_fpga_0         28.182        0.000                      0                 6027        0.054        0.000                      0                 6027       19.020        0.000                       0                  2073  


------------------------------------------------------------------------------------------------
| Inter Clock Table
| -----------------
------------------------------------------------------------------------------------------------

From Clock    To Clock          WNS(ns)      TNS(ns)  TNS Failing Endpoints  TNS Total Endpoints      WHS(ns)      THS(ns)  THS Failing Endpoints  THS Total Endpoints  
----------    --------          -------      -------  ---------------------  -------------------      -------      -------  ---------------------  -------------------  


------------------------------------------------------------------------------------------------
| Other Path Groups Table
| -----------------------
------------------------------------------------------------------------------------------------

Path Group    From Clock    To Clock          WNS(ns)      TNS(ns)  TNS Failing Endpoints  TNS Total Endpoints      WHS(ns)      THS(ns)  THS Failing Endpoints  THS Total Endpoints  
----------    ----------    --------          -------      -------  ---------------------  -------------------      -------      -------  ---------------------  -------------------  


------------------------------------------------------------------------------------------------
| Timing Details
| --------------
------------------------------------------------------------------------------------------------


---------------------------------------------------------------------------------------------------
From Clock:  clk_fpga_0
  To Clock:  clk_fpga_0

Setup :            0  Failing Endpoints,  Worst Slack       28.182ns,  Total Violation        0.000ns
Hold  :            0  Failing Endpoints,  Worst Slack        0.054ns,  Total Violation        0.000ns
PW    :            0  Failing Endpoints,  Worst Slack       19.020ns,  Total Violation        0.000ns
---------------------------------------------------------------------------------------------------


Max Delay Paths
--------------------------------------------------------------------------------------
Slack (MET) :             28.182ns  (required time - arrival time)
  Source:                 design_1_i/myip_0/inst/mode_reg[1]/C
                            (rising edge-triggered cell FDRE clocked by clk_fpga_0  {rise@0.000ns fall@20.000ns period=40.000ns})
  Destination:            design_1_i/myip_0/inst/bramb/U0/inst_blk_mem_gen/gnbram.gnativebmg.native_blk_mem_gen/valid.cstr/ramloop[1].ram.r/prim_noinit.ram/DEVICE_7SERIES.NO_BMM_INFO.TRUE_DP.SIMPLE_PRIM36.ram/ADDRARDADDR[14]
                            (rising edge-triggered cell RAMB36E1 clocked by clk_fpga_0  {rise@0.000ns fall@20.000ns period=40.000ns})
  Path Group:             clk_fpga_0
  Path Type:              Setup (Max at Slow Process Corner)
  Requirement:            40.000ns  (clk_fpga_0 rise@40.000ns - clk_fpga_0 rise@0.000ns)
  Data Path Delay:        10.644ns  (logic 2.469ns (23.197%)  route 8.175ns (76.803%))
  Logic Levels:           7  (CARRY4=1 LUT3=2 LUT4=2 LUT5=1 LUT6=1)
  Clock Path Skew:        -0.008ns (DCD - SCD + CPR)
    Destination Clock Delay (DCD):    2.695ns = ( 42.695 - 40.000 ) 
    Source Clock Delay      (SCD):    2.932ns
    Clock Pessimism Removal (CPR):    0.229ns
  Clock Uncertainty:      0.601ns  ((TSJ^2 + TIJ^2)^1/2 + DJ) / 2 + PE
    Total System Jitter     (TSJ):    0.071ns
    Total Input Jitter      (TIJ):    1.200ns
    Discrete Jitter          (DJ):    0.000ns
    Phase Error              (PE):    0.000ns

    Location             Delay type                Incr(ns)  Path(ns)    Netlist Resource(s)
  -------------------------------------------------------------------    -------------------
                         (clock clk_fpga_0 rise edge)
                                                      0.000     0.000 r  
    PS7_X0Y0             PS7                          0.000     0.000 r  design_1_i/processing_system7_0/inst/PS7_i/FCLKCLK[0]
                         net (fo=1, routed)           1.193     1.193    design_1_i/processing_system7_0/inst/FCLK_CLK_unbuffered[0]
    BUFGCTRL_X0Y16       BUFG (Prop_bufg_I_O)         0.101     1.294 r  design_1_i/processing_system7_0/inst/buffer_fclk_clk_0.FCLK_CLK_0_BUFG/O
                         net (fo=2073, routed)        1.638     2.932    design_1_i/myip_0/inst/s00_axi_aclk
    SLICE_X36Y71         FDRE                                         r  design_1_i/myip_0/inst/mode_reg[1]/C
  -------------------------------------------------------------------    -------------------
    SLICE_X36Y71         FDRE (Prop_fdre_C_Q)         0.518     3.450 r  design_1_i/myip_0/inst/mode_reg[1]/Q
                         net (fo=63, routed)          2.394     5.844    design_1_i/myip_0/inst/mykernel/data15_reg[6]_0
    SLICE_X36Y66         LUT3 (Prop_lut3_I2_O)        0.152     5.996 r  design_1_i/myip_0/inst/mykernel/one_input_channel_done0_carry_i_11/O
                         net (fo=7, routed)           1.684     7.680    design_1_i/myip_0/inst/mykernel_n_27
    SLICE_X45Y71         LUT5 (Prop_lut5_I1_O)        0.376     8.056 r  design_1_i/myip_0/inst/bram_output_addra0_carry__1_i_7/O
                         net (fo=3, routed)           0.594     8.650    design_1_i/myip_0/inst/bram_output_addra0_carry__1_i_7_n_0
    SLICE_X45Y72         LUT4 (Prop_lut4_I0_O)        0.326     8.976 r  design_1_i/myip_0/inst/bram_output_addra0_carry__1_i_10/O
                         net (fo=2, routed)           0.857     9.832    design_1_i/myip_0/inst/mykernel/bram_output_addra0_carry__1_1
    SLICE_X44Y72         LUT4 (Prop_lut4_I2_O)        0.124     9.956 r  design_1_i/myip_0/inst/mykernel/bram_output_addra0_carry__1_i_5/O
                         net (fo=1, routed)           0.000     9.956    design_1_i/myip_0/inst/mykernel_n_20
    SLICE_X44Y72         CARRY4 (Prop_carry4_S[0]_O[2])
                                                      0.547    10.503 r  design_1_i/myip_0/inst/bram_output_addra0_carry__1/O[2]
                         net (fo=1, routed)           0.688    11.191    design_1_i/myip_0/inst/mykernel/bram_output_addra0[10]
    SLICE_X42Y71         LUT6 (Prop_lut6_I0_O)        0.302    11.493 r  design_1_i/myip_0/inst/mykernel/bram_addrb_outpupt_reg[10]_i_1/O
                         net (fo=3, routed)           1.037    12.530    design_1_i/myip_0/inst/myip_v1_0_S00_AXI_inst/D[10]
    SLICE_X33Y69         LUT3 (Prop_lut3_I2_O)        0.124    12.654 r  design_1_i/myip_0/inst/myip_v1_0_S00_AXI_inst/bramb_i_3/O
                         net (fo=2, routed)           0.922    13.576    design_1_i/myip_0/inst/bramb/U0/inst_blk_mem_gen/gnbram.gnativebmg.native_blk_mem_gen/valid.cstr/ramloop[1].ram.r/prim_noinit.ram/addra[10]
    RAMB36_X2Y12         RAMB36E1                                     r  design_1_i/myip_0/inst/bramb/U0/inst_blk_mem_gen/gnbram.gnativebmg.native_blk_mem_gen/valid.cstr/ramloop[1].ram.r/prim_noinit.ram/DEVICE_7SERIES.NO_BMM_INFO.TRUE_DP.SIMPLE_PRIM36.ram/ADDRARDADDR[14]
  -------------------------------------------------------------------    -------------------

                         (clock clk_fpga_0 rise edge)
                                                     40.000    40.000 r  
    PS7_X0Y0             PS7                          0.000    40.000 r  design_1_i/processing_system7_0/inst/PS7_i/FCLKCLK[0]
                         net (fo=1, routed)           1.088    41.088    design_1_i/processing_system7_0/inst/FCLK_CLK_unbuffered[0]
    BUFGCTRL_X0Y16       BUFG (Prop_bufg_I_O)         0.091    41.179 r  design_1_i/processing_system7_0/inst/buffer_fclk_clk_0.FCLK_CLK_0_BUFG/O
                         net (fo=2073, routed)        1.516    42.695    design_1_i/myip_0/inst/bramb/U0/inst_blk_mem_gen/gnbram.gnativebmg.native_blk_mem_gen/valid.cstr/ramloop[1].ram.r/prim_noinit.ram/clka
    RAMB36_X2Y12         RAMB36E1                                     r  design_1_i/myip_0/inst/bramb/U0/inst_blk_mem_gen/gnbram.gnativebmg.native_blk_mem_gen/valid.cstr/ramloop[1].ram.r/prim_noinit.ram/DEVICE_7SERIES.NO_BMM_INFO.TRUE_DP.SIMPLE_PRIM36.ram/CLKARDCLK
                         clock pessimism              0.229    42.924    
                         clock uncertainty           -0.601    42.323    
    RAMB36_X2Y12         RAMB36E1 (Setup_ramb36e1_CLKARDCLK_ADDRARDADDR[14])
                                                     -0.566    41.757    design_1_i/myip_0/inst/bramb/U0/inst_blk_mem_gen/gnbram.gnativebmg.native_blk_mem_gen/valid.cstr/ramloop[1].ram.r/prim_noinit.ram/DEVICE_7SERIES.NO_BMM_INFO.TRUE_DP.SIMPLE_PRIM36.ram
  -------------------------------------------------------------------
                         required time                         41.757    
                         arrival time                         -13.576    
  -------------------------------------------------------------------
                         slack                                 28.182    

Slack (MET) :             28.277ns  (required time - arrival time)
  Source:                 design_1_i/myip_0/inst/bramb/U0/inst_blk_mem_gen/gnbram.gnativebmg.native_blk_mem_gen/valid.cstr/ramloop[1].ram.r/prim_noinit.ram/DEVICE_7SERIES.NO_BMM_INFO.TRUE_DP.SIMPLE_PRIM36.ram/CLKARDCLK
                            (rising edge-triggered cell RAMB36E1 clocked by clk_fpga_0  {rise@0.000ns fall@20.000ns period=40.000ns})
  Destination:            design_1_i/myip_0/inst/brama/U0/inst_blk_mem_gen/gnbram.gnativebmg.native_blk_mem_gen/valid.cstr/ramloop[0].ram.r/prim_noinit.ram/DEVICE_7SERIES.NO_BMM_INFO.TRUE_DP.SIMPLE_PRIM18.ram/DIBDI[2]
                            (rising edge-triggered cell RAMB18E1 clocked by clk_fpga_0  {rise@0.000ns fall@20.000ns period=40.000ns})
  Path Group:             clk_fpga_0
  Path Type:              Setup (Max at Slow Process Corner)
  Requirement:            40.000ns  (clk_fpga_0 rise@40.000ns - clk_fpga_0 rise@0.000ns)
  Data Path Delay:        10.358ns  (logic 4.359ns (42.082%)  route 5.999ns (57.918%))
  Logic Levels:           8  (CARRY4=4 LUT2=1 LUT3=1 LUT4=1 LUT6=1)
  Clock Path Skew:        -0.027ns (DCD - SCD + CPR)
    Destination Clock Delay (DCD):    2.693ns = ( 42.693 - 40.000 ) 
    Source Clock Delay      (SCD):    2.983ns
    Clock Pessimism Removal (CPR):    0.263ns
  Clock Uncertainty:      0.601ns  ((TSJ^2 + TIJ^2)^1/2 + DJ) / 2 + PE
    Total System Jitter     (TSJ):    0.071ns
    Total Input Jitter      (TIJ):    1.200ns
    Discrete Jitter          (DJ):    0.000ns
    Phase Error              (PE):    0.000ns

    Location             Delay type                Incr(ns)  Path(ns)    Netlist Resource(s)
  -------------------------------------------------------------------    -------------------
                         (clock clk_fpga_0 rise edge)
                                                      0.000     0.000 r  
    PS7_X0Y0             PS7                          0.000     0.000 r  design_1_i/processing_system7_0/inst/PS7_i/FCLKCLK[0]
                         net (fo=1, routed)           1.193     1.193    design_1_i/processing_system7_0/inst/FCLK_CLK_unbuffered[0]
    BUFGCTRL_X0Y16       BUFG (Prop_bufg_I_O)         0.101     1.294 r  design_1_i/processing_system7_0/inst/buffer_fclk_clk_0.FCLK_CLK_0_BUFG/O
                         net (fo=2073, routed)        1.689     2.983    design_1_i/myip_0/inst/bramb/U0/inst_blk_mem_gen/gnbram.gnativebmg.native_blk_mem_gen/valid.cstr/ramloop[1].ram.r/prim_noinit.ram/clka
    RAMB36_X2Y12         RAMB36E1                                     r  design_1_i/myip_0/inst/bramb/U0/inst_blk_mem_gen/gnbram.gnativebmg.native_blk_mem_gen/valid.cstr/ramloop[1].ram.r/prim_noinit.ram/DEVICE_7SERIES.NO_BMM_INFO.TRUE_DP.SIMPLE_PRIM36.ram/CLKARDCLK
  -------------------------------------------------------------------    -------------------
    RAMB36_X2Y12         RAMB36E1 (Prop_ramb36e1_CLKARDCLK_DOADO[0])
                                                      2.454     5.437 r  design_1_i/myip_0/inst/bramb/U0/inst_blk_mem_gen/gnbram.gnativebmg.native_blk_mem_gen/valid.cstr/ramloop[1].ram.r/prim_noinit.ram/DEVICE_7SERIES.NO_BMM_INFO.TRUE_DP.SIMPLE_PRIM36.ram/DOADO[0]
                         net (fo=4, routed)           1.889     7.326    design_1_i/myip_0/inst/mykernel/acc_result_carry__2[9]
    SLICE_X32Y67         LUT4 (Prop_lut4_I0_O)        0.124     7.450 r  design_1_i/myip_0/inst/mykernel/acc_result_carry__1_i_7/O
                         net (fo=1, routed)           0.000     7.450    design_1_i/myip_0/inst/mykernel_n_67
    SLICE_X32Y67         CARRY4 (Prop_carry4_S[1]_CO[3])
                                                      0.533     7.983 r  design_1_i/myip_0/inst/acc_result_carry__1/CO[3]
                         net (fo=1, routed)           0.000     7.983    design_1_i/myip_0/inst/acc_result_carry__1_n_0
    SLICE_X32Y68         CARRY4 (Prop_carry4_CI_CO[3])
                                                      0.117     8.100 r  design_1_i/myip_0/inst/acc_result_carry__2/CO[3]
                         net (fo=1, routed)           0.000     8.100    design_1_i/myip_0/inst/acc_result_carry__2_n_0
    SLICE_X32Y69         CARRY4 (Prop_carry4_CI_CO[3])
                                                      0.117     8.217 r  design_1_i/myip_0/inst/acc_result_carry__3/CO[3]
                         net (fo=1, routed)           0.000     8.217    design_1_i/myip_0/inst/acc_result_carry__3_n_0
    SLICE_X32Y70         CARRY4 (Prop_carry4_CI_O[0])
                                                      0.219     8.436 f  design_1_i/myip_0/inst/acc_result_carry__4/O[0]
                         net (fo=3, routed)           1.112     9.548    design_1_i/myip_0/inst/acc_result_carry__4_n_7
    SLICE_X38Y71         LUT2 (Prop_lut2_I0_O)        0.323     9.871 f  design_1_i/myip_0/inst/brama_i_97/O
                         net (fo=6, routed)           1.789    11.660    design_1_i/myip_0/inst/brama_i_97_n_0
    SLICE_X30Y66         LUT6 (Prop_lut6_I2_O)        0.348    12.008 r  design_1_i/myip_0/inst/brama_i_80/O
                         net (fo=2, routed)           0.817    12.825    design_1_i/myip_0/inst/brama_i_80_n_0
    SLICE_X31Y65         LUT3 (Prop_lut3_I0_O)        0.124    12.949 r  design_1_i/myip_0/inst/brama_i_50/O
                         net (fo=1, routed)           0.393    13.342    design_1_i/myip_0/inst/brama/U0/inst_blk_mem_gen/gnbram.gnativebmg.native_blk_mem_gen/valid.cstr/ramloop[0].ram.r/prim_noinit.ram/dinb[2]
    RAMB18_X2Y26         RAMB18E1                                     r  design_1_i/myip_0/inst/brama/U0/inst_blk_mem_gen/gnbram.gnativebmg.native_blk_mem_gen/valid.cstr/ramloop[0].ram.r/prim_noinit.ram/DEVICE_7SERIES.NO_BMM_INFO.TRUE_DP.SIMPLE_PRIM18.ram/DIBDI[2]
  -------------------------------------------------------------------    -------------------

                         (clock clk_fpga_0 rise edge)
                                                     40.000    40.000 r  
    PS7_X0Y0             PS7                          0.000    40.000 r  design_1_i/processing_system7_0/inst/PS7_i/FCLKCLK[0]
                         net (fo=1, routed)           1.088    41.088    design_1_i/processing_system7_0/inst/FCLK_CLK_unbuffered[0]
    BUFGCTRL_X0Y16       BUFG (Prop_bufg_I_O)         0.091    41.179 r  design_1_i/processing_system7_0/inst/buffer_fclk_clk_0.FCLK_CLK_0_BUFG/O
                         net (fo=2073, routed)        1.514    42.693    design_1_i/myip_0/inst/brama/U0/inst_blk_mem_gen/gnbram.gnativebmg.native_blk_mem_gen/valid.cstr/ramloop[0].ram.r/prim_noinit.ram/clkb
    RAMB18_X2Y26         RAMB18E1                                     r  design_1_i/myip_0/inst/brama/U0/inst_blk_mem_gen/gnbram.gnativebmg.native_blk_mem_gen/valid.cstr/ramloop[0].ram.r/prim_noinit.ram/DEVICE_7SERIES.NO_BMM_INFO.TRUE_DP.SIMPLE_PRIM18.ram/CLKBWRCLK
                         clock pessimism              0.263    42.956    
                         clock uncertainty           -0.601    42.355    
    RAMB18_X2Y26         RAMB18E1 (Setup_ramb18e1_CLKBWRCLK_DIBDI[2])
                                                     -0.737    41.618    design_1_i/myip_0/inst/brama/U0/inst_blk_mem_gen/gnbram.gnativebmg.native_blk_mem_gen/valid.cstr/ramloop[0].ram.r/prim_noinit.ram/DEVICE_7SERIES.NO_BMM_INFO.TRUE_DP.SIMPLE_PRIM18.ram
  -------------------------------------------------------------------
                         required time                         41.618    
                         arrival time                         -13.342    
  -------------------------------------------------------------------
                         slack                                 28.277    

Slack (MET) :             28.360ns  (required time - arrival time)
  Source:                 design_1_i/myip_0/inst/mode_reg[1]/C
                            (rising edge-triggered cell FDRE clocked by clk_fpga_0  {rise@0.000ns fall@20.000ns period=40.000ns})
  Destination:            design_1_i/myip_0/inst/brama/U0/inst_blk_mem_gen/gnbram.gnativebmg.native_blk_mem_gen/valid.cstr/ramloop[0].ram.r/prim_noinit.ram/DEVICE_7SERIES.NO_BMM_INFO.TRUE_DP.SIMPLE_PRIM18.ram/ADDRARDADDR[13]
                            (rising edge-triggered cell RAMB18E1 clocked by clk_fpga_0  {rise@0.000ns fall@20.000ns period=40.000ns})
  Path Group:             clk_fpga_0
  Path Type:              Setup (Max at Slow Process Corner)
  Requirement:            40.000ns  (clk_fpga_0 rise@40.000ns - clk_fpga_0 rise@0.000ns)
  Data Path Delay:        10.461ns  (logic 2.469ns (23.603%)  route 7.992ns (76.397%))
  Logic Levels:           7  (CARRY4=1 LUT3=2 LUT4=2 LUT5=1 LUT6=1)
  Clock Path Skew:        -0.013ns (DCD - SCD + CPR)
    Destination Clock Delay (DCD):    2.690ns = ( 42.690 - 40.000 ) 
    Source Clock Delay      (SCD):    2.932ns
    Clock Pessimism Removal (CPR):    0.229ns
  Clock Uncertainty:      0.601ns  ((TSJ^2 + TIJ^2)^1/2 + DJ) / 2 + PE
    Total System Jitter     (TSJ):    0.071ns
    Total Input Jitter      (TIJ):    1.200ns
    Discrete Jitter          (DJ):    0.000ns
    Phase Error              (PE):    0.000ns

    Location             Delay type                Incr(ns)  Path(ns)    Netlist Resource(s)
  -------------------------------------------------------------------    -------------------
                         (clock clk_fpga_0 rise edge)
                                                      0.000     0.000 r  
    PS7_X0Y0             PS7                          0.000     0.000 r  design_1_i/processing_system7_0/inst/PS7_i/FCLKCLK[0]
                         net (fo=1, routed)           1.193     1.193    design_1_i/processing_system7_0/inst/FCLK_CLK_unbuffered[0]
    BUFGCTRL_X0Y16       BUFG (Prop_bufg_I_O)         0.101     1.294 r  design_1_i/processing_system7_0/inst/buffer_fclk_clk_0.FCLK_CLK_0_BUFG/O
                         net (fo=2073, routed)        1.638     2.932    design_1_i/myip_0/inst/s00_axi_aclk
    SLICE_X36Y71         FDRE                                         r  design_1_i/myip_0/inst/mode_reg[1]/C
  -------------------------------------------------------------------    -------------------
    SLICE_X36Y71         FDRE (Prop_fdre_C_Q)         0.518     3.450 r  design_1_i/myip_0/inst/mode_reg[1]/Q
                         net (fo=63, routed)          2.394     5.844    design_1_i/myip_0/inst/mykernel/data15_reg[6]_0
    SLICE_X36Y66         LUT3 (Prop_lut3_I2_O)        0.152     5.996 r  design_1_i/myip_0/inst/mykernel/one_input_channel_done0_carry_i_11/O
                         net (fo=7, routed)           1.684     7.680    design_1_i/myip_0/inst/mykernel_n_27
    SLICE_X45Y71         LUT5 (Prop_lut5_I1_O)        0.376     8.056 r  design_1_i/myip_0/inst/bram_output_addra0_carry__1_i_7/O
                         net (fo=3, routed)           0.594     8.650    design_1_i/myip_0/inst/bram_output_addra0_carry__1_i_7_n_0
    SLICE_X45Y72         LUT4 (Prop_lut4_I0_O)        0.326     8.976 r  design_1_i/myip_0/inst/bram_output_addra0_carry__1_i_10/O
                         net (fo=2, routed)           0.857     9.832    design_1_i/myip_0/inst/mykernel/bram_output_addra0_carry__1_1
    SLICE_X44Y72         LUT4 (Prop_lut4_I2_O)        0.124     9.956 r  design_1_i/myip_0/inst/mykernel/bram_output_addra0_carry__1_i_5/O
                         net (fo=1, routed)           0.000     9.956    design_1_i/myip_0/inst/mykernel_n_20
    SLICE_X44Y72         CARRY4 (Prop_carry4_S[0]_O[2])
                                                      0.547    10.503 r  design_1_i/myip_0/inst/bram_output_addra0_carry__1/O[2]
                         net (fo=1, routed)           0.688    11.191    design_1_i/myip_0/inst/mykernel/bram_output_addra0[10]
    SLICE_X42Y71         LUT6 (Prop_lut6_I0_O)        0.302    11.493 r  design_1_i/myip_0/inst/mykernel/bram_addrb_outpupt_reg[10]_i_1/O
                         net (fo=3, routed)           0.614    12.107    design_1_i/myip_0/inst/mykernel/D[10]
    SLICE_X36Y69         LUT3 (Prop_lut3_I0_O)        0.124    12.231 r  design_1_i/myip_0/inst/mykernel/brama_i_3/O
                         net (fo=2, routed)           1.162    13.393    design_1_i/myip_0/inst/brama/U0/inst_blk_mem_gen/gnbram.gnativebmg.native_blk_mem_gen/valid.cstr/ramloop[0].ram.r/prim_noinit.ram/addra[10]
    RAMB18_X2Y26         RAMB18E1                                     r  design_1_i/myip_0/inst/brama/U0/inst_blk_mem_gen/gnbram.gnativebmg.native_blk_mem_gen/valid.cstr/ramloop[0].ram.r/prim_noinit.ram/DEVICE_7SERIES.NO_BMM_INFO.TRUE_DP.SIMPLE_PRIM18.ram/ADDRARDADDR[13]
  -------------------------------------------------------------------    -------------------

                         (clock clk_fpga_0 rise edge)
                                                     40.000    40.000 r  
    PS7_X0Y0             PS7                          0.000    40.000 r  design_1_i/processing_system7_0/inst/PS7_i/FCLKCLK[0]
                         net (fo=1, routed)           1.088    41.088    design_1_i/processing_system7_0/inst/FCLK_CLK_unbuffered[0]
    BUFGCTRL_X0Y16       BUFG (Prop_bufg_I_O)         0.091    41.179 r  design_1_i/processing_system7_0/inst/buffer_fclk_clk_0.FCLK_CLK_0_BUFG/O
                         net (fo=2073, routed)        1.511    42.690    design_1_i/myip_0/inst/brama/U0/inst_blk_mem_gen/gnbram.gnativebmg.native_blk_mem_gen/valid.cstr/ramloop[0].ram.r/prim_noinit.ram/clka
    RAMB18_X2Y26         RAMB18E1                                     r  design_1_i/myip_0/inst/brama/U0/inst_blk_mem_gen/gnbram.gnativebmg.native_blk_mem_gen/valid.cstr/ramloop[0].ram.r/prim_noinit.ram/DEVICE_7SERIES.NO_BMM_INFO.TRUE_DP.SIMPLE_PRIM18.ram/CLKARDCLK
                         clock pessimism              0.229    42.919    
                         clock uncertainty           -0.601    42.318    
    RAMB18_X2Y26         RAMB18E1 (Setup_ramb18e1_CLKARDCLK_ADDRARDADDR[13])
                                                     -0.566    41.752    design_1_i/myip_0/inst/brama/U0/inst_blk_mem_gen/gnbram.gnativebmg.native_blk_mem_gen/valid.cstr/ramloop[0].ram.r/prim_noinit.ram/DEVICE_7SERIES.NO_BMM_INFO.TRUE_DP.SIMPLE_PRIM18.ram
  -------------------------------------------------------------------
                         required time                         41.752    
                         arrival time                         -13.393    
  -------------------------------------------------------------------
                         slack                                 28.360    

Slack (MET) :             28.392ns  (required time - arrival time)
  Source:                 design_1_i/myip_0/inst/bramb/U0/inst_blk_mem_gen/gnbram.gnativebmg.native_blk_mem_gen/valid.cstr/ramloop[1].ram.r/prim_noinit.ram/DEVICE_7SERIES.NO_BMM_INFO.TRUE_DP.SIMPLE_PRIM36.ram/CLKARDCLK
                            (rising edge-triggered cell RAMB36E1 clocked by clk_fpga_0  {rise@0.000ns fall@20.000ns period=40.000ns})
  Destination:            design_1_i/myip_0/inst/bramb/U0/inst_blk_mem_gen/gnbram.gnativebmg.native_blk_mem_gen/valid.cstr/ramloop[0].ram.r/prim_noinit.ram/DEVICE_7SERIES.NO_BMM_INFO.TRUE_DP.SIMPLE_PRIM18.ram/DIBDI[2]
                            (rising edge-triggered cell RAMB18E1 clocked by clk_fpga_0  {rise@0.000ns fall@20.000ns period=40.000ns})
  Path Group:             clk_fpga_0
  Path Type:              Setup (Max at Slow Process Corner)
  Requirement:            40.000ns  (clk_fpga_0 rise@40.000ns - clk_fpga_0 rise@0.000ns)
  Data Path Delay:        10.243ns  (logic 4.359ns (42.556%)  route 5.884ns (57.444%))
  Logic Levels:           8  (CARRY4=4 LUT2=1 LUT3=1 LUT4=1 LUT6=1)
  Clock Path Skew:        -0.027ns (DCD - SCD + CPR)
    Destination Clock Delay (DCD):    2.693ns = ( 42.693 - 40.000 ) 
    Source Clock Delay      (SCD):    2.983ns
    Clock Pessimism Removal (CPR):    0.263ns
  Clock Uncertainty:      0.601ns  ((TSJ^2 + TIJ^2)^1/2 + DJ) / 2 + PE
    Total System Jitter     (TSJ):    0.071ns
    Total Input Jitter      (TIJ):    1.200ns
    Discrete Jitter          (DJ):    0.000ns
    Phase Error              (PE):    0.000ns

    Location             Delay type                Incr(ns)  Path(ns)    Netlist Resource(s)
  -------------------------------------------------------------------    -------------------
                         (clock clk_fpga_0 rise edge)
                                                      0.000     0.000 r  
    PS7_X0Y0             PS7                          0.000     0.000 r  design_1_i/processing_system7_0/inst/PS7_i/FCLKCLK[0]
                         net (fo=1, routed)           1.193     1.193    design_1_i/processing_system7_0/inst/FCLK_CLK_unbuffered[0]
    BUFGCTRL_X0Y16       BUFG (Prop_bufg_I_O)         0.101     1.294 r  design_1_i/processing_system7_0/inst/buffer_fclk_clk_0.FCLK_CLK_0_BUFG/O
                         net (fo=2073, routed)        1.689     2.983    design_1_i/myip_0/inst/bramb/U0/inst_blk_mem_gen/gnbram.gnativebmg.native_blk_mem_gen/valid.cstr/ramloop[1].ram.r/prim_noinit.ram/clka
    RAMB36_X2Y12         RAMB36E1                                     r  design_1_i/myip_0/inst/bramb/U0/inst_blk_mem_gen/gnbram.gnativebmg.native_blk_mem_gen/valid.cstr/ramloop[1].ram.r/prim_noinit.ram/DEVICE_7SERIES.NO_BMM_INFO.TRUE_DP.SIMPLE_PRIM36.ram/CLKARDCLK
  -------------------------------------------------------------------    -------------------
    RAMB36_X2Y12         RAMB36E1 (Prop_ramb36e1_CLKARDCLK_DOADO[0])
                                                      2.454     5.437 r  design_1_i/myip_0/inst/bramb/U0/inst_blk_mem_gen/gnbram.gnativebmg.native_blk_mem_gen/valid.cstr/ramloop[1].ram.r/prim_noinit.ram/DEVICE_7SERIES.NO_BMM_INFO.TRUE_DP.SIMPLE_PRIM36.ram/DOADO[0]
                         net (fo=4, routed)           1.889     7.326    design_1_i/myip_0/inst/mykernel/acc_result_carry__2[9]
    SLICE_X32Y67         LUT4 (Prop_lut4_I0_O)        0.124     7.450 r  design_1_i/myip_0/inst/mykernel/acc_result_carry__1_i_7/O
                         net (fo=1, routed)           0.000     7.450    design_1_i/myip_0/inst/mykernel_n_67
    SLICE_X32Y67         CARRY4 (Prop_carry4_S[1]_CO[3])
                                                      0.533     7.983 r  design_1_i/myip_0/inst/acc_result_carry__1/CO[3]
                         net (fo=1, routed)           0.000     7.983    design_1_i/myip_0/inst/acc_result_carry__1_n_0
    SLICE_X32Y68         CARRY4 (Prop_carry4_CI_CO[3])
                                                      0.117     8.100 r  design_1_i/myip_0/inst/acc_result_carry__2/CO[3]
                         net (fo=1, routed)           0.000     8.100    design_1_i/myip_0/inst/acc_result_carry__2_n_0
    SLICE_X32Y69         CARRY4 (Prop_carry4_CI_CO[3])
                                                      0.117     8.217 r  design_1_i/myip_0/inst/acc_result_carry__3/CO[3]
                         net (fo=1, routed)           0.000     8.217    design_1_i/myip_0/inst/acc_result_carry__3_n_0
    SLICE_X32Y70         CARRY4 (Prop_carry4_CI_O[0])
                                                      0.219     8.436 f  design_1_i/myip_0/inst/acc_result_carry__4/O[0]
                         net (fo=3, routed)           1.112     9.548    design_1_i/myip_0/inst/acc_result_carry__4_n_7
    SLICE_X38Y71         LUT2 (Prop_lut2_I0_O)        0.323     9.871 f  design_1_i/myip_0/inst/brama_i_97/O
                         net (fo=6, routed)           1.789    11.660    design_1_i/myip_0/inst/brama_i_97_n_0
    SLICE_X30Y66         LUT6 (Prop_lut6_I2_O)        0.348    12.008 r  design_1_i/myip_0/inst/brama_i_80/O
                         net (fo=2, routed)           0.412    12.420    design_1_i/myip_0/inst/brama_i_80_n_0
    SLICE_X31Y65         LUT3 (Prop_lut3_I2_O)        0.124    12.544 r  design_1_i/myip_0/inst/bramb_i_44/O
                         net (fo=1, routed)           0.682    13.226    design_1_i/myip_0/inst/bramb/U0/inst_blk_mem_gen/gnbram.gnativebmg.native_blk_mem_gen/valid.cstr/ramloop[0].ram.r/prim_noinit.ram/dinb[2]
    RAMB18_X2Y27         RAMB18E1                                     r  design_1_i/myip_0/inst/bramb/U0/inst_blk_mem_gen/gnbram.gnativebmg.native_blk_mem_gen/valid.cstr/ramloop[0].ram.r/prim_noinit.ram/DEVICE_7SERIES.NO_BMM_INFO.TRUE_DP.SIMPLE_PRIM18.ram/DIBDI[2]
  -------------------------------------------------------------------    -------------------

                         (clock clk_fpga_0 rise edge)
                                                     40.000    40.000 r  
    PS7_X0Y0             PS7                          0.000    40.000 r  design_1_i/processing_system7_0/inst/PS7_i/FCLKCLK[0]
                         net (fo=1, routed)           1.088    41.088    design_1_i/processing_system7_0/inst/FCLK_CLK_unbuffered[0]
    BUFGCTRL_X0Y16       BUFG (Prop_bufg_I_O)         0.091    41.179 r  design_1_i/processing_system7_0/inst/buffer_fclk_clk_0.FCLK_CLK_0_BUFG/O
                         net (fo=2073, routed)        1.514    42.693    design_1_i/myip_0/inst/bramb/U0/inst_blk_mem_gen/gnbram.gnativebmg.native_blk_mem_gen/valid.cstr/ramloop[0].ram.r/prim_noinit.ram/clkb
    RAMB18_X2Y27         RAMB18E1                                     r  design_1_i/myip_0/inst/bramb/U0/inst_blk_mem_gen/gnbram.gnativebmg.native_blk_mem_gen/valid.cstr/ramloop[0].ram.r/prim_noinit.ram/DEVICE_7SERIES.NO_BMM_INFO.TRUE_DP.SIMPLE_PRIM18.ram/CLKBWRCLK
                         clock pessimism              0.263    42.956    
                         clock uncertainty           -0.601    42.355    
    RAMB18_X2Y27         RAMB18E1 (Setup_ramb18e1_CLKBWRCLK_DIBDI[2])
                                                     -0.737    41.618    design_1_i/myip_0/inst/bramb/U0/inst_blk_mem_gen/gnbram.gnativebmg.native_blk_mem_gen/valid.cstr/ramloop[0].ram.r/prim_noinit.ram/DEVICE_7SERIES.NO_BMM_INFO.TRUE_DP.SIMPLE_PRIM18.ram
  -------------------------------------------------------------------
                         required time                         41.618    
                         arrival time                         -13.226    
  -------------------------------------------------------------------
                         slack                                 28.392    

Slack (MET) :             28.458ns  (required time - arrival time)
  Source:                 design_1_i/myip_0/inst/mode_reg[1]/C
                            (rising edge-triggered cell FDRE clocked by clk_fpga_0  {rise@0.000ns fall@20.000ns period=40.000ns})
  Destination:            design_1_i/myip_0/inst/bramb/U0/inst_blk_mem_gen/gnbram.gnativebmg.native_blk_mem_gen/valid.cstr/ramloop[1].ram.r/prim_noinit.ram/DEVICE_7SERIES.NO_BMM_INFO.TRUE_DP.SIMPLE_PRIM36.ram/ADDRARDADDR[13]
                            (rising edge-triggered cell RAMB36E1 clocked by clk_fpga_0  {rise@0.000ns fall@20.000ns period=40.000ns})
  Path Group:             clk_fpga_0
  Path Type:              Setup (Max at Slow Process Corner)
  Requirement:            40.000ns  (clk_fpga_0 rise@40.000ns - clk_fpga_0 rise@0.000ns)
  Data Path Delay:        10.368ns  (logic 2.347ns (22.638%)  route 8.021ns (77.362%))
  Logic Levels:           7  (CARRY4=1 LUT3=2 LUT4=2 LUT5=1 LUT6=1)
  Clock Path Skew:        -0.008ns (DCD - SCD + CPR)
    Destination Clock Delay (DCD):    2.695ns = ( 42.695 - 40.000 ) 
    Source Clock Delay      (SCD):    2.932ns
    Clock Pessimism Removal (CPR):    0.229ns
  Clock Uncertainty:      0.601ns  ((TSJ^2 + TIJ^2)^1/2 + DJ) / 2 + PE
    Total System Jitter     (TSJ):    0.071ns
    Total Input Jitter      (TIJ):    1.200ns
    Discrete Jitter          (DJ):    0.000ns
    Phase Error              (PE):    0.000ns

    Location             Delay type                Incr(ns)  Path(ns)    Netlist Resource(s)
  -------------------------------------------------------------------    -------------------
                         (clock clk_fpga_0 rise edge)
                                                      0.000     0.000 r  
    PS7_X0Y0             PS7                          0.000     0.000 r  design_1_i/processing_system7_0/inst/PS7_i/FCLKCLK[0]
                         net (fo=1, routed)           1.193     1.193    design_1_i/processing_system7_0/inst/FCLK_CLK_unbuffered[0]
    BUFGCTRL_X0Y16       BUFG (Prop_bufg_I_O)         0.101     1.294 r  design_1_i/processing_system7_0/inst/buffer_fclk_clk_0.FCLK_CLK_0_BUFG/O
                         net (fo=2073, routed)        1.638     2.932    design_1_i/myip_0/inst/s00_axi_aclk
    SLICE_X36Y71         FDRE                                         r  design_1_i/myip_0/inst/mode_reg[1]/C
  -------------------------------------------------------------------    -------------------
    SLICE_X36Y71         FDRE (Prop_fdre_C_Q)         0.518     3.450 r  design_1_i/myip_0/inst/mode_reg[1]/Q
                         net (fo=63, routed)          2.394     5.844    design_1_i/myip_0/inst/mykernel/data15_reg[6]_0
    SLICE_X36Y66         LUT3 (Prop_lut3_I2_O)        0.152     5.996 r  design_1_i/myip_0/inst/mykernel/one_input_channel_done0_carry_i_11/O
                         net (fo=7, routed)           1.684     7.680    design_1_i/myip_0/inst/mykernel_n_27
    SLICE_X45Y71         LUT5 (Prop_lut5_I1_O)        0.376     8.056 r  design_1_i/myip_0/inst/bram_output_addra0_carry__1_i_7/O
                         net (fo=3, routed)           0.594     8.650    design_1_i/myip_0/inst/bram_output_addra0_carry__1_i_7_n_0
    SLICE_X45Y72         LUT4 (Prop_lut4_I0_O)        0.326     8.976 r  design_1_i/myip_0/inst/bram_output_addra0_carry__1_i_10/O
                         net (fo=2, routed)           0.857     9.832    design_1_i/myip_0/inst/mykernel/bram_output_addra0_carry__1_1
    SLICE_X44Y72         LUT4 (Prop_lut4_I2_O)        0.124     9.956 r  design_1_i/myip_0/inst/mykernel/bram_output_addra0_carry__1_i_5/O
                         net (fo=1, routed)           0.000     9.956    design_1_i/myip_0/inst/mykernel_n_20
    SLICE_X44Y72         CARRY4 (Prop_carry4_S[0]_O[1])
                                                      0.424    10.380 r  design_1_i/myip_0/inst/bram_output_addra0_carry__1/O[1]
                         net (fo=1, routed)           0.458    10.838    design_1_i/myip_0/inst/mykernel/bram_output_addra0[9]
    SLICE_X42Y71         LUT6 (Prop_lut6_I0_O)        0.303    11.141 r  design_1_i/myip_0/inst/mykernel/bram_addrb_outpupt_reg[9]_i_1/O
                         net (fo=3, routed)           0.988    12.129    design_1_i/myip_0/inst/myip_v1_0_S00_AXI_inst/D[9]
    SLICE_X33Y67         LUT3 (Prop_lut3_I2_O)        0.124    12.253 r  design_1_i/myip_0/inst/myip_v1_0_S00_AXI_inst/bramb_i_4/O
                         net (fo=2, routed)           1.047    13.300    design_1_i/myip_0/inst/bramb/U0/inst_blk_mem_gen/gnbram.gnativebmg.native_blk_mem_gen/valid.cstr/ramloop[1].ram.r/prim_noinit.ram/addra[9]
    RAMB36_X2Y12         RAMB36E1                                     r  design_1_i/myip_0/inst/bramb/U0/inst_blk_mem_gen/gnbram.gnativebmg.native_blk_mem_gen/valid.cstr/ramloop[1].ram.r/prim_noinit.ram/DEVICE_7SERIES.NO_BMM_INFO.TRUE_DP.SIMPLE_PRIM36.ram/ADDRARDADDR[13]
  -------------------------------------------------------------------    -------------------

                         (clock clk_fpga_0 rise edge)
                                                     40.000    40.000 r  
    PS7_X0Y0             PS7                          0.000    40.000 r  design_1_i/processing_system7_0/inst/PS7_i/FCLKCLK[0]
                         net (fo=1, routed)           1.088    41.088    design_1_i/processing_system7_0/inst/FCLK_CLK_unbuffered[0]
    BUFGCTRL_X0Y16       BUFG (Prop_bufg_I_O)         0.091    41.179 r  design_1_i/processing_system7_0/inst/buffer_fclk_clk_0.FCLK_CLK_0_BUFG/O
                         net (fo=2073, routed)        1.516    42.695    design_1_i/myip_0/inst/bramb/U0/inst_blk_mem_gen/gnbram.gnativebmg.native_blk_mem_gen/valid.cstr/ramloop[1].ram.r/prim_noinit.ram/clka
    RAMB36_X2Y12         RAMB36E1                                     r  design_1_i/myip_0/inst/bramb/U0/inst_blk_mem_gen/gnbram.gnativebmg.native_blk_mem_gen/valid.cstr/ramloop[1].ram.r/prim_noinit.ram/DEVICE_7SERIES.NO_BMM_INFO.TRUE_DP.SIMPLE_PRIM36.ram/CLKARDCLK
                         clock pessimism              0.229    42.924    
                         clock uncertainty           -0.601    42.323    
    RAMB36_X2Y12         RAMB36E1 (Setup_ramb36e1_CLKARDCLK_ADDRARDADDR[13])
                                                     -0.566    41.757    design_1_i/myip_0/inst/bramb/U0/inst_blk_mem_gen/gnbram.gnativebmg.native_blk_mem_gen/valid.cstr/ramloop[1].ram.r/prim_noinit.ram/DEVICE_7SERIES.NO_BMM_INFO.TRUE_DP.SIMPLE_PRIM36.ram
  -------------------------------------------------------------------
                         required time                         41.757    
                         arrival time                         -13.300    
  -------------------------------------------------------------------
                         slack                                 28.458    

Slack (MET) :             28.516ns  (required time - arrival time)
  Source:                 design_1_i/myip_0/inst/mode_reg[1]/C
                            (rising edge-triggered cell FDRE clocked by clk_fpga_0  {rise@0.000ns fall@20.000ns period=40.000ns})
  Destination:            design_1_i/myip_0/inst/bramb/U0/inst_blk_mem_gen/gnbram.gnativebmg.native_blk_mem_gen/valid.cstr/ramloop[0].ram.r/prim_noinit.ram/DEVICE_7SERIES.NO_BMM_INFO.TRUE_DP.SIMPLE_PRIM18.ram/ADDRARDADDR[13]
                            (rising edge-triggered cell RAMB18E1 clocked by clk_fpga_0  {rise@0.000ns fall@20.000ns period=40.000ns})
  Path Group:             clk_fpga_0
  Path Type:              Setup (Max at Slow Process Corner)
  Requirement:            40.000ns  (clk_fpga_0 rise@40.000ns - clk_fpga_0 rise@0.000ns)
  Data Path Delay:        10.304ns  (logic 2.469ns (23.962%)  route 7.835ns (76.038%))
  Logic Levels:           7  (CARRY4=1 LUT3=2 LUT4=2 LUT5=1 LUT6=1)
  Clock Path Skew:        -0.013ns (DCD - SCD + CPR)
    Destination Clock Delay (DCD):    2.690ns = ( 42.690 - 40.000 ) 
    Source Clock Delay      (SCD):    2.932ns
    Clock Pessimism Removal (CPR):    0.229ns
  Clock Uncertainty:      0.601ns  ((TSJ^2 + TIJ^2)^1/2 + DJ) / 2 + PE
    Total System Jitter     (TSJ):    0.071ns
    Total Input Jitter      (TIJ):    1.200ns
    Discrete Jitter          (DJ):    0.000ns
    Phase Error              (PE):    0.000ns

    Location             Delay type                Incr(ns)  Path(ns)    Netlist Resource(s)
  -------------------------------------------------------------------    -------------------
                         (clock clk_fpga_0 rise edge)
                                                      0.000     0.000 r  
    PS7_X0Y0             PS7                          0.000     0.000 r  design_1_i/processing_system7_0/inst/PS7_i/FCLKCLK[0]
                         net (fo=1, routed)           1.193     1.193    design_1_i/processing_system7_0/inst/FCLK_CLK_unbuffered[0]
    BUFGCTRL_X0Y16       BUFG (Prop_bufg_I_O)         0.101     1.294 r  design_1_i/processing_system7_0/inst/buffer_fclk_clk_0.FCLK_CLK_0_BUFG/O
                         net (fo=2073, routed)        1.638     2.932    design_1_i/myip_0/inst/s00_axi_aclk
    SLICE_X36Y71         FDRE                                         r  design_1_i/myip_0/inst/mode_reg[1]/C
  -------------------------------------------------------------------    -------------------
    SLICE_X36Y71         FDRE (Prop_fdre_C_Q)         0.518     3.450 r  design_1_i/myip_0/inst/mode_reg[1]/Q
                         net (fo=63, routed)          2.394     5.844    design_1_i/myip_0/inst/mykernel/data15_reg[6]_0
    SLICE_X36Y66         LUT3 (Prop_lut3_I2_O)        0.152     5.996 r  design_1_i/myip_0/inst/mykernel/one_input_channel_done0_carry_i_11/O
                         net (fo=7, routed)           1.684     7.680    design_1_i/myip_0/inst/mykernel_n_27
    SLICE_X45Y71         LUT5 (Prop_lut5_I1_O)        0.376     8.056 r  design_1_i/myip_0/inst/bram_output_addra0_carry__1_i_7/O
                         net (fo=3, routed)           0.594     8.650    design_1_i/myip_0/inst/bram_output_addra0_carry__1_i_7_n_0
    SLICE_X45Y72         LUT4 (Prop_lut4_I0_O)        0.326     8.976 r  design_1_i/myip_0/inst/bram_output_addra0_carry__1_i_10/O
                         net (fo=2, routed)           0.857     9.832    design_1_i/myip_0/inst/mykernel/bram_output_addra0_carry__1_1
    SLICE_X44Y72         LUT4 (Prop_lut4_I2_O)        0.124     9.956 r  design_1_i/myip_0/inst/mykernel/bram_output_addra0_carry__1_i_5/O
                         net (fo=1, routed)           0.000     9.956    design_1_i/myip_0/inst/mykernel_n_20
    SLICE_X44Y72         CARRY4 (Prop_carry4_S[0]_O[2])
                                                      0.547    10.503 r  design_1_i/myip_0/inst/bram_output_addra0_carry__1/O[2]
                         net (fo=1, routed)           0.688    11.191    design_1_i/myip_0/inst/mykernel/bram_output_addra0[10]
    SLICE_X42Y71         LUT6 (Prop_lut6_I0_O)        0.302    11.493 r  design_1_i/myip_0/inst/mykernel/bram_addrb_outpupt_reg[10]_i_1/O
                         net (fo=3, routed)           1.037    12.530    design_1_i/myip_0/inst/myip_v1_0_S00_AXI_inst/D[10]
    SLICE_X33Y69         LUT3 (Prop_lut3_I2_O)        0.124    12.654 r  design_1_i/myip_0/inst/myip_v1_0_S00_AXI_inst/bramb_i_3/O
                         net (fo=2, routed)           0.582    13.236    design_1_i/myip_0/inst/bramb/U0/inst_blk_mem_gen/gnbram.gnativebmg.native_blk_mem_gen/valid.cstr/ramloop[0].ram.r/prim_noinit.ram/addra[10]
    RAMB18_X2Y27         RAMB18E1                                     r  design_1_i/myip_0/inst/bramb/U0/inst_blk_mem_gen/gnbram.gnativebmg.native_blk_mem_gen/valid.cstr/ramloop[0].ram.r/prim_noinit.ram/DEVICE_7SERIES.NO_BMM_INFO.TRUE_DP.SIMPLE_PRIM18.ram/ADDRARDADDR[13]
  -------------------------------------------------------------------    -------------------

                         (clock clk_fpga_0 rise edge)
                                                     40.000    40.000 r  
    PS7_X0Y0             PS7                          0.000    40.000 r  design_1_i/processing_system7_0/inst/PS7_i/FCLKCLK[0]
                         net (fo=1, routed)           1.088    41.088    design_1_i/processing_system7_0/inst/FCLK_CLK_unbuffered[0]
    BUFGCTRL_X0Y16       BUFG (Prop_bufg_I_O)         0.091    41.179 r  design_1_i/processing_system7_0/inst/buffer_fclk_clk_0.FCLK_CLK_0_BUFG/O
                         net (fo=2073, routed)        1.511    42.690    design_1_i/myip_0/inst/bramb/U0/inst_blk_mem_gen/gnbram.gnativebmg.native_blk_mem_gen/valid.cstr/ramloop[0].ram.r/prim_noinit.ram/clka
    RAMB18_X2Y27         RAMB18E1                                     r  design_1_i/myip_0/inst/bramb/U0/inst_blk_mem_gen/gnbram.gnativebmg.native_blk_mem_gen/valid.cstr/ramloop[0].ram.r/prim_noinit.ram/DEVICE_7SERIES.NO_BMM_INFO.TRUE_DP.SIMPLE_PRIM18.ram/CLKARDCLK
                         clock pessimism              0.229    42.919    
                         clock uncertainty           -0.601    42.318    
    RAMB18_X2Y27         RAMB18E1 (Setup_ramb18e1_CLKARDCLK_ADDRARDADDR[13])
                                                     -0.566    41.752    design_1_i/myip_0/inst/bramb/U0/inst_blk_mem_gen/gnbram.gnativebmg.native_blk_mem_gen/valid.cstr/ramloop[0].ram.r/prim_noinit.ram/DEVICE_7SERIES.NO_BMM_INFO.TRUE_DP.SIMPLE_PRIM18.ram
  -------------------------------------------------------------------
                         required time                         41.752    
                         arrival time                         -13.236    
  -------------------------------------------------------------------
                         slack                                 28.516    

Slack (MET) :             28.659ns  (required time - arrival time)
  Source:                 design_1_i/myip_0/inst/bramb/U0/inst_blk_mem_gen/gnbram.gnativebmg.native_blk_mem_gen/valid.cstr/ramloop[1].ram.r/prim_noinit.ram/DEVICE_7SERIES.NO_BMM_INFO.TRUE_DP.SIMPLE_PRIM36.ram/CLKARDCLK
                            (rising edge-triggered cell RAMB36E1 clocked by clk_fpga_0  {rise@0.000ns fall@20.000ns period=40.000ns})
  Destination:            design_1_i/myip_0/inst/brama/U0/inst_blk_mem_gen/gnbram.gnativebmg.native_blk_mem_gen/valid.cstr/ramloop[0].ram.r/prim_noinit.ram/DEVICE_7SERIES.NO_BMM_INFO.TRUE_DP.SIMPLE_PRIM18.ram/DIBDI[5]
                            (rising edge-triggered cell RAMB18E1 clocked by clk_fpga_0  {rise@0.000ns fall@20.000ns period=40.000ns})
  Path Group:             clk_fpga_0
  Path Type:              Setup (Max at Slow Process Corner)
  Requirement:            40.000ns  (clk_fpga_0 rise@40.000ns - clk_fpga_0 rise@0.000ns)
  Data Path Delay:        9.976ns  (logic 4.359ns (43.693%)  route 5.617ns (56.307%))
  Logic Levels:           8  (CARRY4=4 LUT2=1 LUT3=1 LUT4=1 LUT6=1)
  Clock Path Skew:        -0.027ns (DCD - SCD + CPR)
    Destination Clock Delay (DCD):    2.693ns = ( 42.693 - 40.000 ) 
    Source Clock Delay      (SCD):    2.983ns
    Clock Pessimism Removal (CPR):    0.263ns
  Clock Uncertainty:      0.601ns  ((TSJ^2 + TIJ^2)^1/2 + DJ) / 2 + PE
    Total System Jitter     (TSJ):    0.071ns
    Total Input Jitter      (TIJ):    1.200ns
    Discrete Jitter          (DJ):    0.000ns
    Phase Error              (PE):    0.000ns

    Location             Delay type                Incr(ns)  Path(ns)    Netlist Resource(s)
  -------------------------------------------------------------------    -------------------
                         (clock clk_fpga_0 rise edge)
                                                      0.000     0.000 r  
    PS7_X0Y0             PS7                          0.000     0.000 r  design_1_i/processing_system7_0/inst/PS7_i/FCLKCLK[0]
                         net (fo=1, routed)           1.193     1.193    design_1_i/processing_system7_0/inst/FCLK_CLK_unbuffered[0]
    BUFGCTRL_X0Y16       BUFG (Prop_bufg_I_O)         0.101     1.294 r  design_1_i/processing_system7_0/inst/buffer_fclk_clk_0.FCLK_CLK_0_BUFG/O
                         net (fo=2073, routed)        1.689     2.983    design_1_i/myip_0/inst/bramb/U0/inst_blk_mem_gen/gnbram.gnativebmg.native_blk_mem_gen/valid.cstr/ramloop[1].ram.r/prim_noinit.ram/clka
    RAMB36_X2Y12         RAMB36E1                                     r  design_1_i/myip_0/inst/bramb/U0/inst_blk_mem_gen/gnbram.gnativebmg.native_blk_mem_gen/valid.cstr/ramloop[1].ram.r/prim_noinit.ram/DEVICE_7SERIES.NO_BMM_INFO.TRUE_DP.SIMPLE_PRIM36.ram/CLKARDCLK
  -------------------------------------------------------------------    -------------------
    RAMB36_X2Y12         RAMB36E1 (Prop_ramb36e1_CLKARDCLK_DOADO[0])
                                                      2.454     5.437 r  design_1_i/myip_0/inst/bramb/U0/inst_blk_mem_gen/gnbram.gnativebmg.native_blk_mem_gen/valid.cstr/ramloop[1].ram.r/prim_noinit.ram/DEVICE_7SERIES.NO_BMM_INFO.TRUE_DP.SIMPLE_PRIM36.ram/DOADO[0]
                         net (fo=4, routed)           1.889     7.326    design_1_i/myip_0/inst/mykernel/acc_result_carry__2[9]
    SLICE_X32Y67         LUT4 (Prop_lut4_I0_O)        0.124     7.450 r  design_1_i/myip_0/inst/mykernel/acc_result_carry__1_i_7/O
                         net (fo=1, routed)           0.000     7.450    design_1_i/myip_0/inst/mykernel_n_67
    SLICE_X32Y67         CARRY4 (Prop_carry4_S[1]_CO[3])
                                                      0.533     7.983 r  design_1_i/myip_0/inst/acc_result_carry__1/CO[3]
                         net (fo=1, routed)           0.000     7.983    design_1_i/myip_0/inst/acc_result_carry__1_n_0
    SLICE_X32Y68         CARRY4 (Prop_carry4_CI_CO[3])
                                                      0.117     8.100 r  design_1_i/myip_0/inst/acc_result_carry__2/CO[3]
                         net (fo=1, routed)           0.000     8.100    design_1_i/myip_0/inst/acc_result_carry__2_n_0
    SLICE_X32Y69         CARRY4 (Prop_carry4_CI_CO[3])
                                                      0.117     8.217 r  design_1_i/myip_0/inst/acc_result_carry__3/CO[3]
                         net (fo=1, routed)           0.000     8.217    design_1_i/myip_0/inst/acc_result_carry__3_n_0
    SLICE_X32Y70         CARRY4 (Prop_carry4_CI_O[0])
                                                      0.219     8.436 f  design_1_i/myip_0/inst/acc_result_carry__4/O[0]
                         net (fo=3, routed)           1.112     9.548    design_1_i/myip_0/inst/acc_result_carry__4_n_7
    SLICE_X38Y71         LUT2 (Prop_lut2_I0_O)        0.323     9.871 f  design_1_i/myip_0/inst/brama_i_97/O
                         net (fo=6, routed)           1.589    11.460    design_1_i/myip_0/inst/brama_i_97_n_0
    SLICE_X30Y66         LUT6 (Prop_lut6_I2_O)        0.348    11.808 r  design_1_i/myip_0/inst/brama_i_77/O
                         net (fo=2, routed)           0.634    12.442    design_1_i/myip_0/inst/brama_i_77_n_0
    SLICE_X31Y66         LUT3 (Prop_lut3_I0_O)        0.124    12.566 r  design_1_i/myip_0/inst/brama_i_47/O
                         net (fo=1, routed)           0.394    12.960    design_1_i/myip_0/inst/brama/U0/inst_blk_mem_gen/gnbram.gnativebmg.native_blk_mem_gen/valid.cstr/ramloop[0].ram.r/prim_noinit.ram/dinb[5]
    RAMB18_X2Y26         RAMB18E1                                     r  design_1_i/myip_0/inst/brama/U0/inst_blk_mem_gen/gnbram.gnativebmg.native_blk_mem_gen/valid.cstr/ramloop[0].ram.r/prim_noinit.ram/DEVICE_7SERIES.NO_BMM_INFO.TRUE_DP.SIMPLE_PRIM18.ram/DIBDI[5]
  -------------------------------------------------------------------    -------------------

                         (clock clk_fpga_0 rise edge)
                                                     40.000    40.000 r  
    PS7_X0Y0             PS7                          0.000    40.000 r  design_1_i/processing_system7_0/inst/PS7_i/FCLKCLK[0]
                         net (fo=1, routed)           1.088    41.088    design_1_i/processing_system7_0/inst/FCLK_CLK_unbuffered[0]
    BUFGCTRL_X0Y16       BUFG (Prop_bufg_I_O)         0.091    41.179 r  design_1_i/processing_system7_0/inst/buffer_fclk_clk_0.FCLK_CLK_0_BUFG/O
                         net (fo=2073, routed)        1.514    42.693    design_1_i/myip_0/inst/brama/U0/inst_blk_mem_gen/gnbram.gnativebmg.native_blk_mem_gen/valid.cstr/ramloop[0].ram.r/prim_noinit.ram/clkb
    RAMB18_X2Y26         RAMB18E1                                     r  design_1_i/myip_0/inst/brama/U0/inst_blk_mem_gen/gnbram.gnativebmg.native_blk_mem_gen/valid.cstr/ramloop[0].ram.r/prim_noinit.ram/DEVICE_7SERIES.NO_BMM_INFO.TRUE_DP.SIMPLE_PRIM18.ram/CLKBWRCLK
                         clock pessimism              0.263    42.956    
                         clock uncertainty           -0.601    42.355    
    RAMB18_X2Y26         RAMB18E1 (Setup_ramb18e1_CLKBWRCLK_DIBDI[5])
                                                     -0.737    41.618    design_1_i/myip_0/inst/brama/U0/inst_blk_mem_gen/gnbram.gnativebmg.native_blk_mem_gen/valid.cstr/ramloop[0].ram.r/prim_noinit.ram/DEVICE_7SERIES.NO_BMM_INFO.TRUE_DP.SIMPLE_PRIM18.ram
  -------------------------------------------------------------------
                         required time                         41.618    
                         arrival time                         -12.960    
  -------------------------------------------------------------------
                         slack                                 28.659    

Slack (MET) :             28.659ns  (required time - arrival time)
  Source:                 design_1_i/myip_0/inst/bramb/U0/inst_blk_mem_gen/gnbram.gnativebmg.native_blk_mem_gen/valid.cstr/ramloop[1].ram.r/prim_noinit.ram/DEVICE_7SERIES.NO_BMM_INFO.TRUE_DP.SIMPLE_PRIM36.ram/CLKARDCLK
                            (rising edge-triggered cell RAMB36E1 clocked by clk_fpga_0  {rise@0.000ns fall@20.000ns period=40.000ns})
  Destination:            design_1_i/myip_0/inst/bramb/U0/inst_blk_mem_gen/gnbram.gnativebmg.native_blk_mem_gen/valid.cstr/ramloop[0].ram.r/prim_noinit.ram/DEVICE_7SERIES.NO_BMM_INFO.TRUE_DP.SIMPLE_PRIM18.ram/DIBDI[3]
                            (rising edge-triggered cell RAMB18E1 clocked by clk_fpga_0  {rise@0.000ns fall@20.000ns period=40.000ns})
  Path Group:             clk_fpga_0
  Path Type:              Setup (Max at Slow Process Corner)
  Requirement:            40.000ns  (clk_fpga_0 rise@40.000ns - clk_fpga_0 rise@0.000ns)
  Data Path Delay:        9.976ns  (logic 4.359ns (43.696%)  route 5.617ns (56.304%))
  Logic Levels:           8  (CARRY4=4 LUT2=1 LUT3=1 LUT4=1 LUT6=1)
  Clock Path Skew:        -0.027ns (DCD - SCD + CPR)
    Destination Clock Delay (DCD):    2.693ns = ( 42.693 - 40.000 ) 
    Source Clock Delay      (SCD):    2.983ns
    Clock Pessimism Removal (CPR):    0.263ns
  Clock Uncertainty:      0.601ns  ((TSJ^2 + TIJ^2)^1/2 + DJ) / 2 + PE
    Total System Jitter     (TSJ):    0.071ns
    Total Input Jitter      (TIJ):    1.200ns
    Discrete Jitter          (DJ):    0.000ns
    Phase Error              (PE):    0.000ns

    Location             Delay type                Incr(ns)  Path(ns)    Netlist Resource(s)
  -------------------------------------------------------------------    -------------------
                         (clock clk_fpga_0 rise edge)
                                                      0.000     0.000 r  
    PS7_X0Y0             PS7                          0.000     0.000 r  design_1_i/processing_system7_0/inst/PS7_i/FCLKCLK[0]
                         net (fo=1, routed)           1.193     1.193    design_1_i/processing_system7_0/inst/FCLK_CLK_unbuffered[0]
    BUFGCTRL_X0Y16       BUFG (Prop_bufg_I_O)         0.101     1.294 r  design_1_i/processing_system7_0/inst/buffer_fclk_clk_0.FCLK_CLK_0_BUFG/O
                         net (fo=2073, routed)        1.689     2.983    design_1_i/myip_0/inst/bramb/U0/inst_blk_mem_gen/gnbram.gnativebmg.native_blk_mem_gen/valid.cstr/ramloop[1].ram.r/prim_noinit.ram/clka
    RAMB36_X2Y12         RAMB36E1                                     r  design_1_i/myip_0/inst/bramb/U0/inst_blk_mem_gen/gnbram.gnativebmg.native_blk_mem_gen/valid.cstr/ramloop[1].ram.r/prim_noinit.ram/DEVICE_7SERIES.NO_BMM_INFO.TRUE_DP.SIMPLE_PRIM36.ram/CLKARDCLK
  -------------------------------------------------------------------    -------------------
    RAMB36_X2Y12         RAMB36E1 (Prop_ramb36e1_CLKARDCLK_DOADO[0])
                                                      2.454     5.437 r  design_1_i/myip_0/inst/bramb/U0/inst_blk_mem_gen/gnbram.gnativebmg.native_blk_mem_gen/valid.cstr/ramloop[1].ram.r/prim_noinit.ram/DEVICE_7SERIES.NO_BMM_INFO.TRUE_DP.SIMPLE_PRIM36.ram/DOADO[0]
                         net (fo=4, routed)           1.889     7.326    design_1_i/myip_0/inst/mykernel/acc_result_carry__2[9]
    SLICE_X32Y67         LUT4 (Prop_lut4_I0_O)        0.124     7.450 r  design_1_i/myip_0/inst/mykernel/acc_result_carry__1_i_7/O
                         net (fo=1, routed)           0.000     7.450    design_1_i/myip_0/inst/mykernel_n_67
    SLICE_X32Y67         CARRY4 (Prop_carry4_S[1]_CO[3])
                                                      0.533     7.983 r  design_1_i/myip_0/inst/acc_result_carry__1/CO[3]
                         net (fo=1, routed)           0.000     7.983    design_1_i/myip_0/inst/acc_result_carry__1_n_0
    SLICE_X32Y68         CARRY4 (Prop_carry4_CI_CO[3])
                                                      0.117     8.100 r  design_1_i/myip_0/inst/acc_result_carry__2/CO[3]
                         net (fo=1, routed)           0.000     8.100    design_1_i/myip_0/inst/acc_result_carry__2_n_0
    SLICE_X32Y69         CARRY4 (Prop_carry4_CI_CO[3])
                                                      0.117     8.217 r  design_1_i/myip_0/inst/acc_result_carry__3/CO[3]
                         net (fo=1, routed)           0.000     8.217    design_1_i/myip_0/inst/acc_result_carry__3_n_0
    SLICE_X32Y70         CARRY4 (Prop_carry4_CI_O[0])
                                                      0.219     8.436 f  design_1_i/myip_0/inst/acc_result_carry__4/O[0]
                         net (fo=3, routed)           1.112     9.548    design_1_i/myip_0/inst/acc_result_carry__4_n_7
    SLICE_X38Y71         LUT2 (Prop_lut2_I0_O)        0.323     9.871 f  design_1_i/myip_0/inst/brama_i_97/O
                         net (fo=6, routed)           1.613    11.484    design_1_i/myip_0/inst/brama_i_97_n_0
    SLICE_X29Y66         LUT6 (Prop_lut6_I2_O)        0.348    11.832 r  design_1_i/myip_0/inst/brama_i_79/O
                         net (fo=2, routed)           0.328    12.160    design_1_i/myip_0/inst/brama_i_79_n_0
    SLICE_X30Y65         LUT3 (Prop_lut3_I2_O)        0.124    12.284 r  design_1_i/myip_0/inst/bramb_i_43/O
                         net (fo=1, routed)           0.675    12.959    design_1_i/myip_0/inst/bramb/U0/inst_blk_mem_gen/gnbram.gnativebmg.native_blk_mem_gen/valid.cstr/ramloop[0].ram.r/prim_noinit.ram/dinb[3]
    RAMB18_X2Y27         RAMB18E1                                     r  design_1_i/myip_0/inst/bramb/U0/inst_blk_mem_gen/gnbram.gnativebmg.native_blk_mem_gen/valid.cstr/ramloop[0].ram.r/prim_noinit.ram/DEVICE_7SERIES.NO_BMM_INFO.TRUE_DP.SIMPLE_PRIM18.ram/DIBDI[3]
  -------------------------------------------------------------------    -------------------

                         (clock clk_fpga_0 rise edge)
                                                     40.000    40.000 r  
    PS7_X0Y0             PS7                          0.000    40.000 r  design_1_i/processing_system7_0/inst/PS7_i/FCLKCLK[0]
                         net (fo=1, routed)           1.088    41.088    design_1_i/processing_system7_0/inst/FCLK_CLK_unbuffered[0]
    BUFGCTRL_X0Y16       BUFG (Prop_bufg_I_O)         0.091    41.179 r  design_1_i/processing_system7_0/inst/buffer_fclk_clk_0.FCLK_CLK_0_BUFG/O
                         net (fo=2073, routed)        1.514    42.693    design_1_i/myip_0/inst/bramb/U0/inst_blk_mem_gen/gnbram.gnativebmg.native_blk_mem_gen/valid.cstr/ramloop[0].ram.r/prim_noinit.ram/clkb
    RAMB18_X2Y27         RAMB18E1                                     r  design_1_i/myip_0/inst/bramb/U0/inst_blk_mem_gen/gnbram.gnativebmg.native_blk_mem_gen/valid.cstr/ramloop[0].ram.r/prim_noinit.ram/DEVICE_7SERIES.NO_BMM_INFO.TRUE_DP.SIMPLE_PRIM18.ram/CLKBWRCLK
                         clock pessimism              0.263    42.956    
                         clock uncertainty           -0.601    42.355    
    RAMB18_X2Y27         RAMB18E1 (Setup_ramb18e1_CLKBWRCLK_DIBDI[3])
                                                     -0.737    41.618    design_1_i/myip_0/inst/bramb/U0/inst_blk_mem_gen/gnbram.gnativebmg.native_blk_mem_gen/valid.cstr/ramloop[0].ram.r/prim_noinit.ram/DEVICE_7SERIES.NO_BMM_INFO.TRUE_DP.SIMPLE_PRIM18.ram
  -------------------------------------------------------------------
                         required time                         41.618    
                         arrival time                         -12.959    
  -------------------------------------------------------------------
                         slack                                 28.659    

Slack (MET) :             28.659ns  (required time - arrival time)
  Source:                 design_1_i/myip_0/inst/bramb/U0/inst_blk_mem_gen/gnbram.gnativebmg.native_blk_mem_gen/valid.cstr/ramloop[1].ram.r/prim_noinit.ram/DEVICE_7SERIES.NO_BMM_INFO.TRUE_DP.SIMPLE_PRIM36.ram/CLKARDCLK
                            (rising edge-triggered cell RAMB36E1 clocked by clk_fpga_0  {rise@0.000ns fall@20.000ns period=40.000ns})
  Destination:            design_1_i/myip_0/inst/bramb/U0/inst_blk_mem_gen/gnbram.gnativebmg.native_blk_mem_gen/valid.cstr/ramloop[0].ram.r/prim_noinit.ram/DEVICE_7SERIES.NO_BMM_INFO.TRUE_DP.SIMPLE_PRIM18.ram/DIBDI[5]
                            (rising edge-triggered cell RAMB18E1 clocked by clk_fpga_0  {rise@0.000ns fall@20.000ns period=40.000ns})
  Path Group:             clk_fpga_0
  Path Type:              Setup (Max at Slow Process Corner)
  Requirement:            40.000ns  (clk_fpga_0 rise@40.000ns - clk_fpga_0 rise@0.000ns)
  Data Path Delay:        9.976ns  (logic 4.359ns (43.697%)  route 5.617ns (56.303%))
  Logic Levels:           8  (CARRY4=4 LUT2=1 LUT3=1 LUT4=1 LUT6=1)
  Clock Path Skew:        -0.027ns (DCD - SCD + CPR)
    Destination Clock Delay (DCD):    2.693ns = ( 42.693 - 40.000 ) 
    Source Clock Delay      (SCD):    2.983ns
    Clock Pessimism Removal (CPR):    0.263ns
  Clock Uncertainty:      0.601ns  ((TSJ^2 + TIJ^2)^1/2 + DJ) / 2 + PE
    Total System Jitter     (TSJ):    0.071ns
    Total Input Jitter      (TIJ):    1.200ns
    Discrete Jitter          (DJ):    0.000ns
    Phase Error              (PE):    0.000ns

    Location             Delay type                Incr(ns)  Path(ns)    Netlist Resource(s)
  -------------------------------------------------------------------    -------------------
                         (clock clk_fpga_0 rise edge)
                                                      0.000     0.000 r  
    PS7_X0Y0             PS7                          0.000     0.000 r  design_1_i/processing_system7_0/inst/PS7_i/FCLKCLK[0]
                         net (fo=1, routed)           1.193     1.193    design_1_i/processing_system7_0/inst/FCLK_CLK_unbuffered[0]
    BUFGCTRL_X0Y16       BUFG (Prop_bufg_I_O)         0.101     1.294 r  design_1_i/processing_system7_0/inst/buffer_fclk_clk_0.FCLK_CLK_0_BUFG/O
                         net (fo=2073, routed)        1.689     2.983    design_1_i/myip_0/inst/bramb/U0/inst_blk_mem_gen/gnbram.gnativebmg.native_blk_mem_gen/valid.cstr/ramloop[1].ram.r/prim_noinit.ram/clka
    RAMB36_X2Y12         RAMB36E1                                     r  design_1_i/myip_0/inst/bramb/U0/inst_blk_mem_gen/gnbram.gnativebmg.native_blk_mem_gen/valid.cstr/ramloop[1].ram.r/prim_noinit.ram/DEVICE_7SERIES.NO_BMM_INFO.TRUE_DP.SIMPLE_PRIM36.ram/CLKARDCLK
  -------------------------------------------------------------------    -------------------
    RAMB36_X2Y12         RAMB36E1 (Prop_ramb36e1_CLKARDCLK_DOADO[0])
                                                      2.454     5.437 r  design_1_i/myip_0/inst/bramb/U0/inst_blk_mem_gen/gnbram.gnativebmg.native_blk_mem_gen/valid.cstr/ramloop[1].ram.r/prim_noinit.ram/DEVICE_7SERIES.NO_BMM_INFO.TRUE_DP.SIMPLE_PRIM36.ram/DOADO[0]
                         net (fo=4, routed)           1.889     7.326    design_1_i/myip_0/inst/mykernel/acc_result_carry__2[9]
    SLICE_X32Y67         LUT4 (Prop_lut4_I0_O)        0.124     7.450 r  design_1_i/myip_0/inst/mykernel/acc_result_carry__1_i_7/O
                         net (fo=1, routed)           0.000     7.450    design_1_i/myip_0/inst/mykernel_n_67
    SLICE_X32Y67         CARRY4 (Prop_carry4_S[1]_CO[3])
                                                      0.533     7.983 r  design_1_i/myip_0/inst/acc_result_carry__1/CO[3]
                         net (fo=1, routed)           0.000     7.983    design_1_i/myip_0/inst/acc_result_carry__1_n_0
    SLICE_X32Y68         CARRY4 (Prop_carry4_CI_CO[3])
                                                      0.117     8.100 r  design_1_i/myip_0/inst/acc_result_carry__2/CO[3]
                         net (fo=1, routed)           0.000     8.100    design_1_i/myip_0/inst/acc_result_carry__2_n_0
    SLICE_X32Y69         CARRY4 (Prop_carry4_CI_CO[3])
                                                      0.117     8.217 r  design_1_i/myip_0/inst/acc_result_carry__3/CO[3]
                         net (fo=1, routed)           0.000     8.217    design_1_i/myip_0/inst/acc_result_carry__3_n_0
    SLICE_X32Y70         CARRY4 (Prop_carry4_CI_O[0])
                                                      0.219     8.436 f  design_1_i/myip_0/inst/acc_result_carry__4/O[0]
                         net (fo=3, routed)           1.112     9.548    design_1_i/myip_0/inst/acc_result_carry__4_n_7
    SLICE_X38Y71         LUT2 (Prop_lut2_I0_O)        0.323     9.871 f  design_1_i/myip_0/inst/brama_i_97/O
                         net (fo=6, routed)           1.589    11.460    design_1_i/myip_0/inst/brama_i_97_n_0
    SLICE_X30Y66         LUT6 (Prop_lut6_I2_O)        0.348    11.808 r  design_1_i/myip_0/inst/brama_i_77/O
                         net (fo=2, routed)           0.350    12.158    design_1_i/myip_0/inst/brama_i_77_n_0
    SLICE_X31Y66         LUT3 (Prop_lut3_I2_O)        0.124    12.282 r  design_1_i/myip_0/inst/bramb_i_41/O
                         net (fo=1, routed)           0.677    12.959    design_1_i/myip_0/inst/bramb/U0/inst_blk_mem_gen/gnbram.gnativebmg.native_blk_mem_gen/valid.cstr/ramloop[0].ram.r/prim_noinit.ram/dinb[5]
    RAMB18_X2Y27         RAMB18E1                                     r  design_1_i/myip_0/inst/bramb/U0/inst_blk_mem_gen/gnbram.gnativebmg.native_blk_mem_gen/valid.cstr/ramloop[0].ram.r/prim_noinit.ram/DEVICE_7SERIES.NO_BMM_INFO.TRUE_DP.SIMPLE_PRIM18.ram/DIBDI[5]
  -------------------------------------------------------------------    -------------------

                         (clock clk_fpga_0 rise edge)
                                                     40.000    40.000 r  
    PS7_X0Y0             PS7                          0.000    40.000 r  design_1_i/processing_system7_0/inst/PS7_i/FCLKCLK[0]
                         net (fo=1, routed)           1.088    41.088    design_1_i/processing_system7_0/inst/FCLK_CLK_unbuffered[0]
    BUFGCTRL_X0Y16       BUFG (Prop_bufg_I_O)         0.091    41.179 r  design_1_i/processing_system7_0/inst/buffer_fclk_clk_0.FCLK_CLK_0_BUFG/O
                         net (fo=2073, routed)        1.514    42.693    design_1_i/myip_0/inst/bramb/U0/inst_blk_mem_gen/gnbram.gnativebmg.native_blk_mem_gen/valid.cstr/ramloop[0].ram.r/prim_noinit.ram/clkb
    RAMB18_X2Y27         RAMB18E1                                     r  design_1_i/myip_0/inst/bramb/U0/inst_blk_mem_gen/gnbram.gnativebmg.native_blk_mem_gen/valid.cstr/ramloop[0].ram.r/prim_noinit.ram/DEVICE_7SERIES.NO_BMM_INFO.TRUE_DP.SIMPLE_PRIM18.ram/CLKBWRCLK
                         clock pessimism              0.263    42.956    
                         clock uncertainty           -0.601    42.355    
    RAMB18_X2Y27         RAMB18E1 (Setup_ramb18e1_CLKBWRCLK_DIBDI[5])
                                                     -0.737    41.618    design_1_i/myip_0/inst/bramb/U0/inst_blk_mem_gen/gnbram.gnativebmg.native_blk_mem_gen/valid.cstr/ramloop[0].ram.r/prim_noinit.ram/DEVICE_7SERIES.NO_BMM_INFO.TRUE_DP.SIMPLE_PRIM18.ram
  -------------------------------------------------------------------
                         required time                         41.618    
                         arrival time                         -12.959    
  -------------------------------------------------------------------
                         slack                                 28.659    

Slack (MET) :             28.691ns  (required time - arrival time)
  Source:                 design_1_i/myip_0/inst/mode_reg[1]/C
                            (rising edge-triggered cell FDRE clocked by clk_fpga_0  {rise@0.000ns fall@20.000ns period=40.000ns})
  Destination:            design_1_i/myip_0/inst/brama/U0/inst_blk_mem_gen/gnbram.gnativebmg.native_blk_mem_gen/valid.cstr/ramloop[1].ram.r/prim_noinit.ram/DEVICE_7SERIES.NO_BMM_INFO.TRUE_DP.SIMPLE_PRIM36.ram/ADDRARDADDR[14]
                            (rising edge-triggered cell RAMB36E1 clocked by clk_fpga_0  {rise@0.000ns fall@20.000ns period=40.000ns})
  Path Group:             clk_fpga_0
  Path Type:              Setup (Max at Slow Process Corner)
  Requirement:            40.000ns  (clk_fpga_0 rise@40.000ns - clk_fpga_0 rise@0.000ns)
  Data Path Delay:        10.124ns  (logic 2.469ns (24.387%)  route 7.655ns (75.613%))
  Logic Levels:           7  (CARRY4=1 LUT3=2 LUT4=2 LUT5=1 LUT6=1)
  Clock Path Skew:        -0.018ns (DCD - SCD + CPR)
    Destination Clock Delay (DCD):    2.685ns = ( 42.685 - 40.000 ) 
    Source Clock Delay      (SCD):    2.932ns
    Clock Pessimism Removal (CPR):    0.229ns
  Clock Uncertainty:      0.601ns  ((TSJ^2 + TIJ^2)^1/2 + DJ) / 2 + PE
    Total System Jitter     (TSJ):    0.071ns
    Total Input Jitter      (TIJ):    1.200ns
    Discrete Jitter          (DJ):    0.000ns
    Phase Error              (PE):    0.000ns

    Location             Delay type                Incr(ns)  Path(ns)    Netlist Resource(s)
  -------------------------------------------------------------------    -------------------
                         (clock clk_fpga_0 rise edge)
                                                      0.000     0.000 r  
    PS7_X0Y0             PS7                          0.000     0.000 r  design_1_i/processing_system7_0/inst/PS7_i/FCLKCLK[0]
                         net (fo=1, routed)           1.193     1.193    design_1_i/processing_system7_0/inst/FCLK_CLK_unbuffered[0]
    BUFGCTRL_X0Y16       BUFG (Prop_bufg_I_O)         0.101     1.294 r  design_1_i/processing_system7_0/inst/buffer_fclk_clk_0.FCLK_CLK_0_BUFG/O
                         net (fo=2073, routed)        1.638     2.932    design_1_i/myip_0/inst/s00_axi_aclk
    SLICE_X36Y71         FDRE                                         r  design_1_i/myip_0/inst/mode_reg[1]/C
  -------------------------------------------------------------------    -------------------
    SLICE_X36Y71         FDRE (Prop_fdre_C_Q)         0.518     3.450 r  design_1_i/myip_0/inst/mode_reg[1]/Q
                         net (fo=63, routed)          2.394     5.844    design_1_i/myip_0/inst/mykernel/data15_reg[6]_0
    SLICE_X36Y66         LUT3 (Prop_lut3_I2_O)        0.152     5.996 r  design_1_i/myip_0/inst/mykernel/one_input_channel_done0_carry_i_11/O
                         net (fo=7, routed)           1.684     7.680    design_1_i/myip_0/inst/mykernel_n_27
    SLICE_X45Y71         LUT5 (Prop_lut5_I1_O)        0.376     8.056 r  design_1_i/myip_0/inst/bram_output_addra0_carry__1_i_7/O
                         net (fo=3, routed)           0.594     8.650    design_1_i/myip_0/inst/bram_output_addra0_carry__1_i_7_n_0
    SLICE_X45Y72         LUT4 (Prop_lut4_I0_O)        0.326     8.976 r  design_1_i/myip_0/inst/bram_output_addra0_carry__1_i_10/O
                         net (fo=2, routed)           0.857     9.832    design_1_i/myip_0/inst/mykernel/bram_output_addra0_carry__1_1
    SLICE_X44Y72         LUT4 (Prop_lut4_I2_O)        0.124     9.956 r  design_1_i/myip_0/inst/mykernel/bram_output_addra0_carry__1_i_5/O
                         net (fo=1, routed)           0.000     9.956    design_1_i/myip_0/inst/mykernel_n_20
    SLICE_X44Y72         CARRY4 (Prop_carry4_S[0]_O[2])
                                                      0.547    10.503 r  design_1_i/myip_0/inst/bram_output_addra0_carry__1/O[2]
                         net (fo=1, routed)           0.688    11.191    design_1_i/myip_0/inst/mykernel/bram_output_addra0[10]
    SLICE_X42Y71         LUT6 (Prop_lut6_I0_O)        0.302    11.493 r  design_1_i/myip_0/inst/mykernel/bram_addrb_outpupt_reg[10]_i_1/O
                         net (fo=3, routed)           0.614    12.107    design_1_i/myip_0/inst/mykernel/D[10]
    SLICE_X36Y69         LUT3 (Prop_lut3_I0_O)        0.124    12.231 r  design_1_i/myip_0/inst/mykernel/brama_i_3/O
                         net (fo=2, routed)           0.825    13.056    design_1_i/myip_0/inst/brama/U0/inst_blk_mem_gen/gnbram.gnativebmg.native_blk_mem_gen/valid.cstr/ramloop[1].ram.r/prim_noinit.ram/addra[10]
    RAMB36_X2Y14         RAMB36E1                                     r  design_1_i/myip_0/inst/brama/U0/inst_blk_mem_gen/gnbram.gnativebmg.native_blk_mem_gen/valid.cstr/ramloop[1].ram.r/prim_noinit.ram/DEVICE_7SERIES.NO_BMM_INFO.TRUE_DP.SIMPLE_PRIM36.ram/ADDRARDADDR[14]
  -------------------------------------------------------------------    -------------------

                         (clock clk_fpga_0 rise edge)
                                                     40.000    40.000 r  
    PS7_X0Y0             PS7                          0.000    40.000 r  design_1_i/processing_system7_0/inst/PS7_i/FCLKCLK[0]
                         net (fo=1, routed)           1.088    41.088    design_1_i/processing_system7_0/inst/FCLK_CLK_unbuffered[0]
    BUFGCTRL_X0Y16       BUFG (Prop_bufg_I_O)         0.091    41.179 r  design_1_i/processing_system7_0/inst/buffer_fclk_clk_0.FCLK_CLK_0_BUFG/O
                         net (fo=2073, routed)        1.506    42.685    design_1_i/myip_0/inst/brama/U0/inst_blk_mem_gen/gnbram.gnativebmg.native_blk_mem_gen/valid.cstr/ramloop[1].ram.r/prim_noinit.ram/clka
    RAMB36_X2Y14         RAMB36E1                                     r  design_1_i/myip_0/inst/brama/U0/inst_blk_mem_gen/gnbram.gnativebmg.native_blk_mem_gen/valid.cstr/ramloop[1].ram.r/prim_noinit.ram/DEVICE_7SERIES.NO_BMM_INFO.TRUE_DP.SIMPLE_PRIM36.ram/CLKARDCLK
                         clock pessimism              0.229    42.914    
                         clock uncertainty           -0.601    42.313    
    RAMB36_X2Y14         RAMB36E1 (Setup_ramb36e1_CLKARDCLK_ADDRARDADDR[14])
                                                     -0.566    41.747    design_1_i/myip_0/inst/brama/U0/inst_blk_mem_gen/gnbram.gnativebmg.native_blk_mem_gen/valid.cstr/ramloop[1].ram.r/prim_noinit.ram/DEVICE_7SERIES.NO_BMM_INFO.TRUE_DP.SIMPLE_PRIM36.ram
  -------------------------------------------------------------------
                         required time                         41.747    
                         arrival time                         -13.056    
  -------------------------------------------------------------------
                         slack                                 28.691    





Min Delay Paths
--------------------------------------------------------------------------------------
Slack (MET) :             0.054ns  (arrival time - required time)
  Source:                 design_1_i/ps7_0_axi_periph/m00_couplers/auto_pc/inst/gen_axilite.gen_b2s_conv.axilite_b2s/SI_REG/b.b_pipe/skid_buffer_reg[5]/C
                            (rising edge-triggered cell FDRE clocked by clk_fpga_0  {rise@0.000ns fall@20.000ns period=40.000ns})
  Destination:            design_1_i/ps7_0_axi_periph/m00_couplers/auto_pc/inst/gen_axilite.gen_b2s_conv.axilite_b2s/SI_REG/b.b_pipe/m_payload_i_reg[5]/D
                            (rising edge-triggered cell FDRE clocked by clk_fpga_0  {rise@0.000ns fall@20.000ns period=40.000ns})
  Path Group:             clk_fpga_0
  Path Type:              Hold (Min at Fast Process Corner)
  Requirement:            0.000ns  (clk_fpga_0 rise@0.000ns - clk_fpga_0 rise@0.000ns)
  Data Path Delay:        0.428ns  (logic 0.206ns (48.083%)  route 0.222ns (51.917%))
  Logic Levels:           1  (LUT3=1)
  Clock Path Skew:        0.267ns (DCD - SCD - CPR)
    Destination Clock Delay (DCD):    1.191ns
    Source Clock Delay      (SCD):    0.889ns
    Clock Pessimism Removal (CPR):    0.035ns

    Location             Delay type                Incr(ns)  Path(ns)    Netlist Resource(s)
  -------------------------------------------------------------------    -------------------
                         (clock clk_fpga_0 rise edge)
                                                      0.000     0.000 r  
    PS7_X0Y0             PS7                          0.000     0.000 r  design_1_i/processing_system7_0/inst/PS7_i/FCLKCLK[0]
                         net (fo=1, routed)           0.310     0.310    design_1_i/processing_system7_0/inst/FCLK_CLK_unbuffered[0]
    BUFGCTRL_X0Y16       BUFG (Prop_bufg_I_O)         0.026     0.336 r  design_1_i/processing_system7_0/inst/buffer_fclk_clk_0.FCLK_CLK_0_BUFG/O
                         net (fo=2073, routed)        0.553     0.889    design_1_i/ps7_0_axi_periph/m00_couplers/auto_pc/inst/gen_axilite.gen_b2s_conv.axilite_b2s/SI_REG/b.b_pipe/aclk
    SLICE_X50Y98         FDRE                                         r  design_1_i/ps7_0_axi_periph/m00_couplers/auto_pc/inst/gen_axilite.gen_b2s_conv.axilite_b2s/SI_REG/b.b_pipe/skid_buffer_reg[5]/C
  -------------------------------------------------------------------    -------------------
    SLICE_X50Y98         FDRE (Prop_fdre_C_Q)         0.164     1.053 r  design_1_i/ps7_0_axi_periph/m00_couplers/auto_pc/inst/gen_axilite.gen_b2s_conv.axilite_b2s/SI_REG/b.b_pipe/skid_buffer_reg[5]/Q
                         net (fo=1, routed)           0.222     1.275    design_1_i/ps7_0_axi_periph/m00_couplers/auto_pc/inst/gen_axilite.gen_b2s_conv.axilite_b2s/SI_REG/b.b_pipe/skid_buffer_reg_n_0_[5]
    SLICE_X49Y98         LUT3 (Prop_lut3_I2_O)        0.042     1.317 r  design_1_i/ps7_0_axi_periph/m00_couplers/auto_pc/inst/gen_axilite.gen_b2s_conv.axilite_b2s/SI_REG/b.b_pipe/m_payload_i[5]_i_1__1/O
                         net (fo=1, routed)           0.000     1.317    design_1_i/ps7_0_axi_periph/m00_couplers/auto_pc/inst/gen_axilite.gen_b2s_conv.axilite_b2s/SI_REG/b.b_pipe/m_payload_i[5]_i_1__1_n_0
    SLICE_X49Y98         FDRE                                         r  design_1_i/ps7_0_axi_periph/m00_couplers/auto_pc/inst/gen_axilite.gen_b2s_conv.axilite_b2s/SI_REG/b.b_pipe/m_payload_i_reg[5]/D
  -------------------------------------------------------------------    -------------------

                         (clock clk_fpga_0 rise edge)
                                                      0.000     0.000 r  
    PS7_X0Y0             PS7                          0.000     0.000 r  design_1_i/processing_system7_0/inst/PS7_i/FCLKCLK[0]
                         net (fo=1, routed)           0.337     0.337    design_1_i/processing_system7_0/inst/FCLK_CLK_unbuffered[0]
    BUFGCTRL_X0Y16       BUFG (Prop_bufg_I_O)         0.029     0.366 r  design_1_i/processing_system7_0/inst/buffer_fclk_clk_0.FCLK_CLK_0_BUFG/O
                         net (fo=2073, routed)        0.825     1.191    design_1_i/ps7_0_axi_periph/m00_couplers/auto_pc/inst/gen_axilite.gen_b2s_conv.axilite_b2s/SI_REG/b.b_pipe/aclk
    SLICE_X49Y98         FDRE                                         r  design_1_i/ps7_0_axi_periph/m00_couplers/auto_pc/inst/gen_axilite.gen_b2s_conv.axilite_b2s/SI_REG/b.b_pipe/m_payload_i_reg[5]/C
                         clock pessimism             -0.035     1.156    
    SLICE_X49Y98         FDRE (Hold_fdre_C_D)         0.107     1.263    design_1_i/ps7_0_axi_periph/m00_couplers/auto_pc/inst/gen_axilite.gen_b2s_conv.axilite_b2s/SI_REG/b.b_pipe/m_payload_i_reg[5]
  -------------------------------------------------------------------
                         required time                         -1.263    
                         arrival time                           1.317    
  -------------------------------------------------------------------
                         slack                                  0.054    

Slack (MET) :             0.067ns  (arrival time - required time)
  Source:                 design_1_i/myip_0/inst/myip_v1_0_S00_AXI_inst/axi_rdata_reg[24]/C
                            (rising edge-triggered cell FDRE clocked by clk_fpga_0  {rise@0.000ns fall@20.000ns period=40.000ns})
  Destination:            design_1_i/ps7_0_axi_periph/m00_couplers/auto_pc/inst/gen_axilite.gen_b2s_conv.axilite_b2s/RD.r_channel_0/rd_data_fifo_0/memory_reg[31][24]_srl32/D
                            (rising edge-triggered cell SRLC32E clocked by clk_fpga_0  {rise@0.000ns fall@20.000ns period=40.000ns})
  Path Group:             clk_fpga_0
  Path Type:              Hold (Min at Fast Process Corner)
  Requirement:            0.000ns  (clk_fpga_0 rise@0.000ns - clk_fpga_0 rise@0.000ns)
  Data Path Delay:        0.197ns  (logic 0.141ns (71.611%)  route 0.056ns (28.389%))
  Logic Levels:           0  
  Clock Path Skew:        0.013ns (DCD - SCD - CPR)
    Destination Clock Delay (DCD):    1.210ns
    Source Clock Delay      (SCD):    0.910ns
    Clock Pessimism Removal (CPR):    0.287ns

    Location             Delay type                Incr(ns)  Path(ns)    Netlist Resource(s)
  -------------------------------------------------------------------    -------------------
                         (clock clk_fpga_0 rise edge)
                                                      0.000     0.000 r  
    PS7_X0Y0             PS7                          0.000     0.000 r  design_1_i/processing_system7_0/inst/PS7_i/FCLKCLK[0]
                         net (fo=1, routed)           0.310     0.310    design_1_i/processing_system7_0/inst/FCLK_CLK_unbuffered[0]
    BUFGCTRL_X0Y16       BUFG (Prop_bufg_I_O)         0.026     0.336 r  design_1_i/processing_system7_0/inst/buffer_fclk_clk_0.FCLK_CLK_0_BUFG/O
                         net (fo=2073, routed)        0.574     0.910    design_1_i/myip_0/inst/myip_v1_0_S00_AXI_inst/s00_axi_aclk
    SLICE_X27Y97         FDRE                                         r  design_1_i/myip_0/inst/myip_v1_0_S00_AXI_inst/axi_rdata_reg[24]/C
  -------------------------------------------------------------------    -------------------
    SLICE_X27Y97         FDRE (Prop_fdre_C_Q)         0.141     1.051 r  design_1_i/myip_0/inst/myip_v1_0_S00_AXI_inst/axi_rdata_reg[24]/Q
                         net (fo=1, routed)           0.056     1.106    design_1_i/ps7_0_axi_periph/m00_couplers/auto_pc/inst/gen_axilite.gen_b2s_conv.axilite_b2s/RD.r_channel_0/rd_data_fifo_0/in[24]
    SLICE_X26Y97         SRLC32E                                      r  design_1_i/ps7_0_axi_periph/m00_couplers/auto_pc/inst/gen_axilite.gen_b2s_conv.axilite_b2s/RD.r_channel_0/rd_data_fifo_0/memory_reg[31][24]_srl32/D
  -------------------------------------------------------------------    -------------------

                         (clock clk_fpga_0 rise edge)
                                                      0.000     0.000 r  
    PS7_X0Y0             PS7                          0.000     0.000 r  design_1_i/processing_system7_0/inst/PS7_i/FCLKCLK[0]
                         net (fo=1, routed)           0.337     0.337    design_1_i/processing_system7_0/inst/FCLK_CLK_unbuffered[0]
    BUFGCTRL_X0Y16       BUFG (Prop_bufg_I_O)         0.029     0.366 r  design_1_i/processing_system7_0/inst/buffer_fclk_clk_0.FCLK_CLK_0_BUFG/O
                         net (fo=2073, routed)        0.844     1.210    design_1_i/ps7_0_axi_periph/m00_couplers/auto_pc/inst/gen_axilite.gen_b2s_conv.axilite_b2s/RD.r_channel_0/rd_data_fifo_0/aclk
    SLICE_X26Y97         SRLC32E                                      r  design_1_i/ps7_0_axi_periph/m00_couplers/auto_pc/inst/gen_axilite.gen_b2s_conv.axilite_b2s/RD.r_channel_0/rd_data_fifo_0/memory_reg[31][24]_srl32/CLK
                         clock pessimism             -0.287     0.923    
    SLICE_X26Y97         SRLC32E (Hold_srlc32e_CLK_D)
                                                      0.117     1.040    design_1_i/ps7_0_axi_periph/m00_couplers/auto_pc/inst/gen_axilite.gen_b2s_conv.axilite_b2s/RD.r_channel_0/rd_data_fifo_0/memory_reg[31][24]_srl32
  -------------------------------------------------------------------
                         required time                         -1.040    
                         arrival time                           1.106    
  -------------------------------------------------------------------
                         slack                                  0.067    

Slack (MET) :             0.092ns  (arrival time - required time)
  Source:                 design_1_i/myip_0/inst/myip_v1_0_S00_AXI_inst/axi_rdata_reg[9]/C
                            (rising edge-triggered cell FDRE clocked by clk_fpga_0  {rise@0.000ns fall@20.000ns period=40.000ns})
  Destination:            design_1_i/ps7_0_axi_periph/m00_couplers/auto_pc/inst/gen_axilite.gen_b2s_conv.axilite_b2s/RD.r_channel_0/rd_data_fifo_0/memory_reg[31][9]_srl32/D
                            (rising edge-triggered cell SRLC32E clocked by clk_fpga_0  {rise@0.000ns fall@20.000ns period=40.000ns})
  Path Group:             clk_fpga_0
  Path Type:              Hold (Min at Fast Process Corner)
  Requirement:            0.000ns  (clk_fpga_0 rise@0.000ns - clk_fpga_0 rise@0.000ns)
  Data Path Delay:        0.311ns  (logic 0.141ns (45.317%)  route 0.170ns (54.683%))
  Logic Levels:           0  
  Clock Path Skew:        0.036ns (DCD - SCD - CPR)
    Destination Clock Delay (DCD):    1.209ns
    Source Clock Delay      (SCD):    0.909ns
    Clock Pessimism Removal (CPR):    0.264ns

    Location             Delay type                Incr(ns)  Path(ns)    Netlist Resource(s)
  -------------------------------------------------------------------    -------------------
                         (clock clk_fpga_0 rise edge)
                                                      0.000     0.000 r  
    PS7_X0Y0             PS7                          0.000     0.000 r  design_1_i/processing_system7_0/inst/PS7_i/FCLKCLK[0]
                         net (fo=1, routed)           0.310     0.310    design_1_i/processing_system7_0/inst/FCLK_CLK_unbuffered[0]
    BUFGCTRL_X0Y16       BUFG (Prop_bufg_I_O)         0.026     0.336 r  design_1_i/processing_system7_0/inst/buffer_fclk_clk_0.FCLK_CLK_0_BUFG/O
                         net (fo=2073, routed)        0.573     0.909    design_1_i/myip_0/inst/myip_v1_0_S00_AXI_inst/s00_axi_aclk
    SLICE_X27Y93         FDRE                                         r  design_1_i/myip_0/inst/myip_v1_0_S00_AXI_inst/axi_rdata_reg[9]/C
  -------------------------------------------------------------------    -------------------
    SLICE_X27Y93         FDRE (Prop_fdre_C_Q)         0.141     1.050 r  design_1_i/myip_0/inst/myip_v1_0_S00_AXI_inst/axi_rdata_reg[9]/Q
                         net (fo=1, routed)           0.170     1.220    design_1_i/ps7_0_axi_periph/m00_couplers/auto_pc/inst/gen_axilite.gen_b2s_conv.axilite_b2s/RD.r_channel_0/rd_data_fifo_0/in[9]
    SLICE_X30Y92         SRLC32E                                      r  design_1_i/ps7_0_axi_periph/m00_couplers/auto_pc/inst/gen_axilite.gen_b2s_conv.axilite_b2s/RD.r_channel_0/rd_data_fifo_0/memory_reg[31][9]_srl32/D
  -------------------------------------------------------------------    -------------------

                         (clock clk_fpga_0 rise edge)
                                                      0.000     0.000 r  
    PS7_X0Y0             PS7                          0.000     0.000 r  design_1_i/processing_system7_0/inst/PS7_i/FCLKCLK[0]
                         net (fo=1, routed)           0.337     0.337    design_1_i/processing_system7_0/inst/FCLK_CLK_unbuffered[0]
    BUFGCTRL_X0Y16       BUFG (Prop_bufg_I_O)         0.029     0.366 r  design_1_i/processing_system7_0/inst/buffer_fclk_clk_0.FCLK_CLK_0_BUFG/O
                         net (fo=2073, routed)        0.843     1.209    design_1_i/ps7_0_axi_periph/m00_couplers/auto_pc/inst/gen_axilite.gen_b2s_conv.axilite_b2s/RD.r_channel_0/rd_data_fifo_0/aclk
    SLICE_X30Y92         SRLC32E                                      r  design_1_i/ps7_0_axi_periph/m00_couplers/auto_pc/inst/gen_axilite.gen_b2s_conv.axilite_b2s/RD.r_channel_0/rd_data_fifo_0/memory_reg[31][9]_srl32/CLK
                         clock pessimism             -0.264     0.945    
    SLICE_X30Y92         SRLC32E (Hold_srlc32e_CLK_D)
                                                      0.183     1.128    design_1_i/ps7_0_axi_periph/m00_couplers/auto_pc/inst/gen_axilite.gen_b2s_conv.axilite_b2s/RD.r_channel_0/rd_data_fifo_0/memory_reg[31][9]_srl32
  -------------------------------------------------------------------
                         required time                         -1.128    
                         arrival time                           1.220    
  -------------------------------------------------------------------
                         slack                                  0.092    

Slack (MET) :             0.093ns  (arrival time - required time)
  Source:                 design_1_i/rst_ps7_0_50M/U0/ACTIVE_LOW_BSR_OUT_DFF[0].FDRE_BSR_N/C
                            (rising edge-triggered cell FDRE clocked by clk_fpga_0  {rise@0.000ns fall@20.000ns period=40.000ns})
  Destination:            design_1_i/ps7_0_axi_periph/xbar/inst/gen_samd.crossbar_samd/aresetn_d_reg/D
                            (rising edge-triggered cell FDRE clocked by clk_fpga_0  {rise@0.000ns fall@20.000ns period=40.000ns})
  Path Group:             clk_fpga_0
  Path Type:              Hold (Min at Fast Process Corner)
  Requirement:            0.000ns  (clk_fpga_0 rise@0.000ns - clk_fpga_0 rise@0.000ns)
  Data Path Delay:        0.332ns  (logic 0.141ns (42.515%)  route 0.191ns (57.485%))
  Logic Levels:           0  
  Clock Path Skew:        0.180ns (DCD - SCD - CPR)
    Destination Clock Delay (DCD):    1.190ns
    Source Clock Delay      (SCD):    0.975ns
    Clock Pessimism Removal (CPR):    0.035ns

    Location             Delay type                Incr(ns)  Path(ns)    Netlist Resource(s)
  -------------------------------------------------------------------    -------------------
                         (clock clk_fpga_0 rise edge)
                                                      0.000     0.000 r  
    PS7_X0Y0             PS7                          0.000     0.000 r  design_1_i/processing_system7_0/inst/PS7_i/FCLKCLK[0]
                         net (fo=1, routed)           0.310     0.310    design_1_i/processing_system7_0/inst/FCLK_CLK_unbuffered[0]
    BUFGCTRL_X0Y16       BUFG (Prop_bufg_I_O)         0.026     0.336 r  design_1_i/processing_system7_0/inst/buffer_fclk_clk_0.FCLK_CLK_0_BUFG/O
                         net (fo=2073, routed)        0.639     0.975    design_1_i/rst_ps7_0_50M/U0/slowest_sync_clk
    SLICE_X45Y101        FDRE                                         r  design_1_i/rst_ps7_0_50M/U0/ACTIVE_LOW_BSR_OUT_DFF[0].FDRE_BSR_N/C
  -------------------------------------------------------------------    -------------------
    SLICE_X45Y101        FDRE (Prop_fdre_C_Q)         0.141     1.116 r  design_1_i/rst_ps7_0_50M/U0/ACTIVE_LOW_BSR_OUT_DFF[0].FDRE_BSR_N/Q
                         net (fo=6, routed)           0.191     1.307    design_1_i/ps7_0_axi_periph/xbar/inst/gen_samd.crossbar_samd/aresetn
    SLICE_X42Y96         FDRE                                         r  design_1_i/ps7_0_axi_periph/xbar/inst/gen_samd.crossbar_samd/aresetn_d_reg/D
  -------------------------------------------------------------------    -------------------

                         (clock clk_fpga_0 rise edge)
                                                      0.000     0.000 r  
    PS7_X0Y0             PS7                          0.000     0.000 r  design_1_i/processing_system7_0/inst/PS7_i/FCLKCLK[0]
                         net (fo=1, routed)           0.337     0.337    design_1_i/processing_system7_0/inst/FCLK_CLK_unbuffered[0]
    BUFGCTRL_X0Y16       BUFG (Prop_bufg_I_O)         0.029     0.366 r  design_1_i/processing_system7_0/inst/buffer_fclk_clk_0.FCLK_CLK_0_BUFG/O
                         net (fo=2073, routed)        0.824     1.190    design_1_i/ps7_0_axi_periph/xbar/inst/gen_samd.crossbar_samd/aclk
    SLICE_X42Y96         FDRE                                         r  design_1_i/ps7_0_axi_periph/xbar/inst/gen_samd.crossbar_samd/aresetn_d_reg/C
                         clock pessimism             -0.035     1.155    
    SLICE_X42Y96         FDRE (Hold_fdre_C_D)         0.059     1.214    design_1_i/ps7_0_axi_periph/xbar/inst/gen_samd.crossbar_samd/aresetn_d_reg
  -------------------------------------------------------------------
                         required time                         -1.214    
                         arrival time                           1.307    
  -------------------------------------------------------------------
                         slack                                  0.093    

Slack (MET) :             0.101ns  (arrival time - required time)
  Source:                 design_1_i/ps7_0_axi_periph/m00_couplers/auto_pc/inst/gen_axilite.gen_b2s_conv.axilite_b2s/WR.aw_channel_0/s_awid_r_reg[7]/C
                            (rising edge-triggered cell FDRE clocked by clk_fpga_0  {rise@0.000ns fall@20.000ns period=40.000ns})
  Destination:            design_1_i/ps7_0_axi_periph/m00_couplers/auto_pc/inst/gen_axilite.gen_b2s_conv.axilite_b2s/WR.b_channel_0/bid_fifo_0/memory_reg[3][15]_srl4/D
                            (rising edge-triggered cell SRL16E clocked by clk_fpga_0  {rise@0.000ns fall@20.000ns period=40.000ns})
  Path Group:             clk_fpga_0
  Path Type:              Hold (Min at Fast Process Corner)
  Requirement:            0.000ns  (clk_fpga_0 rise@0.000ns - clk_fpga_0 rise@0.000ns)
  Data Path Delay:        0.247ns  (logic 0.128ns (51.778%)  route 0.119ns (48.222%))
  Logic Levels:           0  
  Clock Path Skew:        0.016ns (DCD - SCD - CPR)
    Destination Clock Delay (DCD):    1.190ns
    Source Clock Delay      (SCD):    0.892ns
    Clock Pessimism Removal (CPR):    0.282ns

    Location             Delay type                Incr(ns)  Path(ns)    Netlist Resource(s)
  -------------------------------------------------------------------    -------------------
                         (clock clk_fpga_0 rise edge)
                                                      0.000     0.000 r  
    PS7_X0Y0             PS7                          0.000     0.000 r  design_1_i/processing_system7_0/inst/PS7_i/FCLKCLK[0]
                         net (fo=1, routed)           0.310     0.310    design_1_i/processing_system7_0/inst/FCLK_CLK_unbuffered[0]
    BUFGCTRL_X0Y16       BUFG (Prop_bufg_I_O)         0.026     0.336 r  design_1_i/processing_system7_0/inst/buffer_fclk_clk_0.FCLK_CLK_0_BUFG/O
                         net (fo=2073, routed)        0.556     0.892    design_1_i/ps7_0_axi_periph/m00_couplers/auto_pc/inst/gen_axilite.gen_b2s_conv.axilite_b2s/WR.aw_channel_0/aclk
    SLICE_X47Y96         FDRE                                         r  design_1_i/ps7_0_axi_periph/m00_couplers/auto_pc/inst/gen_axilite.gen_b2s_conv.axilite_b2s/WR.aw_channel_0/s_awid_r_reg[7]/C
  -------------------------------------------------------------------    -------------------
    SLICE_X47Y96         FDRE (Prop_fdre_C_Q)         0.128     1.020 r  design_1_i/ps7_0_axi_periph/m00_couplers/auto_pc/inst/gen_axilite.gen_b2s_conv.axilite_b2s/WR.aw_channel_0/s_awid_r_reg[7]/Q
                         net (fo=1, routed)           0.119     1.139    design_1_i/ps7_0_axi_periph/m00_couplers/auto_pc/inst/gen_axilite.gen_b2s_conv.axilite_b2s/WR.b_channel_0/bid_fifo_0/in[15]
    SLICE_X46Y95         SRL16E                                       r  design_1_i/ps7_0_axi_periph/m00_couplers/auto_pc/inst/gen_axilite.gen_b2s_conv.axilite_b2s/WR.b_channel_0/bid_fifo_0/memory_reg[3][15]_srl4/D
  -------------------------------------------------------------------    -------------------

                         (clock clk_fpga_0 rise edge)
                                                      0.000     0.000 r  
    PS7_X0Y0             PS7                          0.000     0.000 r  design_1_i/processing_system7_0/inst/PS7_i/FCLKCLK[0]
                         net (fo=1, routed)           0.337     0.337    design_1_i/processing_system7_0/inst/FCLK_CLK_unbuffered[0]
    BUFGCTRL_X0Y16       BUFG (Prop_bufg_I_O)         0.029     0.366 r  design_1_i/processing_system7_0/inst/buffer_fclk_clk_0.FCLK_CLK_0_BUFG/O
                         net (fo=2073, routed)        0.824     1.190    design_1_i/ps7_0_axi_periph/m00_couplers/auto_pc/inst/gen_axilite.gen_b2s_conv.axilite_b2s/WR.b_channel_0/bid_fifo_0/aclk
    SLICE_X46Y95         SRL16E                                       r  design_1_i/ps7_0_axi_periph/m00_couplers/auto_pc/inst/gen_axilite.gen_b2s_conv.axilite_b2s/WR.b_channel_0/bid_fifo_0/memory_reg[3][15]_srl4/CLK
                         clock pessimism             -0.282     0.908    
    SLICE_X46Y95         SRL16E (Hold_srl16e_CLK_D)
                                                      0.130     1.038    design_1_i/ps7_0_axi_periph/m00_couplers/auto_pc/inst/gen_axilite.gen_b2s_conv.axilite_b2s/WR.b_channel_0/bid_fifo_0/memory_reg[3][15]_srl4
  -------------------------------------------------------------------
                         required time                         -1.038    
                         arrival time                           1.139    
  -------------------------------------------------------------------
                         slack                                  0.101    

Slack (MET) :             0.103ns  (arrival time - required time)
  Source:                 design_1_i/myip_0/inst/cnt_bias_bram_reg[5]/C
                            (rising edge-triggered cell FDRE clocked by clk_fpga_0  {rise@0.000ns fall@20.000ns period=40.000ns})
  Destination:            design_1_i/myip_0/inst/brambias/U0/inst_blk_mem_gen/gnbram.gnativebmg.native_blk_mem_gen/valid.cstr/ramloop[0].ram.r/prim_init.ram/DEVICE_7SERIES.NO_BMM_INFO.SP.WIDE_PRIM18.ram/ADDRBWRADDR[10]
                            (rising edge-triggered cell RAMB18E1 clocked by clk_fpga_0  {rise@0.000ns fall@20.000ns period=40.000ns})
  Path Group:             clk_fpga_0
  Path Type:              Hold (Min at Fast Process Corner)
  Requirement:            0.000ns  (clk_fpga_0 rise@0.000ns - clk_fpga_0 rise@0.000ns)
  Data Path Delay:        0.345ns  (logic 0.164ns (47.543%)  route 0.181ns (52.457%))
  Logic Levels:           0  
  Clock Path Skew:        0.058ns (DCD - SCD - CPR)
    Destination Clock Delay (DCD):    1.233ns
    Source Clock Delay      (SCD):    0.894ns
    Clock Pessimism Removal (CPR):    0.281ns

    Location             Delay type                Incr(ns)  Path(ns)    Netlist Resource(s)
  -------------------------------------------------------------------    -------------------
                         (clock clk_fpga_0 rise edge)
                                                      0.000     0.000 r  
    PS7_X0Y0             PS7                          0.000     0.000 r  design_1_i/processing_system7_0/inst/PS7_i/FCLKCLK[0]
                         net (fo=1, routed)           0.310     0.310    design_1_i/processing_system7_0/inst/FCLK_CLK_unbuffered[0]
    BUFGCTRL_X0Y16       BUFG (Prop_bufg_I_O)         0.026     0.336 r  design_1_i/processing_system7_0/inst/buffer_fclk_clk_0.FCLK_CLK_0_BUFG/O
                         net (fo=2073, routed)        0.558     0.894    design_1_i/myip_0/inst/s00_axi_aclk
    SLICE_X32Y56         FDRE                                         r  design_1_i/myip_0/inst/cnt_bias_bram_reg[5]/C
  -------------------------------------------------------------------    -------------------
    SLICE_X32Y56         FDRE (Prop_fdre_C_Q)         0.164     1.058 r  design_1_i/myip_0/inst/cnt_bias_bram_reg[5]/Q
                         net (fo=5, routed)           0.181     1.239    design_1_i/myip_0/inst/brambias/U0/inst_blk_mem_gen/gnbram.gnativebmg.native_blk_mem_gen/valid.cstr/ramloop[0].ram.r/prim_init.ram/addra[5]
    RAMB18_X2Y22         RAMB18E1                                     r  design_1_i/myip_0/inst/brambias/U0/inst_blk_mem_gen/gnbram.gnativebmg.native_blk_mem_gen/valid.cstr/ramloop[0].ram.r/prim_init.ram/DEVICE_7SERIES.NO_BMM_INFO.SP.WIDE_PRIM18.ram/ADDRBWRADDR[10]
  -------------------------------------------------------------------    -------------------

                         (clock clk_fpga_0 rise edge)
                                                      0.000     0.000 r  
    PS7_X0Y0             PS7                          0.000     0.000 r  design_1_i/processing_system7_0/inst/PS7_i/FCLKCLK[0]
                         net (fo=1, routed)           0.337     0.337    design_1_i/processing_system7_0/inst/FCLK_CLK_unbuffered[0]
    BUFGCTRL_X0Y16       BUFG (Prop_bufg_I_O)         0.029     0.366 r  design_1_i/processing_system7_0/inst/buffer_fclk_clk_0.FCLK_CLK_0_BUFG/O
                         net (fo=2073, routed)        0.867     1.233    design_1_i/myip_0/inst/brambias/U0/inst_blk_mem_gen/gnbram.gnativebmg.native_blk_mem_gen/valid.cstr/ramloop[0].ram.r/prim_init.ram/clka
    RAMB18_X2Y22         RAMB18E1                                     r  design_1_i/myip_0/inst/brambias/U0/inst_blk_mem_gen/gnbram.gnativebmg.native_blk_mem_gen/valid.cstr/ramloop[0].ram.r/prim_init.ram/DEVICE_7SERIES.NO_BMM_INFO.SP.WIDE_PRIM18.ram/CLKBWRCLK
                         clock pessimism             -0.281     0.952    
    RAMB18_X2Y22         RAMB18E1 (Hold_ramb18e1_CLKBWRCLK_ADDRBWRADDR[10])
                                                      0.183     1.135    design_1_i/myip_0/inst/brambias/U0/inst_blk_mem_gen/gnbram.gnativebmg.native_blk_mem_gen/valid.cstr/ramloop[0].ram.r/prim_init.ram/DEVICE_7SERIES.NO_BMM_INFO.SP.WIDE_PRIM18.ram
  -------------------------------------------------------------------
                         required time                         -1.135    
                         arrival time                           1.239    
  -------------------------------------------------------------------
                         slack                                  0.103    

Slack (MET) :             0.104ns  (arrival time - required time)
  Source:                 design_1_i/myip_0/inst/cnt_bias_bram_reg[5]/C
                            (rising edge-triggered cell FDRE clocked by clk_fpga_0  {rise@0.000ns fall@20.000ns period=40.000ns})
  Destination:            design_1_i/myip_0/inst/brambias/U0/inst_blk_mem_gen/gnbram.gnativebmg.native_blk_mem_gen/valid.cstr/ramloop[0].ram.r/prim_init.ram/DEVICE_7SERIES.NO_BMM_INFO.SP.WIDE_PRIM18.ram/ADDRARDADDR[10]
                            (rising edge-triggered cell RAMB18E1 clocked by clk_fpga_0  {rise@0.000ns fall@20.000ns period=40.000ns})
  Path Group:             clk_fpga_0
  Path Type:              Hold (Min at Fast Process Corner)
  Requirement:            0.000ns  (clk_fpga_0 rise@0.000ns - clk_fpga_0 rise@0.000ns)
  Data Path Delay:        0.345ns  (logic 0.164ns (47.543%)  route 0.181ns (52.457%))
  Logic Levels:           0  
  Clock Path Skew:        0.057ns (DCD - SCD - CPR)
    Destination Clock Delay (DCD):    1.232ns
    Source Clock Delay      (SCD):    0.894ns
    Clock Pessimism Removal (CPR):    0.281ns

    Location             Delay type                Incr(ns)  Path(ns)    Netlist Resource(s)
  -------------------------------------------------------------------    -------------------
                         (clock clk_fpga_0 rise edge)
                                                      0.000     0.000 r  
    PS7_X0Y0             PS7                          0.000     0.000 r  design_1_i/processing_system7_0/inst/PS7_i/FCLKCLK[0]
                         net (fo=1, routed)           0.310     0.310    design_1_i/processing_system7_0/inst/FCLK_CLK_unbuffered[0]
    BUFGCTRL_X0Y16       BUFG (Prop_bufg_I_O)         0.026     0.336 r  design_1_i/processing_system7_0/inst/buffer_fclk_clk_0.FCLK_CLK_0_BUFG/O
                         net (fo=2073, routed)        0.558     0.894    design_1_i/myip_0/inst/s00_axi_aclk
    SLICE_X32Y56         FDRE                                         r  design_1_i/myip_0/inst/cnt_bias_bram_reg[5]/C
  -------------------------------------------------------------------    -------------------
    SLICE_X32Y56         FDRE (Prop_fdre_C_Q)         0.164     1.058 r  design_1_i/myip_0/inst/cnt_bias_bram_reg[5]/Q
                         net (fo=5, routed)           0.181     1.239    design_1_i/myip_0/inst/brambias/U0/inst_blk_mem_gen/gnbram.gnativebmg.native_blk_mem_gen/valid.cstr/ramloop[0].ram.r/prim_init.ram/addra[5]
    RAMB18_X2Y22         RAMB18E1                                     r  design_1_i/myip_0/inst/brambias/U0/inst_blk_mem_gen/gnbram.gnativebmg.native_blk_mem_gen/valid.cstr/ramloop[0].ram.r/prim_init.ram/DEVICE_7SERIES.NO_BMM_INFO.SP.WIDE_PRIM18.ram/ADDRARDADDR[10]
  -------------------------------------------------------------------    -------------------

                         (clock clk_fpga_0 rise edge)
                                                      0.000     0.000 r  
    PS7_X0Y0             PS7                          0.000     0.000 r  design_1_i/processing_system7_0/inst/PS7_i/FCLKCLK[0]
                         net (fo=1, routed)           0.337     0.337    design_1_i/processing_system7_0/inst/FCLK_CLK_unbuffered[0]
    BUFGCTRL_X0Y16       BUFG (Prop_bufg_I_O)         0.029     0.366 r  design_1_i/processing_system7_0/inst/buffer_fclk_clk_0.FCLK_CLK_0_BUFG/O
                         net (fo=2073, routed)        0.866     1.232    design_1_i/myip_0/inst/brambias/U0/inst_blk_mem_gen/gnbram.gnativebmg.native_blk_mem_gen/valid.cstr/ramloop[0].ram.r/prim_init.ram/clka
    RAMB18_X2Y22         RAMB18E1                                     r  design_1_i/myip_0/inst/brambias/U0/inst_blk_mem_gen/gnbram.gnativebmg.native_blk_mem_gen/valid.cstr/ramloop[0].ram.r/prim_init.ram/DEVICE_7SERIES.NO_BMM_INFO.SP.WIDE_PRIM18.ram/CLKARDCLK
                         clock pessimism             -0.281     0.951    
    RAMB18_X2Y22         RAMB18E1 (Hold_ramb18e1_CLKARDCLK_ADDRARDADDR[10])
                                                      0.183     1.134    design_1_i/myip_0/inst/brambias/U0/inst_blk_mem_gen/gnbram.gnativebmg.native_blk_mem_gen/valid.cstr/ramloop[0].ram.r/prim_init.ram/DEVICE_7SERIES.NO_BMM_INFO.SP.WIDE_PRIM18.ram
  -------------------------------------------------------------------
                         required time                         -1.134    
                         arrival time                           1.239    
  -------------------------------------------------------------------
                         slack                                  0.104    

Slack (MET) :             0.105ns  (arrival time - required time)
  Source:                 design_1_i/ps7_0_axi_periph/m00_couplers/auto_pc/inst/gen_axilite.gen_b2s_conv.axilite_b2s/RD.r_channel_0/r_arid_r_reg[4]/C
                            (rising edge-triggered cell FDRE clocked by clk_fpga_0  {rise@0.000ns fall@20.000ns period=40.000ns})
  Destination:            design_1_i/ps7_0_axi_periph/m00_couplers/auto_pc/inst/gen_axilite.gen_b2s_conv.axilite_b2s/RD.r_channel_0/transaction_fifo_0/memory_reg[31][5]_srl32/D
                            (rising edge-triggered cell SRLC32E clocked by clk_fpga_0  {rise@0.000ns fall@20.000ns period=40.000ns})
  Path Group:             clk_fpga_0
  Path Type:              Hold (Min at Fast Process Corner)
  Requirement:            0.000ns  (clk_fpga_0 rise@0.000ns - clk_fpga_0 rise@0.000ns)
  Data Path Delay:        0.247ns  (logic 0.128ns (51.736%)  route 0.119ns (48.264%))
  Logic Levels:           0  
  Clock Path Skew:        0.013ns (DCD - SCD - CPR)
    Destination Clock Delay (DCD):    1.180ns
    Source Clock Delay      (SCD):    0.885ns
    Clock Pessimism Removal (CPR):    0.282ns

    Location             Delay type                Incr(ns)  Path(ns)    Netlist Resource(s)
  -------------------------------------------------------------------    -------------------
                         (clock clk_fpga_0 rise edge)
                                                      0.000     0.000 r  
    PS7_X0Y0             PS7                          0.000     0.000 r  design_1_i/processing_system7_0/inst/PS7_i/FCLKCLK[0]
                         net (fo=1, routed)           0.310     0.310    design_1_i/processing_system7_0/inst/FCLK_CLK_unbuffered[0]
    BUFGCTRL_X0Y16       BUFG (Prop_bufg_I_O)         0.026     0.336 r  design_1_i/processing_system7_0/inst/buffer_fclk_clk_0.FCLK_CLK_0_BUFG/O
                         net (fo=2073, routed)        0.549     0.885    design_1_i/ps7_0_axi_periph/m00_couplers/auto_pc/inst/gen_axilite.gen_b2s_conv.axilite_b2s/RD.r_channel_0/aclk
    SLICE_X35Y79         FDRE                                         r  design_1_i/ps7_0_axi_periph/m00_couplers/auto_pc/inst/gen_axilite.gen_b2s_conv.axilite_b2s/RD.r_channel_0/r_arid_r_reg[4]/C
  -------------------------------------------------------------------    -------------------
    SLICE_X35Y79         FDRE (Prop_fdre_C_Q)         0.128     1.013 r  design_1_i/ps7_0_axi_periph/m00_couplers/auto_pc/inst/gen_axilite.gen_b2s_conv.axilite_b2s/RD.r_channel_0/r_arid_r_reg[4]/Q
                         net (fo=1, routed)           0.119     1.132    design_1_i/ps7_0_axi_periph/m00_couplers/auto_pc/inst/gen_axilite.gen_b2s_conv.axilite_b2s/RD.r_channel_0/transaction_fifo_0/in[5]
    SLICE_X34Y79         SRLC32E                                      r  design_1_i/ps7_0_axi_periph/m00_couplers/auto_pc/inst/gen_axilite.gen_b2s_conv.axilite_b2s/RD.r_channel_0/transaction_fifo_0/memory_reg[31][5]_srl32/D
  -------------------------------------------------------------------    -------------------

                         (clock clk_fpga_0 rise edge)
                                                      0.000     0.000 r  
    PS7_X0Y0             PS7                          0.000     0.000 r  design_1_i/processing_system7_0/inst/PS7_i/FCLKCLK[0]
                         net (fo=1, routed)           0.337     0.337    design_1_i/processing_system7_0/inst/FCLK_CLK_unbuffered[0]
    BUFGCTRL_X0Y16       BUFG (Prop_bufg_I_O)         0.029     0.366 r  design_1_i/processing_system7_0/inst/buffer_fclk_clk_0.FCLK_CLK_0_BUFG/O
                         net (fo=2073, routed)        0.814     1.180    design_1_i/ps7_0_axi_periph/m00_couplers/auto_pc/inst/gen_axilite.gen_b2s_conv.axilite_b2s/RD.r_channel_0/transaction_fifo_0/aclk
    SLICE_X34Y79         SRLC32E                                      r  design_1_i/ps7_0_axi_periph/m00_couplers/auto_pc/inst/gen_axilite.gen_b2s_conv.axilite_b2s/RD.r_channel_0/transaction_fifo_0/memory_reg[31][5]_srl32/CLK
                         clock pessimism             -0.282     0.898    
    SLICE_X34Y79         SRLC32E (Hold_srlc32e_CLK_D)
                                                      0.129     1.027    design_1_i/ps7_0_axi_periph/m00_couplers/auto_pc/inst/gen_axilite.gen_b2s_conv.axilite_b2s/RD.r_channel_0/transaction_fifo_0/memory_reg[31][5]_srl32
  -------------------------------------------------------------------
                         required time                         -1.027    
                         arrival time                           1.132    
  -------------------------------------------------------------------
                         slack                                  0.105    

Slack (MET) :             0.106ns  (arrival time - required time)
  Source:                 design_1_i/myip_0/inst/myip_v1_0_S00_AXI_inst/slv_reg3_reg[18]/C
                            (rising edge-triggered cell FDRE clocked by clk_fpga_0  {rise@0.000ns fall@20.000ns period=40.000ns})
  Destination:            design_1_i/myip_0/inst/myip_v1_0_S00_AXI_inst/axi_rdata_reg[18]/D
                            (rising edge-triggered cell FDRE clocked by clk_fpga_0  {rise@0.000ns fall@20.000ns period=40.000ns})
  Path Group:             clk_fpga_0
  Path Type:              Hold (Min at Fast Process Corner)
  Requirement:            0.000ns  (clk_fpga_0 rise@0.000ns - clk_fpga_0 rise@0.000ns)
  Data Path Delay:        0.240ns  (logic 0.186ns (77.466%)  route 0.054ns (22.534%))
  Logic Levels:           1  (LUT6=1)
  Clock Path Skew:        0.013ns (DCD - SCD - CPR)
    Destination Clock Delay (DCD):    1.209ns
    Source Clock Delay      (SCD):    0.909ns
    Clock Pessimism Removal (CPR):    0.287ns

    Location             Delay type                Incr(ns)  Path(ns)    Netlist Resource(s)
  -------------------------------------------------------------------    -------------------
                         (clock clk_fpga_0 rise edge)
                                                      0.000     0.000 r  
    PS7_X0Y0             PS7                          0.000     0.000 r  design_1_i/processing_system7_0/inst/PS7_i/FCLKCLK[0]
                         net (fo=1, routed)           0.310     0.310    design_1_i/processing_system7_0/inst/FCLK_CLK_unbuffered[0]
    BUFGCTRL_X0Y16       BUFG (Prop_bufg_I_O)         0.026     0.336 r  design_1_i/processing_system7_0/inst/buffer_fclk_clk_0.FCLK_CLK_0_BUFG/O
                         net (fo=2073, routed)        0.573     0.909    design_1_i/myip_0/inst/myip_v1_0_S00_AXI_inst/s00_axi_aclk
    SLICE_X27Y96         FDRE                                         r  design_1_i/myip_0/inst/myip_v1_0_S00_AXI_inst/slv_reg3_reg[18]/C
  -------------------------------------------------------------------    -------------------
    SLICE_X27Y96         FDRE (Prop_fdre_C_Q)         0.141     1.050 r  design_1_i/myip_0/inst/myip_v1_0_S00_AXI_inst/slv_reg3_reg[18]/Q
                         net (fo=1, routed)           0.054     1.104    design_1_i/myip_0/inst/myip_v1_0_S00_AXI_inst/slv_reg3[18]
    SLICE_X26Y96         LUT6 (Prop_lut6_I5_O)        0.045     1.149 r  design_1_i/myip_0/inst/myip_v1_0_S00_AXI_inst/axi_rdata[18]_i_1/O
                         net (fo=1, routed)           0.000     1.149    design_1_i/myip_0/inst/myip_v1_0_S00_AXI_inst/reg_data_out[18]
    SLICE_X26Y96         FDRE                                         r  design_1_i/myip_0/inst/myip_v1_0_S00_AXI_inst/axi_rdata_reg[18]/D
  -------------------------------------------------------------------    -------------------

                         (clock clk_fpga_0 rise edge)
                                                      0.000     0.000 r  
    PS7_X0Y0             PS7                          0.000     0.000 r  design_1_i/processing_system7_0/inst/PS7_i/FCLKCLK[0]
                         net (fo=1, routed)           0.337     0.337    design_1_i/processing_system7_0/inst/FCLK_CLK_unbuffered[0]
    BUFGCTRL_X0Y16       BUFG (Prop_bufg_I_O)         0.029     0.366 r  design_1_i/processing_system7_0/inst/buffer_fclk_clk_0.FCLK_CLK_0_BUFG/O
                         net (fo=2073, routed)        0.843     1.209    design_1_i/myip_0/inst/myip_v1_0_S00_AXI_inst/s00_axi_aclk
    SLICE_X26Y96         FDRE                                         r  design_1_i/myip_0/inst/myip_v1_0_S00_AXI_inst/axi_rdata_reg[18]/C
                         clock pessimism             -0.287     0.922    
    SLICE_X26Y96         FDRE (Hold_fdre_C_D)         0.121     1.043    design_1_i/myip_0/inst/myip_v1_0_S00_AXI_inst/axi_rdata_reg[18]
  -------------------------------------------------------------------
                         required time                         -1.043    
                         arrival time                           1.149    
  -------------------------------------------------------------------
                         slack                                  0.106    

Slack (MET) :             0.106ns  (arrival time - required time)
  Source:                 design_1_i/ps7_0_axi_periph/xbar/inst/gen_samd.crossbar_samd/gen_master_slots[0].reg_slice_mi/r.r_pipe/skid_buffer_reg[34]/C
                            (rising edge-triggered cell FDRE clocked by clk_fpga_0  {rise@0.000ns fall@20.000ns period=40.000ns})
  Destination:            design_1_i/ps7_0_axi_periph/xbar/inst/gen_samd.crossbar_samd/gen_master_slots[0].reg_slice_mi/r.r_pipe/m_payload_i_reg[34]/D
                            (rising edge-triggered cell FDRE clocked by clk_fpga_0  {rise@0.000ns fall@20.000ns period=40.000ns})
  Path Group:             clk_fpga_0
  Path Type:              Hold (Min at Fast Process Corner)
  Requirement:            0.000ns  (clk_fpga_0 rise@0.000ns - clk_fpga_0 rise@0.000ns)
  Data Path Delay:        0.240ns  (logic 0.186ns (77.466%)  route 0.054ns (22.534%))
  Logic Levels:           1  (LUT3=1)
  Clock Path Skew:        0.013ns (DCD - SCD - CPR)
    Destination Clock Delay (DCD):    1.189ns
    Source Clock Delay      (SCD):    0.891ns
    Clock Pessimism Removal (CPR):    0.285ns

    Location             Delay type                Incr(ns)  Path(ns)    Netlist Resource(s)
  -------------------------------------------------------------------    -------------------
                         (clock clk_fpga_0 rise edge)
                                                      0.000     0.000 r  
    PS7_X0Y0             PS7                          0.000     0.000 r  design_1_i/processing_system7_0/inst/PS7_i/FCLKCLK[0]
                         net (fo=1, routed)           0.310     0.310    design_1_i/processing_system7_0/inst/FCLK_CLK_unbuffered[0]
    BUFGCTRL_X0Y16       BUFG (Prop_bufg_I_O)         0.026     0.336 r  design_1_i/processing_system7_0/inst/buffer_fclk_clk_0.FCLK_CLK_0_BUFG/O
                         net (fo=2073, routed)        0.555     0.891    design_1_i/ps7_0_axi_periph/xbar/inst/gen_samd.crossbar_samd/gen_master_slots[0].reg_slice_mi/r.r_pipe/aclk
    SLICE_X37Y91         FDRE                                         r  design_1_i/ps7_0_axi_periph/xbar/inst/gen_samd.crossbar_samd/gen_master_slots[0].reg_slice_mi/r.r_pipe/skid_buffer_reg[34]/C
  -------------------------------------------------------------------    -------------------
    SLICE_X37Y91         FDRE (Prop_fdre_C_Q)         0.141     1.032 r  design_1_i/ps7_0_axi_periph/xbar/inst/gen_samd.crossbar_samd/gen_master_slots[0].reg_slice_mi/r.r_pipe/skid_buffer_reg[34]/Q
                         net (fo=1, routed)           0.054     1.086    design_1_i/ps7_0_axi_periph/xbar/inst/gen_samd.crossbar_samd/gen_master_slots[0].reg_slice_mi/r.r_pipe/skid_buffer_reg_n_0_[34]
    SLICE_X36Y91         LUT3 (Prop_lut3_I2_O)        0.045     1.131 r  design_1_i/ps7_0_axi_periph/xbar/inst/gen_samd.crossbar_samd/gen_master_slots[0].reg_slice_mi/r.r_pipe/m_payload_i[34]_i_1/O
                         net (fo=1, routed)           0.000     1.131    design_1_i/ps7_0_axi_periph/xbar/inst/gen_samd.crossbar_samd/gen_master_slots[0].reg_slice_mi/r.r_pipe/skid_buffer[34]
    SLICE_X36Y91         FDRE                                         r  design_1_i/ps7_0_axi_periph/xbar/inst/gen_samd.crossbar_samd/gen_master_slots[0].reg_slice_mi/r.r_pipe/m_payload_i_reg[34]/D
  -------------------------------------------------------------------    -------------------

                         (clock clk_fpga_0 rise edge)
                                                      0.000     0.000 r  
    PS7_X0Y0             PS7                          0.000     0.000 r  design_1_i/processing_system7_0/inst/PS7_i/FCLKCLK[0]
                         net (fo=1, routed)           0.337     0.337    design_1_i/processing_system7_0/inst/FCLK_CLK_unbuffered[0]
    BUFGCTRL_X0Y16       BUFG (Prop_bufg_I_O)         0.029     0.366 r  design_1_i/processing_system7_0/inst/buffer_fclk_clk_0.FCLK_CLK_0_BUFG/O
                         net (fo=2073, routed)        0.823     1.189    design_1_i/ps7_0_axi_periph/xbar/inst/gen_samd.crossbar_samd/gen_master_slots[0].reg_slice_mi/r.r_pipe/aclk
    SLICE_X36Y91         FDRE                                         r  design_1_i/ps7_0_axi_periph/xbar/inst/gen_samd.crossbar_samd/gen_master_slots[0].reg_slice_mi/r.r_pipe/m_payload_i_reg[34]/C
                         clock pessimism             -0.285     0.904    
    SLICE_X36Y91         FDRE (Hold_fdre_C_D)         0.121     1.025    design_1_i/ps7_0_axi_periph/xbar/inst/gen_samd.crossbar_samd/gen_master_slots[0].reg_slice_mi/r.r_pipe/m_payload_i_reg[34]
  -------------------------------------------------------------------
                         required time                         -1.025    
                         arrival time                           1.131    
  -------------------------------------------------------------------
                         slack                                  0.106    





Pulse Width Checks
--------------------------------------------------------------------------------------
Clock Name:         clk_fpga_0
Waveform(ns):       { 0.000 20.000 }
Period(ns):         40.000
Sources:            { design_1_i/processing_system7_0/inst/PS7_i/FCLKCLK[0] }

Check Type        Corner  Lib Pin             Reference Pin  Required(ns)  Actual(ns)  Slack(ns)  Location      Pin
Min Period        n/a     DSP48E1/CLK         n/a            3.884         40.000      36.116     DSP48_X2Y29   design_1_i/myip_0/inst/mykernel/m7_reg/CLK
Min Period        n/a     DSP48E1/CLK         n/a            3.884         40.000      36.116     DSP48_X2Y33   design_1_i/myip_0/inst/mykernel/m3_reg/CLK
Min Period        n/a     DSP48E1/CLK         n/a            3.884         40.000      36.116     DSP48_X2Y25   design_1_i/myip_0/inst/mykernel/m11_reg/CLK
Min Period        n/a     RAMB18E1/CLKARDCLK  n/a            2.576         40.000      37.424     RAMB18_X2Y26  design_1_i/myip_0/inst/brama/U0/inst_blk_mem_gen/gnbram.gnativebmg.native_blk_mem_gen/valid.cstr/ramloop[0].ram.r/prim_noinit.ram/DEVICE_7SERIES.NO_BMM_INFO.TRUE_DP.SIMPLE_PRIM18.ram/CLKARDCLK
Min Period        n/a     RAMB18E1/CLKBWRCLK  n/a            2.576         40.000      37.424     RAMB18_X2Y26  design_1_i/myip_0/inst/brama/U0/inst_blk_mem_gen/gnbram.gnativebmg.native_blk_mem_gen/valid.cstr/ramloop[0].ram.r/prim_noinit.ram/DEVICE_7SERIES.NO_BMM_INFO.TRUE_DP.SIMPLE_PRIM18.ram/CLKBWRCLK
Min Period        n/a     RAMB36E1/CLKARDCLK  n/a            2.576         40.000      37.424     RAMB36_X2Y14  design_1_i/myip_0/inst/brama/U0/inst_blk_mem_gen/gnbram.gnativebmg.native_blk_mem_gen/valid.cstr/ramloop[1].ram.r/prim_noinit.ram/DEVICE_7SERIES.NO_BMM_INFO.TRUE_DP.SIMPLE_PRIM36.ram/CLKARDCLK
Min Period        n/a     RAMB36E1/CLKBWRCLK  n/a            2.576         40.000      37.424     RAMB36_X2Y14  design_1_i/myip_0/inst/brama/U0/inst_blk_mem_gen/gnbram.gnativebmg.native_blk_mem_gen/valid.cstr/ramloop[1].ram.r/prim_noinit.ram/DEVICE_7SERIES.NO_BMM_INFO.TRUE_DP.SIMPLE_PRIM36.ram/CLKBWRCLK
Min Period        n/a     RAMB18E1/CLKARDCLK  n/a            2.576         40.000      37.424     RAMB18_X2Y27  design_1_i/myip_0/inst/bramb/U0/inst_blk_mem_gen/gnbram.gnativebmg.native_blk_mem_gen/valid.cstr/ramloop[0].ram.r/prim_noinit.ram/DEVICE_7SERIES.NO_BMM_INFO.TRUE_DP.SIMPLE_PRIM18.ram/CLKARDCLK
Min Period        n/a     RAMB18E1/CLKBWRCLK  n/a            2.576         40.000      37.424     RAMB18_X2Y27  design_1_i/myip_0/inst/bramb/U0/inst_blk_mem_gen/gnbram.gnativebmg.native_blk_mem_gen/valid.cstr/ramloop[0].ram.r/prim_noinit.ram/DEVICE_7SERIES.NO_BMM_INFO.TRUE_DP.SIMPLE_PRIM18.ram/CLKBWRCLK
Min Period        n/a     RAMB36E1/CLKARDCLK  n/a            2.576         40.000      37.424     RAMB36_X2Y12  design_1_i/myip_0/inst/bramb/U0/inst_blk_mem_gen/gnbram.gnativebmg.native_blk_mem_gen/valid.cstr/ramloop[1].ram.r/prim_noinit.ram/DEVICE_7SERIES.NO_BMM_INFO.TRUE_DP.SIMPLE_PRIM36.ram/CLKARDCLK
Low Pulse Width   Fast    SRLC32E/CLK         n/a            0.980         20.000      19.020     SLICE_X30Y83  design_1_i/ps7_0_axi_periph/m00_couplers/auto_pc/inst/gen_axilite.gen_b2s_conv.axilite_b2s/RD.r_channel_0/rd_data_fifo_0/memory_reg[31][0]_srl32/CLK
Low Pulse Width   Fast    SRLC32E/CLK         n/a            0.980         20.000      19.020     SLICE_X30Y92  design_1_i/ps7_0_axi_periph/m00_couplers/auto_pc/inst/gen_axilite.gen_b2s_conv.axilite_b2s/RD.r_channel_0/rd_data_fifo_0/memory_reg[31][11]_srl32/CLK
Low Pulse Width   Fast    SRLC32E/CLK         n/a            0.980         20.000      19.020     SLICE_X30Y92  design_1_i/ps7_0_axi_periph/m00_couplers/auto_pc/inst/gen_axilite.gen_b2s_conv.axilite_b2s/RD.r_channel_0/rd_data_fifo_0/memory_reg[31][12]_srl32/CLK
Low Pulse Width   Fast    SRLC32E/CLK         n/a            0.980         20.000      19.020     SLICE_X26Y93  design_1_i/ps7_0_axi_periph/m00_couplers/auto_pc/inst/gen_axilite.gen_b2s_conv.axilite_b2s/RD.r_channel_0/rd_data_fifo_0/memory_reg[31][13]_srl32/CLK
Low Pulse Width   Fast    SRLC32E/CLK         n/a            0.980         20.000      19.020     SLICE_X30Y92  design_1_i/ps7_0_axi_periph/m00_couplers/auto_pc/inst/gen_axilite.gen_b2s_conv.axilite_b2s/RD.r_channel_0/rd_data_fifo_0/memory_reg[31][14]_srl32/CLK
Low Pulse Width   Fast    SRLC32E/CLK         n/a            0.980         20.000      19.020     SLICE_X34Y93  design_1_i/ps7_0_axi_periph/m00_couplers/auto_pc/inst/gen_axilite.gen_b2s_conv.axilite_b2s/RD.r_channel_0/rd_data_fifo_0/memory_reg[31][15]_srl32/CLK
Low Pulse Width   Fast    SRLC32E/CLK         n/a            0.980         20.000      19.020     SLICE_X34Y93  design_1_i/ps7_0_axi_periph/m00_couplers/auto_pc/inst/gen_axilite.gen_b2s_conv.axilite_b2s/RD.r_channel_0/rd_data_fifo_0/memory_reg[31][16]_srl32/CLK
Low Pulse Width   Fast    SRLC32E/CLK         n/a            0.980         20.000      19.020     SLICE_X26Y93  design_1_i/ps7_0_axi_periph/m00_couplers/auto_pc/inst/gen_axilite.gen_b2s_conv.axilite_b2s/RD.r_channel_0/rd_data_fifo_0/memory_reg[31][18]_srl32/CLK
Low Pulse Width   Fast    SRLC32E/CLK         n/a            0.980         20.000      19.020     SLICE_X26Y93  design_1_i/ps7_0_axi_periph/m00_couplers/auto_pc/inst/gen_axilite.gen_b2s_conv.axilite_b2s/RD.r_channel_0/rd_data_fifo_0/memory_reg[31][23]_srl32/CLK
Low Pulse Width   Fast    SRLC32E/CLK         n/a            0.980         20.000      19.020     SLICE_X26Y93  design_1_i/ps7_0_axi_periph/m00_couplers/auto_pc/inst/gen_axilite.gen_b2s_conv.axilite_b2s/RD.r_channel_0/rd_data_fifo_0/memory_reg[31][27]_srl32/CLK
High Pulse Width  Slow    SRLC32E/CLK         n/a            0.980         20.000      19.020     SLICE_X30Y83  design_1_i/ps7_0_axi_periph/m00_couplers/auto_pc/inst/gen_axilite.gen_b2s_conv.axilite_b2s/RD.r_channel_0/rd_data_fifo_0/memory_reg[31][0]_srl32/CLK
High Pulse Width  Slow    SRLC32E/CLK         n/a            0.980         20.000      19.020     SLICE_X26Y83  design_1_i/ps7_0_axi_periph/m00_couplers/auto_pc/inst/gen_axilite.gen_b2s_conv.axilite_b2s/RD.r_channel_0/rd_data_fifo_0/memory_reg[31][1]_srl32/CLK
High Pulse Width  Slow    SRLC32E/CLK         n/a            0.980         20.000      19.020     SLICE_X30Y83  design_1_i/ps7_0_axi_periph/m00_couplers/auto_pc/inst/gen_axilite.gen_b2s_conv.axilite_b2s/RD.r_channel_0/rd_data_fifo_0/memory_reg[31][2]_srl32/CLK
High Pulse Width  Slow    SRLC32E/CLK         n/a            0.980         20.000      19.020     SLICE_X26Y83  design_1_i/ps7_0_axi_periph/m00_couplers/auto_pc/inst/gen_axilite.gen_b2s_conv.axilite_b2s/RD.r_channel_0/rd_data_fifo_0/memory_reg[31][3]_srl32/CLK
High Pulse Width  Slow    SRLC32E/CLK         n/a            0.980         20.000      19.020     SLICE_X26Y83  design_1_i/ps7_0_axi_periph/m00_couplers/auto_pc/inst/gen_axilite.gen_b2s_conv.axilite_b2s/RD.r_channel_0/rd_data_fifo_0/memory_reg[31][4]_srl32/CLK
High Pulse Width  Slow    SRLC32E/CLK         n/a            0.980         20.000      19.020     SLICE_X26Y83  design_1_i/ps7_0_axi_periph/m00_couplers/auto_pc/inst/gen_axilite.gen_b2s_conv.axilite_b2s/RD.r_channel_0/rd_data_fifo_0/memory_reg[31][6]_srl32/CLK
High Pulse Width  Slow    SRL16E/CLK          n/a            0.980         20.000      19.020     SLICE_X46Y99  design_1_i/axi_bram_ctrl_1/U0/gext_inst.abcv4_0_ext_inst/GEN_AXI4.I_FULL_AXI/I_WR_CHNL/BID_FIFO/FIFO_RAM[0].SRL16E_I/CLK
High Pulse Width  Slow    SRL16E/CLK          n/a            0.980         20.000      19.020     SLICE_X46Y99  design_1_i/axi_bram_ctrl_1/U0/gext_inst.abcv4_0_ext_inst/GEN_AXI4.I_FULL_AXI/I_WR_CHNL/BID_FIFO/FIFO_RAM[1].SRL16E_I/CLK
High Pulse Width  Slow    SRL16E/CLK          n/a            0.980         20.000      19.020     SLICE_X46Y99  design_1_i/axi_bram_ctrl_1/U0/gext_inst.abcv4_0_ext_inst/GEN_AXI4.I_FULL_AXI/I_WR_CHNL/BID_FIFO/FIFO_RAM[2].SRL16E_I/CLK
High Pulse Width  Slow    SRL16E/CLK          n/a            0.980         20.000      19.020     SLICE_X46Y99  design_1_i/axi_bram_ctrl_1/U0/gext_inst.abcv4_0_ext_inst/GEN_AXI4.I_FULL_AXI/I_WR_CHNL/BID_FIFO/FIFO_RAM[3].SRL16E_I/CLK



