16:44:50 INFO  : Registering command handlers for SDK TCF services
16:44:51 INFO  : Launching XSCT server: xsct.bat -interactive D:\research\pingpong\project_1\project_1.sdk\temp_xsdb_launch_script.tcl
16:44:54 INFO  : XSCT server has started successfully.
16:44:54 INFO  : Successfully done setting XSCT server connection channel  
16:44:57 INFO  : Successfully done setting SDK workspace  
16:44:57 INFO  : Processing command line option -hwspec D:/research/pingpong/project_1/project_1.sdk/design_1_wrapper.hdf.
17:05:57 INFO  : Connected to target on host '127.0.0.1' and port '3121'.
17:05:58 INFO  : 'targets -set -filter {jtag_cable_name =~ "Xilinx TUL 1234-tulA" && level==0} -index 1' command is executed.
17:06:00 INFO  : FPGA configured successfully with bitstream "D:/research/pingpong/project_1/project_1.sdk/design_1_wrapper_hw_platform_0/design_1_wrapper.bit"
17:06:26 INFO  : 'targets -set -filter {jtag_cable_name =~ "Xilinx TUL 1234-tulA" && level==0} -index 1' command is executed.
17:06:26 INFO  : 'fpga -state' command is executed.
17:06:26 INFO  : Connected to target on host '127.0.0.1' and port '3121'.
17:06:26 INFO  : Jtag cable 'Xilinx TUL 1234-tulA' is selected.
17:06:26 INFO  : 'jtag frequency' command is executed.
17:06:26 INFO  : Sourcing of 'D:/research/pingpong/project_1/project_1.sdk/design_1_wrapper_hw_platform_0/ps7_init.tcl' is done.
17:06:26 INFO  : Context for 'APU' is selected.
17:06:26 INFO  : Hardware design information is loaded from 'D:/research/pingpong/project_1/project_1.sdk/design_1_wrapper_hw_platform_0/system.hdf'.
17:06:26 INFO  : 'configparams force-mem-access 1' command is executed.
17:06:26 INFO  : Context for 'APU' is selected.
17:06:26 INFO  : 'stop' command is executed.
17:06:26 INFO  : 'ps7_init' command is executed.
17:06:26 INFO  : 'ps7_post_config' command is executed.
17:06:26 INFO  : Context for processor 'ps7_cortexa9_0' is selected.
17:06:26 INFO  : Processor reset is completed for 'ps7_cortexa9_0'.
17:06:26 INFO  : Context for processor 'ps7_cortexa9_0' is selected.
17:06:27 INFO  : The application 'D:/research/pingpong/project_1/project_1.sdk/2026_3_29/Debug/2026_3_29.elf' is downloaded to processor 'ps7_cortexa9_0'.
17:06:27 INFO  : 'configparams force-mem-access 0' command is executed.
17:06:27 INFO  : ----------------XSDB Script----------------
connect -url tcp:127.0.0.1:3121
source D:/research/pingpong/project_1/project_1.sdk/design_1_wrapper_hw_platform_0/ps7_init.tcl
targets -set -nocase -filter {name =~"APU*" && jtag_cable_name =~ "Xilinx TUL 1234-tulA"} -index 0
loadhw -hw D:/research/pingpong/project_1/project_1.sdk/design_1_wrapper_hw_platform_0/system.hdf -mem-ranges [list {0x40000000 0xbfffffff}]
configparams force-mem-access 1
targets -set -nocase -filter {name =~"APU*" && jtag_cable_name =~ "Xilinx TUL 1234-tulA"} -index 0
stop
ps7_init
ps7_post_config
targets -set -nocase -filter {name =~ "ARM*#0" && jtag_cable_name =~ "Xilinx TUL 1234-tulA"} -index 0
rst -processor
targets -set -nocase -filter {name =~ "ARM*#0" && jtag_cable_name =~ "Xilinx TUL 1234-tulA"} -index 0
dow D:/research/pingpong/project_1/project_1.sdk/2026_3_29/Debug/2026_3_29.elf
configparams force-mem-access 0
----------------End of Script----------------

17:06:27 INFO  : Context for processor 'ps7_cortexa9_0' is selected.
17:06:27 INFO  : 'con' command is executed.
17:06:27 INFO  : ----------------XSDB Script (After Launch)----------------
targets -set -nocase -filter {name =~ "ARM*#0" && jtag_cable_name =~ "Xilinx TUL 1234-tulA"} -index 0
con
----------------End of Script----------------

17:06:27 INFO  : Disconnected from the channel tcfchan#1.
17:14:28 INFO  : Connected to target on host '127.0.0.1' and port '3121'.
17:14:29 INFO  : 'targets -set -filter {jtag_cable_name =~ "Xilinx TUL 1234-tulA" && level==0} -index 1' command is executed.
17:14:31 INFO  : FPGA configured successfully with bitstream "D:/research/pingpong/project_1/project_1.sdk/design_1_wrapper_hw_platform_0/design_1_wrapper.bit"
17:14:36 INFO  : 'targets -set -filter {jtag_cable_name =~ "Xilinx TUL 1234-tulA" && level==0} -index 1' command is executed.
17:14:36 INFO  : 'fpga -state' command is executed.
17:14:36 INFO  : Connected to target on host '127.0.0.1' and port '3121'.
17:14:36 INFO  : Jtag cable 'Xilinx TUL 1234-tulA' is selected.
17:14:36 INFO  : 'jtag frequency' command is executed.
17:14:36 INFO  : Sourcing of 'D:/research/pingpong/project_1/project_1.sdk/design_1_wrapper_hw_platform_0/ps7_init.tcl' is done.
17:14:36 INFO  : Context for 'APU' is selected.
17:14:36 INFO  : Hardware design information is loaded from 'D:/research/pingpong/project_1/project_1.sdk/design_1_wrapper_hw_platform_0/system.hdf'.
17:14:36 INFO  : 'configparams force-mem-access 1' command is executed.
17:14:36 INFO  : Context for 'APU' is selected.
17:14:36 INFO  : 'stop' command is executed.
17:14:37 INFO  : 'ps7_init' command is executed.
17:14:37 INFO  : 'ps7_post_config' command is executed.
17:14:37 INFO  : Context for processor 'ps7_cortexa9_0' is selected.
17:14:37 INFO  : Processor reset is completed for 'ps7_cortexa9_0'.
17:14:37 INFO  : Context for processor 'ps7_cortexa9_0' is selected.
17:14:37 INFO  : The application 'D:/research/pingpong/project_1/project_1.sdk/2026_3_29/Debug/2026_3_29.elf' is downloaded to processor 'ps7_cortexa9_0'.
17:14:37 INFO  : 'configparams force-mem-access 0' command is executed.
17:14:37 INFO  : ----------------XSDB Script----------------
connect -url tcp:127.0.0.1:3121
source D:/research/pingpong/project_1/project_1.sdk/design_1_wrapper_hw_platform_0/ps7_init.tcl
targets -set -nocase -filter {name =~"APU*" && jtag_cable_name =~ "Xilinx TUL 1234-tulA"} -index 0
loadhw -hw D:/research/pingpong/project_1/project_1.sdk/design_1_wrapper_hw_platform_0/system.hdf -mem-ranges [list {0x40000000 0xbfffffff}]
configparams force-mem-access 1
targets -set -nocase -filter {name =~"APU*" && jtag_cable_name =~ "Xilinx TUL 1234-tulA"} -index 0
stop
ps7_init
ps7_post_config
targets -set -nocase -filter {name =~ "ARM*#0" && jtag_cable_name =~ "Xilinx TUL 1234-tulA"} -index 0
rst -processor
targets -set -nocase -filter {name =~ "ARM*#0" && jtag_cable_name =~ "Xilinx TUL 1234-tulA"} -index 0
dow D:/research/pingpong/project_1/project_1.sdk/2026_3_29/Debug/2026_3_29.elf
configparams force-mem-access 0
----------------End of Script----------------

17:14:37 INFO  : Context for processor 'ps7_cortexa9_0' is selected.
17:14:37 INFO  : 'con' command is executed.
17:14:37 INFO  : ----------------XSDB Script (After Launch)----------------
targets -set -nocase -filter {name =~ "ARM*#0" && jtag_cable_name =~ "Xilinx TUL 1234-tulA"} -index 0
con
----------------End of Script----------------

17:14:37 INFO  : Disconnected from the channel tcfchan#2.
17:17:56 INFO  : 'targets -set -filter {jtag_cable_name =~ "Xilinx TUL 1234-tulA" && level==0} -index 1' command is executed.
17:17:56 INFO  : 'fpga -state' command is executed.
17:17:56 INFO  : Connected to target on host '127.0.0.1' and port '3121'.
17:17:56 INFO  : Jtag cable 'Xilinx TUL 1234-tulA' is selected.
17:17:56 INFO  : 'jtag frequency' command is executed.
17:17:56 INFO  : Sourcing of 'D:/research/pingpong/project_1/project_1.sdk/design_1_wrapper_hw_platform_0/ps7_init.tcl' is done.
17:17:56 INFO  : Context for 'APU' is selected.
17:17:57 INFO  : Hardware design information is loaded from 'D:/research/pingpong/project_1/project_1.sdk/design_1_wrapper_hw_platform_0/system.hdf'.
17:17:57 INFO  : 'configparams force-mem-access 1' command is executed.
17:17:57 INFO  : Context for 'APU' is selected.
17:17:57 INFO  : 'stop' command is executed.
17:17:57 INFO  : 'ps7_init' command is executed.
17:17:57 INFO  : 'ps7_post_config' command is executed.
17:17:57 INFO  : Context for processor 'ps7_cortexa9_0' is selected.
17:17:57 INFO  : Processor reset is completed for 'ps7_cortexa9_0'.
17:17:57 INFO  : Context for processor 'ps7_cortexa9_0' is selected.
17:17:57 INFO  : The application 'D:/research/pingpong/project_1/project_1.sdk/2026_3_29/Debug/2026_3_29.elf' is downloaded to processor 'ps7_cortexa9_0'.
17:17:57 INFO  : 'configparams force-mem-access 0' command is executed.
17:17:57 INFO  : ----------------XSDB Script----------------
connect -url tcp:127.0.0.1:3121
source D:/research/pingpong/project_1/project_1.sdk/design_1_wrapper_hw_platform_0/ps7_init.tcl
targets -set -nocase -filter {name =~"APU*" && jtag_cable_name =~ "Xilinx TUL 1234-tulA"} -index 0
loadhw -hw D:/research/pingpong/project_1/project_1.sdk/design_1_wrapper_hw_platform_0/system.hdf -mem-ranges [list {0x40000000 0xbfffffff}]
configparams force-mem-access 1
targets -set -nocase -filter {name =~"APU*" && jtag_cable_name =~ "Xilinx TUL 1234-tulA"} -index 0
stop
ps7_init
ps7_post_config
targets -set -nocase -filter {name =~ "ARM*#0" && jtag_cable_name =~ "Xilinx TUL 1234-tulA"} -index 0
rst -processor
targets -set -nocase -filter {name =~ "ARM*#0" && jtag_cable_name =~ "Xilinx TUL 1234-tulA"} -index 0
dow D:/research/pingpong/project_1/project_1.sdk/2026_3_29/Debug/2026_3_29.elf
configparams force-mem-access 0
----------------End of Script----------------

17:17:57 INFO  : Context for processor 'ps7_cortexa9_0' is selected.
17:17:58 INFO  : 'con' command is executed.
17:17:58 INFO  : ----------------XSDB Script (After Launch)----------------
targets -set -nocase -filter {name =~ "ARM*#0" && jtag_cable_name =~ "Xilinx TUL 1234-tulA"} -index 0
con
----------------End of Script----------------

17:17:58 INFO  : Disconnected from the channel tcfchan#3.
17:18:21 INFO  : 'targets -set -filter {jtag_cable_name =~ "Xilinx TUL 1234-tulA" && level==0} -index 1' command is executed.
17:18:21 INFO  : 'fpga -state' command is executed.
17:18:21 INFO  : Connected to target on host '127.0.0.1' and port '3121'.
17:18:21 INFO  : Jtag cable 'Xilinx TUL 1234-tulA' is selected.
17:18:21 INFO  : 'jtag frequency' command is executed.
17:18:21 INFO  : Sourcing of 'D:/research/pingpong/project_1/project_1.sdk/design_1_wrapper_hw_platform_0/ps7_init.tcl' is done.
17:18:21 INFO  : Context for 'APU' is selected.
17:18:21 INFO  : Hardware design information is loaded from 'D:/research/pingpong/project_1/project_1.sdk/design_1_wrapper_hw_platform_0/system.hdf'.
17:18:21 INFO  : 'configparams force-mem-access 1' command is executed.
17:18:21 INFO  : Context for 'APU' is selected.
17:18:21 INFO  : 'stop' command is executed.
17:18:21 INFO  : 'ps7_init' command is executed.
17:18:21 INFO  : 'ps7_post_config' command is executed.
17:18:21 INFO  : Context for processor 'ps7_cortexa9_0' is selected.
17:18:21 INFO  : Processor reset is completed for 'ps7_cortexa9_0'.
17:18:21 INFO  : Context for processor 'ps7_cortexa9_0' is selected.
17:18:22 INFO  : The application 'D:/research/pingpong/project_1/project_1.sdk/2026_3_29/Debug/2026_3_29.elf' is downloaded to processor 'ps7_cortexa9_0'.
17:18:22 INFO  : 'configparams force-mem-access 0' command is executed.
17:18:22 INFO  : ----------------XSDB Script----------------
connect -url tcp:127.0.0.1:3121
source D:/research/pingpong/project_1/project_1.sdk/design_1_wrapper_hw_platform_0/ps7_init.tcl
targets -set -nocase -filter {name =~"APU*" && jtag_cable_name =~ "Xilinx TUL 1234-tulA"} -index 0
loadhw -hw D:/research/pingpong/project_1/project_1.sdk/design_1_wrapper_hw_platform_0/system.hdf -mem-ranges [list {0x40000000 0xbfffffff}]
configparams force-mem-access 1
targets -set -nocase -filter {name =~"APU*" && jtag_cable_name =~ "Xilinx TUL 1234-tulA"} -index 0
stop
ps7_init
ps7_post_config
targets -set -nocase -filter {name =~ "ARM*#0" && jtag_cable_name =~ "Xilinx TUL 1234-tulA"} -index 0
rst -processor
targets -set -nocase -filter {name =~ "ARM*#0" && jtag_cable_name =~ "Xilinx TUL 1234-tulA"} -index 0
dow D:/research/pingpong/project_1/project_1.sdk/2026_3_29/Debug/2026_3_29.elf
configparams force-mem-access 0
----------------End of Script----------------

17:18:22 INFO  : Context for processor 'ps7_cortexa9_0' is selected.
17:18:22 INFO  : 'con' command is executed.
17:18:22 INFO  : ----------------XSDB Script (After Launch)----------------
targets -set -nocase -filter {name =~ "ARM*#0" && jtag_cable_name =~ "Xilinx TUL 1234-tulA"} -index 0
con
----------------End of Script----------------

17:18:22 INFO  : Disconnected from the channel tcfchan#4.
15:32:49 INFO  : Launching XSCT server: xsct.bat -interactive D:\research\pingpong\project_1\project_1.sdk\temp_xsdb_launch_script.tcl
15:32:52 INFO  : XSCT server has started successfully.
15:32:58 INFO  : Successfully done setting XSCT server connection channel  
15:32:58 INFO  : Successfully done setting SDK workspace  
15:33:03 INFO  : Registering command handlers for SDK TCF services
15:33:04 INFO  : Processing command line option -hwspec D:/research/pingpong/project_1/project_1.sdk/design_1_wrapper.hdf.
15:33:04 INFO  : Checking for hwspec changes in the project design_1_wrapper_hw_platform_0.
15:33:04 INFO  : SDK has detected change in the last modified timestamps for source hardware specification file Source:1774855564343,  Project:1774773831592
15:33:04 INFO  : The hardware specification for project 'design_1_wrapper_hw_platform_0' is different from D:/research/pingpong/project_1/project_1.sdk/design_1_wrapper.hdf.
15:33:05 INFO  : Copied contents of D:/research/pingpong/project_1/project_1.sdk/design_1_wrapper.hdf into \design_1_wrapper_hw_platform_0\system.hdf.
15:33:07 INFO  : Synchronizing projects in the workspace with the hardware platform specification changes.
15:33:09 INFO  : 
15:33:12 INFO  : Updating hardware inferred compiler options for 2026_3_29.
15:33:12 INFO  : Clearing existing target manager status.
15:33:12 INFO  : Closing and re-opening the MSS file of ther project 2026_3_29_bsp
15:33:13 INFO  : Workspace synchronized with the new hardware specification file. Cleaning dependent projects...
15:33:16 WARN  : Linker script will not be updated automatically. Users need to update it manually.
15:37:43 INFO  : Connected to target on host '127.0.0.1' and port '3121'.
15:37:43 INFO  : 'targets -set -filter {jtag_cable_name =~ "Xilinx TUL 1234-tulA" && level==0} -index 1' command is executed.
15:37:46 INFO  : FPGA configured successfully with bitstream "D:/research/pingpong/project_1/project_1.sdk/design_1_wrapper_hw_platform_0/design_1_wrapper.bit"
15:37:59 INFO  : 'targets -set -filter {jtag_cable_name =~ "Xilinx TUL 1234-tulA" && level==0} -index 1' command is executed.
15:37:59 INFO  : 'fpga -state' command is executed.
15:37:59 INFO  : Connected to target on host '127.0.0.1' and port '3121'.
15:37:59 INFO  : Jtag cable 'Xilinx TUL 1234-tulA' is selected.
15:37:59 INFO  : 'jtag frequency' command is executed.
15:37:59 INFO  : Sourcing of 'D:/research/pingpong/project_1/project_1.sdk/design_1_wrapper_hw_platform_0/ps7_init.tcl' is done.
15:37:59 INFO  : Context for 'APU' is selected.
15:37:59 INFO  : Hardware design information is loaded from 'D:/research/pingpong/project_1/project_1.sdk/design_1_wrapper_hw_platform_0/system.hdf'.
15:37:59 INFO  : 'configparams force-mem-access 1' command is executed.
15:37:59 INFO  : Context for 'APU' is selected.
15:37:59 INFO  : 'stop' command is executed.
15:37:59 INFO  : 'ps7_init' command is executed.
15:37:59 INFO  : 'ps7_post_config' command is executed.
15:37:59 INFO  : Context for processor 'ps7_cortexa9_0' is selected.
15:37:59 INFO  : Processor reset is completed for 'ps7_cortexa9_0'.
15:37:59 INFO  : Context for processor 'ps7_cortexa9_0' is selected.
15:38:00 INFO  : The application 'D:/research/pingpong/project_1/project_1.sdk/2026_3_29/Debug/2026_3_29.elf' is downloaded to processor 'ps7_cortexa9_0'.
15:38:00 INFO  : 'configparams force-mem-access 0' command is executed.
15:38:00 INFO  : ----------------XSDB Script----------------
connect -url tcp:127.0.0.1:3121
source D:/research/pingpong/project_1/project_1.sdk/design_1_wrapper_hw_platform_0/ps7_init.tcl
targets -set -nocase -filter {name =~"APU*" && jtag_cable_name =~ "Xilinx TUL 1234-tulA"} -index 0
loadhw -hw D:/research/pingpong/project_1/project_1.sdk/design_1_wrapper_hw_platform_0/system.hdf -mem-ranges [list {0x40000000 0xbfffffff}]
configparams force-mem-access 1
targets -set -nocase -filter {name =~"APU*" && jtag_cable_name =~ "Xilinx TUL 1234-tulA"} -index 0
stop
ps7_init
ps7_post_config
targets -set -nocase -filter {name =~ "ARM*#0" && jtag_cable_name =~ "Xilinx TUL 1234-tulA"} -index 0
rst -processor
targets -set -nocase -filter {name =~ "ARM*#0" && jtag_cable_name =~ "Xilinx TUL 1234-tulA"} -index 0
dow D:/research/pingpong/project_1/project_1.sdk/2026_3_29/Debug/2026_3_29.elf
configparams force-mem-access 0
----------------End of Script----------------

15:38:00 INFO  : Context for processor 'ps7_cortexa9_0' is selected.
15:38:00 INFO  : 'con' command is executed.
15:38:00 INFO  : ----------------XSDB Script (After Launch)----------------
targets -set -nocase -filter {name =~ "ARM*#0" && jtag_cable_name =~ "Xilinx TUL 1234-tulA"} -index 0
con
----------------End of Script----------------

15:38:00 INFO  : Disconnected from the channel tcfchan#1.
15:55:27 INFO  : Registering command handlers for SDK TCF services
15:55:28 INFO  : Launching XSCT server: xsct.bat -interactive D:\research\pingpong\project_1\project_1.sdk\temp_xsdb_launch_script.tcl
15:55:30 INFO  : XSCT server has started successfully.
15:55:30 INFO  : Successfully done setting XSCT server connection channel  
15:55:30 INFO  : Successfully done setting SDK workspace  
15:55:30 INFO  : Processing command line option -hwspec D:/research/pingpong/project_1/project_1.sdk/design_1_wrapper.hdf.
15:55:30 INFO  : Checking for hwspec changes in the project design_1_wrapper_hw_platform_0.
15:55:32 INFO  : SDK has detected change in the last modified timestamps for source hardware specification file Source:1774857304780,  Project:1774855564343
15:55:32 INFO  : The hardware specification for project 'design_1_wrapper_hw_platform_0' is different from D:/research/pingpong/project_1/project_1.sdk/design_1_wrapper.hdf.
15:55:32 INFO  : Copied contents of D:/research/pingpong/project_1/project_1.sdk/design_1_wrapper.hdf into \design_1_wrapper_hw_platform_0\system.hdf.
15:55:34 INFO  : Synchronizing projects in the workspace with the hardware platform specification changes.
15:55:36 INFO  : 
15:55:37 INFO  : Updating hardware inferred compiler options for 2026_3_29.
15:55:37 INFO  : Clearing existing target manager status.
15:56:59 INFO  : Connected to target on host '127.0.0.1' and port '3121'.
15:56:59 INFO  : 'targets -set -filter {jtag_cable_name =~ "Xilinx TUL 1234-tulA" && level==0} -index 1' command is executed.
15:57:02 INFO  : FPGA configured successfully with bitstream "D:/research/pingpong/project_1/project_1.sdk/design_1_wrapper_hw_platform_0/design_1_wrapper.bit"
15:57:22 INFO  : 'targets -set -filter {jtag_cable_name =~ "Xilinx TUL 1234-tulA" && level==0} -index 1' command is executed.
15:57:22 INFO  : 'fpga -state' command is executed.
15:57:22 INFO  : Connected to target on host '127.0.0.1' and port '3121'.
15:57:22 INFO  : Jtag cable 'Xilinx TUL 1234-tulA' is selected.
15:57:22 INFO  : 'jtag frequency' command is executed.
15:57:22 INFO  : Sourcing of 'D:/research/pingpong/project_1/project_1.sdk/design_1_wrapper_hw_platform_0/ps7_init.tcl' is done.
15:57:22 INFO  : Context for 'APU' is selected.
15:57:22 INFO  : Hardware design information is loaded from 'D:/research/pingpong/project_1/project_1.sdk/design_1_wrapper_hw_platform_0/system.hdf'.
15:57:22 INFO  : 'configparams force-mem-access 1' command is executed.
15:57:22 INFO  : Context for 'APU' is selected.
15:57:22 INFO  : 'stop' command is executed.
15:57:22 INFO  : 'ps7_init' command is executed.
15:57:22 INFO  : 'ps7_post_config' command is executed.
15:57:22 INFO  : Context for processor 'ps7_cortexa9_0' is selected.
15:57:22 INFO  : Processor reset is completed for 'ps7_cortexa9_0'.
15:57:22 INFO  : Context for processor 'ps7_cortexa9_0' is selected.
15:57:23 INFO  : The application 'D:/research/pingpong/project_1/project_1.sdk/2026_3_29/Debug/2026_3_29.elf' is downloaded to processor 'ps7_cortexa9_0'.
15:57:23 INFO  : 'configparams force-mem-access 0' command is executed.
15:57:23 INFO  : ----------------XSDB Script----------------
connect -url tcp:127.0.0.1:3121
source D:/research/pingpong/project_1/project_1.sdk/design_1_wrapper_hw_platform_0/ps7_init.tcl
targets -set -nocase -filter {name =~"APU*" && jtag_cable_name =~ "Xilinx TUL 1234-tulA"} -index 0
loadhw -hw D:/research/pingpong/project_1/project_1.sdk/design_1_wrapper_hw_platform_0/system.hdf -mem-ranges [list {0x40000000 0xbfffffff}]
configparams force-mem-access 1
targets -set -nocase -filter {name =~"APU*" && jtag_cable_name =~ "Xilinx TUL 1234-tulA"} -index 0
stop
ps7_init
ps7_post_config
targets -set -nocase -filter {name =~ "ARM*#0" && jtag_cable_name =~ "Xilinx TUL 1234-tulA"} -index 0
rst -processor
targets -set -nocase -filter {name =~ "ARM*#0" && jtag_cable_name =~ "Xilinx TUL 1234-tulA"} -index 0
dow D:/research/pingpong/project_1/project_1.sdk/2026_3_29/Debug/2026_3_29.elf
configparams force-mem-access 0
----------------End of Script----------------

15:57:23 INFO  : Context for processor 'ps7_cortexa9_0' is selected.
15:57:23 INFO  : 'con' command is executed.
15:57:23 INFO  : ----------------XSDB Script (After Launch)----------------
targets -set -nocase -filter {name =~ "ARM*#0" && jtag_cable_name =~ "Xilinx TUL 1234-tulA"} -index 0
con
----------------End of Script----------------

15:57:23 INFO  : Disconnected from the channel tcfchan#1.
15:23:26 INFO  : Registering command handlers for SDK TCF services
15:23:26 INFO  : Launching XSCT server: xsct.bat -interactive C:\ecg_full_release\project_1\project_1.sdk\temp_xsdb_launch_script.tcl
15:23:29 INFO  : XSCT server has started successfully.
15:23:29 INFO  : Successfully done setting XSCT server connection channel  
15:23:33 INFO  : Successfully done setting SDK workspace  
15:23:33 INFO  : Processing command line option -hwspec C:/ecg_full_release/project_1/project_1.sdk/design_1_wrapper.hdf.
15:49:31 INFO  : Registering command handlers for SDK TCF services
15:49:31 INFO  : Launching XSCT server: xsct.bat -interactive C:\ecg_full_release\project_1\project_1.sdk\temp_xsdb_launch_script.tcl
15:49:34 INFO  : XSCT server has started successfully.
15:49:41 INFO  : Successfully done setting XSCT server connection channel  
15:49:41 INFO  : Successfully done setting SDK workspace  
15:49:41 INFO  : Processing command line option -hwspec C:/ecg_full_release/project_1/project_1.sdk/design_1_wrapper.hdf.
15:49:41 INFO  : Checking for hwspec changes in the project design_1_wrapper_hw_platform_1.
15:49:47 INFO  : SDK has detected change in the last modified timestamps for source hardware specification file Source:1776411799666,  Project:1774857304780
15:49:47 INFO  : The hardware specification for project 'design_1_wrapper_hw_platform_1' is different from C:/ecg_full_release/project_1/project_1.sdk/design_1_wrapper.hdf.
15:49:47 INFO  : Copied contents of C:/ecg_full_release/project_1/project_1.sdk/design_1_wrapper.hdf into \design_1_wrapper_hw_platform_1\system.hdf.
15:49:48 INFO  : Synchronizing projects in the workspace with the hardware platform specification changes.
15:49:48 INFO  : Clearing existing target manager status.
15:49:48 INFO  : Workspace synchronized with the new hardware specification file. Cleaning dependent projects...
15:49:48 WARN  : Linker script will not be updated automatically. Users need to update it manually.
16:01:19 INFO  : Connected to target on host '127.0.0.1' and port '3121'.
16:01:20 INFO  : 'targets -set -filter {jtag_cable_name =~ "Digilent JTAG-HS2 210249854606A" && level==0} -index 1' command is executed.
16:01:23 INFO  : FPGA configured successfully with bitstream "C:/ecg_full_release/project_1/project_1.sdk/design_1_wrapper_hw_platform_0/design_1_wrapper.bit"
16:01:35 INFO  : 'targets -set -filter {jtag_cable_name =~ "Digilent JTAG-HS2 210249854606A" && level==0} -index 1' command is executed.
16:01:35 INFO  : 'fpga -state' command is executed.
16:01:35 INFO  : Connected to target on host '127.0.0.1' and port '3121'.
16:01:35 INFO  : Jtag cable 'Digilent JTAG-HS2 210249854606A' is selected.
16:01:35 INFO  : 'jtag frequency' command is executed.
16:01:35 INFO  : Sourcing of 'C:/ecg_full_release/project_1/project_1.sdk/design_1_wrapper_hw_platform_0/ps7_init.tcl' is done.
16:01:35 INFO  : Context for 'APU' is selected.
16:01:35 INFO  : Hardware design information is loaded from 'C:/ecg_full_release/project_1/project_1.sdk/design_1_wrapper_hw_platform_0/system.hdf'.
16:01:35 INFO  : 'configparams force-mem-access 1' command is executed.
16:01:35 INFO  : Context for 'APU' is selected.
16:01:35 INFO  : 'stop' command is executed.
16:01:36 INFO  : 'ps7_init' command is executed.
16:01:36 INFO  : 'ps7_post_config' command is executed.
16:01:36 INFO  : Context for processor 'ps7_cortexa9_0' is selected.
16:01:36 INFO  : Processor reset is completed for 'ps7_cortexa9_0'.
16:01:36 INFO  : Context for processor 'ps7_cortexa9_0' is selected.
16:01:36 INFO  : The application 'C:/ecg_full_release/project_1/project_1.sdk/2026_3_29/Debug/2026_3_29.elf' is downloaded to processor 'ps7_cortexa9_0'.
16:01:36 INFO  : 'configparams force-mem-access 0' command is executed.
16:01:36 INFO  : ----------------XSDB Script----------------
connect -url tcp:127.0.0.1:3121
source C:/ecg_full_release/project_1/project_1.sdk/design_1_wrapper_hw_platform_0/ps7_init.tcl
targets -set -nocase -filter {name =~"APU*" && jtag_cable_name =~ "Digilent JTAG-HS2 210249854606A"} -index 0
loadhw -hw C:/ecg_full_release/project_1/project_1.sdk/design_1_wrapper_hw_platform_0/system.hdf -mem-ranges [list {0x40000000 0xbfffffff}]
configparams force-mem-access 1
targets -set -nocase -filter {name =~"APU*" && jtag_cable_name =~ "Digilent JTAG-HS2 210249854606A"} -index 0
stop
ps7_init
ps7_post_config
targets -set -nocase -filter {name =~ "ARM*#0" && jtag_cable_name =~ "Digilent JTAG-HS2 210249854606A"} -index 0
rst -processor
targets -set -nocase -filter {name =~ "ARM*#0" && jtag_cable_name =~ "Digilent JTAG-HS2 210249854606A"} -index 0
dow C:/ecg_full_release/project_1/project_1.sdk/2026_3_29/Debug/2026_3_29.elf
configparams force-mem-access 0
----------------End of Script----------------

16:01:36 INFO  : Context for processor 'ps7_cortexa9_0' is selected.
16:01:36 INFO  : 'con' command is executed.
16:01:36 INFO  : ----------------XSDB Script (After Launch)----------------
targets -set -nocase -filter {name =~ "ARM*#0" && jtag_cable_name =~ "Digilent JTAG-HS2 210249854606A"} -index 0
con
----------------End of Script----------------

16:01:36 INFO  : Disconnected from the channel tcfchan#1.
16:07:57 INFO  : Registering command handlers for SDK TCF services
16:07:59 INFO  : Launching XSCT server: xsct.bat -interactive C:\ecg_full_release\project_1\project_1.sdk\temp_xsdb_launch_script.tcl
16:08:01 INFO  : XSCT server has started successfully.
16:08:01 INFO  : Successfully done setting XSCT server connection channel  
16:08:05 INFO  : Successfully done setting SDK workspace  
16:08:05 INFO  : Processing command line option -hwspec C:/ecg_full_release/project_1/project_1.sdk/design_1_wrapper.hdf.
16:08:05 INFO  : Checking for hwspec changes in the project design_1_wrapper_hw_platform_1.
18:04:22 INFO  : Connected to target on host '127.0.0.1' and port '3121'.
18:04:23 INFO  : 'targets -set -filter {jtag_cable_name =~ "Digilent JTAG-HS2 210249854606A" && level==0} -index 1' command is executed.
18:04:26 INFO  : FPGA configured successfully with bitstream "C:/ecg_full_release/project_1/project_1.sdk/design_1_wrapper_hw_platform_0/design_1_wrapper.bit"
18:05:01 INFO  : 'targets -set -filter {jtag_cable_name =~ "Digilent JTAG-HS2 210249854606A" && level==0} -index 1' command is executed.
18:05:01 INFO  : 'fpga -state' command is executed.
18:05:01 INFO  : Connected to target on host '127.0.0.1' and port '3121'.
18:05:01 INFO  : Jtag cable 'Digilent JTAG-HS2 210249854606A' is selected.
18:05:01 INFO  : 'jtag frequency' command is executed.
18:05:01 INFO  : Sourcing of 'C:/ecg_full_release/project_1/project_1.sdk/design_1_wrapper_hw_platform_0/ps7_init.tcl' is done.
18:05:01 INFO  : Context for 'APU' is selected.
18:05:01 INFO  : Hardware design information is loaded from 'C:/ecg_full_release/project_1/project_1.sdk/design_1_wrapper_hw_platform_0/system.hdf'.
18:05:01 INFO  : 'configparams force-mem-access 1' command is executed.
18:05:01 INFO  : Context for 'APU' is selected.
18:05:01 INFO  : 'stop' command is executed.
18:05:02 INFO  : 'ps7_init' command is executed.
18:05:02 INFO  : 'ps7_post_config' command is executed.
18:05:02 INFO  : Context for processor 'ps7_cortexa9_0' is selected.
18:05:02 INFO  : Processor reset is completed for 'ps7_cortexa9_0'.
18:05:02 INFO  : Context for processor 'ps7_cortexa9_0' is selected.
18:05:05 INFO  : The application 'C:/ecg_full_release/project_1/project_1.sdk/2026_3_29/Debug/2026_3_29.elf' is downloaded to processor 'ps7_cortexa9_0'.
18:05:05 INFO  : 'configparams force-mem-access 0' command is executed.
18:05:05 INFO  : ----------------XSDB Script----------------
connect -url tcp:127.0.0.1:3121
source C:/ecg_full_release/project_1/project_1.sdk/design_1_wrapper_hw_platform_0/ps7_init.tcl
targets -set -nocase -filter {name =~"APU*" && jtag_cable_name =~ "Digilent JTAG-HS2 210249854606A"} -index 0
loadhw -hw C:/ecg_full_release/project_1/project_1.sdk/design_1_wrapper_hw_platform_0/system.hdf -mem-ranges [list {0x40000000 0xbfffffff}]
configparams force-mem-access 1
targets -set -nocase -filter {name =~"APU*" && jtag_cable_name =~ "Digilent JTAG-HS2 210249854606A"} -index 0
stop
ps7_init
ps7_post_config
targets -set -nocase -filter {name =~ "ARM*#0" && jtag_cable_name =~ "Digilent JTAG-HS2 210249854606A"} -index 0
rst -processor
targets -set -nocase -filter {name =~ "ARM*#0" && jtag_cable_name =~ "Digilent JTAG-HS2 210249854606A"} -index 0
dow C:/ecg_full_release/project_1/project_1.sdk/2026_3_29/Debug/2026_3_29.elf
configparams force-mem-access 0
----------------End of Script----------------

18:05:05 INFO  : Context for processor 'ps7_cortexa9_0' is selected.
18:05:05 INFO  : 'con' command is executed.
18:05:05 INFO  : ----------------XSDB Script (After Launch)----------------
targets -set -nocase -filter {name =~ "ARM*#0" && jtag_cable_name =~ "Digilent JTAG-HS2 210249854606A"} -index 0
con
----------------End of Script----------------

18:05:05 INFO  : Disconnected from the channel tcfchan#1.
18:15:37 INFO  : Connected to target on host '127.0.0.1' and port '3121'.
18:15:38 INFO  : 'targets -set -filter {jtag_cable_name =~ "Digilent JTAG-HS2 210249854606A" && level==0} -index 1' command is executed.
18:15:41 INFO  : FPGA configured successfully with bitstream "C:/ecg_full_release/project_1/project_1.sdk/design_1_wrapper_hw_platform_0/design_1_wrapper.bit"
18:15:55 INFO  : 'targets -set -filter {jtag_cable_name =~ "Digilent JTAG-HS2 210249854606A" && level==0} -index 1' command is executed.
18:15:55 INFO  : 'fpga -state' command is executed.
18:15:55 INFO  : Connected to target on host '127.0.0.1' and port '3121'.
18:15:55 INFO  : Jtag cable 'Digilent JTAG-HS2 210249854606A' is selected.
18:15:55 INFO  : 'jtag frequency' command is executed.
18:15:55 INFO  : Sourcing of 'C:/ecg_full_release/project_1/project_1.sdk/design_1_wrapper_hw_platform_0/ps7_init.tcl' is done.
18:15:55 INFO  : Context for 'APU' is selected.
18:15:55 INFO  : Hardware design information is loaded from 'C:/ecg_full_release/project_1/project_1.sdk/design_1_wrapper_hw_platform_0/system.hdf'.
18:15:55 INFO  : 'configparams force-mem-access 1' command is executed.
18:15:55 INFO  : Context for 'APU' is selected.
18:15:55 INFO  : 'stop' command is executed.
18:15:55 INFO  : 'ps7_init' command is executed.
18:15:55 INFO  : 'ps7_post_config' command is executed.
18:15:55 INFO  : Context for processor 'ps7_cortexa9_0' is selected.
18:15:55 INFO  : Processor reset is completed for 'ps7_cortexa9_0'.
18:15:55 INFO  : Context for processor 'ps7_cortexa9_0' is selected.
18:15:59 INFO  : The application 'C:/ecg_full_release/project_1/project_1.sdk/2026_3_29/Debug/2026_3_29.elf' is downloaded to processor 'ps7_cortexa9_0'.
18:15:59 INFO  : 'configparams force-mem-access 0' command is executed.
18:15:59 INFO  : ----------------XSDB Script----------------
connect -url tcp:127.0.0.1:3121
source C:/ecg_full_release/project_1/project_1.sdk/design_1_wrapper_hw_platform_0/ps7_init.tcl
targets -set -nocase -filter {name =~"APU*" && jtag_cable_name =~ "Digilent JTAG-HS2 210249854606A"} -index 0
loadhw -hw C:/ecg_full_release/project_1/project_1.sdk/design_1_wrapper_hw_platform_0/system.hdf -mem-ranges [list {0x40000000 0xbfffffff}]
configparams force-mem-access 1
targets -set -nocase -filter {name =~"APU*" && jtag_cable_name =~ "Digilent JTAG-HS2 210249854606A"} -index 0
stop
ps7_init
ps7_post_config
targets -set -nocase -filter {name =~ "ARM*#0" && jtag_cable_name =~ "Digilent JTAG-HS2 210249854606A"} -index 0
rst -processor
targets -set -nocase -filter {name =~ "ARM*#0" && jtag_cable_name =~ "Digilent JTAG-HS2 210249854606A"} -index 0
dow C:/ecg_full_release/project_1/project_1.sdk/2026_3_29/Debug/2026_3_29.elf
configparams force-mem-access 0
----------------End of Script----------------

18:15:59 INFO  : Context for processor 'ps7_cortexa9_0' is selected.
18:15:59 INFO  : 'con' command is executed.
18:15:59 INFO  : ----------------XSDB Script (After Launch)----------------
targets -set -nocase -filter {name =~ "ARM*#0" && jtag_cable_name =~ "Digilent JTAG-HS2 210249854606A"} -index 0
con
----------------End of Script----------------

18:15:59 INFO  : Disconnected from the channel tcfchan#2.
18:16:47 INFO  : Connected to target on host '127.0.0.1' and port '3121'.
18:16:48 INFO  : 'targets -set -filter {jtag_cable_name =~ "Digilent JTAG-HS2 210249854606A" && level==0} -index 1' command is executed.
18:16:51 INFO  : FPGA configured successfully with bitstream "C:/ecg_full_release/project_1/project_1.sdk/design_1_wrapper_hw_platform_0/design_1_wrapper.bit"
18:17:03 INFO  : 'targets -set -filter {jtag_cable_name =~ "Digilent JTAG-HS2 210249854606A" && level==0} -index 1' command is executed.
18:17:03 INFO  : 'fpga -state' command is executed.
18:17:03 INFO  : Connected to target on host '127.0.0.1' and port '3121'.
18:17:03 INFO  : Jtag cable 'Digilent JTAG-HS2 210249854606A' is selected.
18:17:03 INFO  : 'jtag frequency' command is executed.
18:17:03 INFO  : Sourcing of 'C:/ecg_full_release/project_1/project_1.sdk/design_1_wrapper_hw_platform_0/ps7_init.tcl' is done.
18:17:03 INFO  : Context for 'APU' is selected.
18:17:03 INFO  : Hardware design information is loaded from 'C:/ecg_full_release/project_1/project_1.sdk/design_1_wrapper_hw_platform_0/system.hdf'.
18:17:03 INFO  : 'configparams force-mem-access 1' command is executed.
18:17:03 INFO  : Context for 'APU' is selected.
18:17:03 INFO  : 'stop' command is executed.
18:17:03 INFO  : 'ps7_init' command is executed.
18:17:03 INFO  : 'ps7_post_config' command is executed.
18:17:03 INFO  : Context for processor 'ps7_cortexa9_0' is selected.
18:17:03 INFO  : Processor reset is completed for 'ps7_cortexa9_0'.
18:17:03 INFO  : Context for processor 'ps7_cortexa9_0' is selected.
18:17:07 INFO  : The application 'C:/ecg_full_release/project_1/project_1.sdk/2026_3_29/Debug/2026_3_29.elf' is downloaded to processor 'ps7_cortexa9_0'.
18:17:07 INFO  : 'configparams force-mem-access 0' command is executed.
18:17:07 INFO  : ----------------XSDB Script----------------
connect -url tcp:127.0.0.1:3121
source C:/ecg_full_release/project_1/project_1.sdk/design_1_wrapper_hw_platform_0/ps7_init.tcl
targets -set -nocase -filter {name =~"APU*" && jtag_cable_name =~ "Digilent JTAG-HS2 210249854606A"} -index 0
loadhw -hw C:/ecg_full_release/project_1/project_1.sdk/design_1_wrapper_hw_platform_0/system.hdf -mem-ranges [list {0x40000000 0xbfffffff}]
configparams force-mem-access 1
targets -set -nocase -filter {name =~"APU*" && jtag_cable_name =~ "Digilent JTAG-HS2 210249854606A"} -index 0
stop
ps7_init
ps7_post_config
targets -set -nocase -filter {name =~ "ARM*#0" && jtag_cable_name =~ "Digilent JTAG-HS2 210249854606A"} -index 0
rst -processor
targets -set -nocase -filter {name =~ "ARM*#0" && jtag_cable_name =~ "Digilent JTAG-HS2 210249854606A"} -index 0
dow C:/ecg_full_release/project_1/project_1.sdk/2026_3_29/Debug/2026_3_29.elf
configparams force-mem-access 0
----------------End of Script----------------

18:17:07 INFO  : Context for processor 'ps7_cortexa9_0' is selected.
18:17:07 INFO  : 'con' command is executed.
18:17:07 INFO  : ----------------XSDB Script (After Launch)----------------
targets -set -nocase -filter {name =~ "ARM*#0" && jtag_cable_name =~ "Digilent JTAG-HS2 210249854606A"} -index 0
con
----------------End of Script----------------

18:17:07 INFO  : Disconnected from the channel tcfchan#3.
18:49:10 INFO  : Connected to target on host '127.0.0.1' and port '3121'.
18:49:11 INFO  : 'targets -set -filter {jtag_cable_name =~ "Digilent JTAG-HS2 210249854606A" && level==0} -index 1' command is executed.
18:49:14 INFO  : FPGA configured successfully with bitstream "C:/ecg_full_release/project_1/project_1.sdk/design_1_wrapper_hw_platform_0/design_1_wrapper.bit"
18:49:24 INFO  : 'targets -set -filter {jtag_cable_name =~ "Digilent JTAG-HS2 210249854606A" && level==0} -index 1' command is executed.
18:49:24 INFO  : 'fpga -state' command is executed.
18:49:24 INFO  : Connected to target on host '127.0.0.1' and port '3121'.
18:49:24 INFO  : Jtag cable 'Digilent JTAG-HS2 210249854606A' is selected.
18:49:24 INFO  : 'jtag frequency' command is executed.
18:49:24 INFO  : Sourcing of 'C:/ecg_full_release/project_1/project_1.sdk/design_1_wrapper_hw_platform_0/ps7_init.tcl' is done.
18:49:24 INFO  : Context for 'APU' is selected.
18:49:24 INFO  : Hardware design information is loaded from 'C:/ecg_full_release/project_1/project_1.sdk/design_1_wrapper_hw_platform_0/system.hdf'.
18:49:24 INFO  : 'configparams force-mem-access 1' command is executed.
18:49:24 INFO  : Context for 'APU' is selected.
18:49:24 INFO  : 'stop' command is executed.
18:49:24 INFO  : 'ps7_init' command is executed.
18:49:24 INFO  : 'ps7_post_config' command is executed.
18:49:24 INFO  : Context for processor 'ps7_cortexa9_0' is selected.
18:49:25 INFO  : Processor reset is completed for 'ps7_cortexa9_0'.
18:49:25 INFO  : Context for processor 'ps7_cortexa9_0' is selected.
18:49:28 INFO  : The application 'C:/ecg_full_release/project_1/project_1.sdk/2026_3_29/Debug/2026_3_29.elf' is downloaded to processor 'ps7_cortexa9_0'.
18:49:28 INFO  : 'configparams force-mem-access 0' command is executed.
18:49:28 INFO  : ----------------XSDB Script----------------
connect -url tcp:127.0.0.1:3121
source C:/ecg_full_release/project_1/project_1.sdk/design_1_wrapper_hw_platform_0/ps7_init.tcl
targets -set -nocase -filter {name =~"APU*" && jtag_cable_name =~ "Digilent JTAG-HS2 210249854606A"} -index 0
loadhw -hw C:/ecg_full_release/project_1/project_1.sdk/design_1_wrapper_hw_platform_0/system.hdf -mem-ranges [list {0x40000000 0xbfffffff}]
configparams force-mem-access 1
targets -set -nocase -filter {name =~"APU*" && jtag_cable_name =~ "Digilent JTAG-HS2 210249854606A"} -index 0
stop
ps7_init
ps7_post_config
targets -set -nocase -filter {name =~ "ARM*#0" && jtag_cable_name =~ "Digilent JTAG-HS2 210249854606A"} -index 0
rst -processor
targets -set -nocase -filter {name =~ "ARM*#0" && jtag_cable_name =~ "Digilent JTAG-HS2 210249854606A"} -index 0
dow C:/ecg_full_release/project_1/project_1.sdk/2026_3_29/Debug/2026_3_29.elf
configparams force-mem-access 0
----------------End of Script----------------

18:49:28 INFO  : Context for processor 'ps7_cortexa9_0' is selected.
18:49:28 INFO  : 'con' command is executed.
18:49:28 INFO  : ----------------XSDB Script (After Launch)----------------
targets -set -nocase -filter {name =~ "ARM*#0" && jtag_cable_name =~ "Digilent JTAG-HS2 210249854606A"} -index 0
con
----------------End of Script----------------

18:49:28 INFO  : Disconnected from the channel tcfchan#4.
18:55:41 INFO  : Connected to target on host '127.0.0.1' and port '3121'.
18:55:42 INFO  : 'targets -set -filter {jtag_cable_name =~ "Digilent JTAG-HS2 210249854606A" && level==0} -index 1' command is executed.
18:55:45 INFO  : FPGA configured successfully with bitstream "C:/ecg_full_release/project_1/project_1.sdk/design_1_wrapper_hw_platform_0/design_1_wrapper.bit"
18:55:56 INFO  : 'targets -set -filter {jtag_cable_name =~ "Digilent JTAG-HS2 210249854606A" && level==0} -index 1' command is executed.
18:55:56 INFO  : 'fpga -state' command is executed.
18:55:56 INFO  : Connected to target on host '127.0.0.1' and port '3121'.
18:55:56 INFO  : Jtag cable 'Digilent JTAG-HS2 210249854606A' is selected.
18:55:56 INFO  : 'jtag frequency' command is executed.
18:55:56 INFO  : Sourcing of 'C:/ecg_full_release/project_1/project_1.sdk/design_1_wrapper_hw_platform_0/ps7_init.tcl' is done.
18:55:56 INFO  : Context for 'APU' is selected.
18:55:56 INFO  : Hardware design information is loaded from 'C:/ecg_full_release/project_1/project_1.sdk/design_1_wrapper_hw_platform_0/system.hdf'.
18:55:56 INFO  : 'configparams force-mem-access 1' command is executed.
18:55:56 INFO  : Context for 'APU' is selected.
18:55:56 INFO  : 'stop' command is executed.
18:55:56 INFO  : 'ps7_init' command is executed.
18:55:56 INFO  : 'ps7_post_config' command is executed.
18:55:57 INFO  : Context for processor 'ps7_cortexa9_0' is selected.
18:55:57 INFO  : Processor reset is completed for 'ps7_cortexa9_0'.
18:55:57 INFO  : Context for processor 'ps7_cortexa9_0' is selected.
18:56:00 INFO  : The application 'C:/ecg_full_release/project_1/project_1.sdk/2026_3_29/Debug/2026_3_29.elf' is downloaded to processor 'ps7_cortexa9_0'.
18:56:00 INFO  : 'configparams force-mem-access 0' command is executed.
18:56:00 INFO  : ----------------XSDB Script----------------
connect -url tcp:127.0.0.1:3121
source C:/ecg_full_release/project_1/project_1.sdk/design_1_wrapper_hw_platform_0/ps7_init.tcl
targets -set -nocase -filter {name =~"APU*" && jtag_cable_name =~ "Digilent JTAG-HS2 210249854606A"} -index 0
loadhw -hw C:/ecg_full_release/project_1/project_1.sdk/design_1_wrapper_hw_platform_0/system.hdf -mem-ranges [list {0x40000000 0xbfffffff}]
configparams force-mem-access 1
targets -set -nocase -filter {name =~"APU*" && jtag_cable_name =~ "Digilent JTAG-HS2 210249854606A"} -index 0
stop
ps7_init
ps7_post_config
targets -set -nocase -filter {name =~ "ARM*#0" && jtag_cable_name =~ "Digilent JTAG-HS2 210249854606A"} -index 0
rst -processor
targets -set -nocase -filter {name =~ "ARM*#0" && jtag_cable_name =~ "Digilent JTAG-HS2 210249854606A"} -index 0
dow C:/ecg_full_release/project_1/project_1.sdk/2026_3_29/Debug/2026_3_29.elf
configparams force-mem-access 0
----------------End of Script----------------

18:56:00 INFO  : Context for processor 'ps7_cortexa9_0' is selected.
18:56:00 INFO  : 'con' command is executed.
18:56:00 INFO  : ----------------XSDB Script (After Launch)----------------
targets -set -nocase -filter {name =~ "ARM*#0" && jtag_cable_name =~ "Digilent JTAG-HS2 210249854606A"} -index 0
con
----------------End of Script----------------

18:56:00 INFO  : Disconnected from the channel tcfchan#5.
19:19:04 INFO  : Connected to target on host '127.0.0.1' and port '3121'.
19:19:04 INFO  : 'targets -set -filter {jtag_cable_name =~ "Digilent JTAG-HS2 210249854606A" && level==0} -index 1' command is executed.
19:19:08 INFO  : FPGA configured successfully with bitstream "C:/ecg_full_release/project_1/project_1.sdk/design_1_wrapper_hw_platform_0/design_1_wrapper.bit"
19:19:13 INFO  : 'targets -set -filter {jtag_cable_name =~ "Digilent JTAG-HS2 210249854606A" && level==0} -index 1' command is executed.
19:19:13 INFO  : 'fpga -state' command is executed.
19:19:13 INFO  : Connected to target on host '127.0.0.1' and port '3121'.
19:19:13 INFO  : Jtag cable 'Digilent JTAG-HS2 210249854606A' is selected.
19:19:13 INFO  : 'jtag frequency' command is executed.
19:19:13 INFO  : Sourcing of 'C:/ecg_full_release/project_1/project_1.sdk/design_1_wrapper_hw_platform_0/ps7_init.tcl' is done.
19:19:13 INFO  : Context for 'APU' is selected.
19:19:13 INFO  : Hardware design information is loaded from 'C:/ecg_full_release/project_1/project_1.sdk/design_1_wrapper_hw_platform_0/system.hdf'.
19:19:13 INFO  : 'configparams force-mem-access 1' command is executed.
19:19:13 INFO  : Context for 'APU' is selected.
19:19:14 INFO  : 'stop' command is executed.
19:19:14 INFO  : 'ps7_init' command is executed.
19:19:14 INFO  : 'ps7_post_config' command is executed.
19:19:14 INFO  : Context for processor 'ps7_cortexa9_0' is selected.
19:19:14 INFO  : Processor reset is completed for 'ps7_cortexa9_0'.
19:19:14 INFO  : Context for processor 'ps7_cortexa9_0' is selected.
19:19:17 INFO  : The application 'C:/ecg_full_release/project_1/project_1.sdk/2026_3_29/Debug/2026_3_29.elf' is downloaded to processor 'ps7_cortexa9_0'.
19:19:17 INFO  : 'configparams force-mem-access 0' command is executed.
19:19:17 INFO  : ----------------XSDB Script----------------
connect -url tcp:127.0.0.1:3121
source C:/ecg_full_release/project_1/project_1.sdk/design_1_wrapper_hw_platform_0/ps7_init.tcl
targets -set -nocase -filter {name =~"APU*" && jtag_cable_name =~ "Digilent JTAG-HS2 210249854606A"} -index 0
loadhw -hw C:/ecg_full_release/project_1/project_1.sdk/design_1_wrapper_hw_platform_0/system.hdf -mem-ranges [list {0x40000000 0xbfffffff}]
configparams force-mem-access 1
targets -set -nocase -filter {name =~"APU*" && jtag_cable_name =~ "Digilent JTAG-HS2 210249854606A"} -index 0
stop
ps7_init
ps7_post_config
targets -set -nocase -filter {name =~ "ARM*#0" && jtag_cable_name =~ "Digilent JTAG-HS2 210249854606A"} -index 0
rst -processor
targets -set -nocase -filter {name =~ "ARM*#0" && jtag_cable_name =~ "Digilent JTAG-HS2 210249854606A"} -index 0
dow C:/ecg_full_release/project_1/project_1.sdk/2026_3_29/Debug/2026_3_29.elf
configparams force-mem-access 0
----------------End of Script----------------

19:19:17 INFO  : Context for processor 'ps7_cortexa9_0' is selected.
19:19:17 INFO  : 'con' command is executed.
19:19:17 INFO  : ----------------XSDB Script (After Launch)----------------
targets -set -nocase -filter {name =~ "ARM*#0" && jtag_cable_name =~ "Digilent JTAG-HS2 210249854606A"} -index 0
con
----------------End of Script----------------

19:19:17 INFO  : Disconnected from the channel tcfchan#6.
19:21:36 INFO  : Connected to target on host '127.0.0.1' and port '3121'.
19:21:36 INFO  : 'targets -set -filter {jtag_cable_name =~ "Digilent JTAG-HS2 210249854606A" && level==0} -index 1' command is executed.
19:21:40 INFO  : FPGA configured successfully with bitstream "C:/ecg_full_release/project_1/project_1.sdk/design_1_wrapper_hw_platform_0/design_1_wrapper.bit"
19:21:46 INFO  : 'targets -set -filter {jtag_cable_name =~ "Digilent JTAG-HS2 210249854606A" && level==0} -index 1' command is executed.
19:21:46 INFO  : 'fpga -state' command is executed.
19:21:46 INFO  : Connected to target on host '127.0.0.1' and port '3121'.
19:21:46 INFO  : Jtag cable 'Digilent JTAG-HS2 210249854606A' is selected.
19:21:46 INFO  : 'jtag frequency' command is executed.
19:21:46 INFO  : Sourcing of 'C:/ecg_full_release/project_1/project_1.sdk/design_1_wrapper_hw_platform_0/ps7_init.tcl' is done.
19:21:46 INFO  : Context for 'APU' is selected.
19:21:46 INFO  : Hardware design information is loaded from 'C:/ecg_full_release/project_1/project_1.sdk/design_1_wrapper_hw_platform_0/system.hdf'.
19:21:46 INFO  : 'configparams force-mem-access 1' command is executed.
19:21:46 INFO  : Context for 'APU' is selected.
19:21:46 INFO  : 'stop' command is executed.
19:21:47 INFO  : 'ps7_init' command is executed.
19:21:47 INFO  : 'ps7_post_config' command is executed.
19:21:47 INFO  : Context for processor 'ps7_cortexa9_0' is selected.
19:21:47 INFO  : Processor reset is completed for 'ps7_cortexa9_0'.
19:21:47 INFO  : Context for processor 'ps7_cortexa9_0' is selected.
19:21:50 INFO  : The application 'C:/ecg_full_release/project_1/project_1.sdk/2026_3_29/Debug/2026_3_29.elf' is downloaded to processor 'ps7_cortexa9_0'.
19:21:50 INFO  : 'configparams force-mem-access 0' command is executed.
19:21:50 INFO  : ----------------XSDB Script----------------
connect -url tcp:127.0.0.1:3121
source C:/ecg_full_release/project_1/project_1.sdk/design_1_wrapper_hw_platform_0/ps7_init.tcl
targets -set -nocase -filter {name =~"APU*" && jtag_cable_name =~ "Digilent JTAG-HS2 210249854606A"} -index 0
loadhw -hw C:/ecg_full_release/project_1/project_1.sdk/design_1_wrapper_hw_platform_0/system.hdf -mem-ranges [list {0x40000000 0xbfffffff}]
configparams force-mem-access 1
targets -set -nocase -filter {name =~"APU*" && jtag_cable_name =~ "Digilent JTAG-HS2 210249854606A"} -index 0
stop
ps7_init
ps7_post_config
targets -set -nocase -filter {name =~ "ARM*#0" && jtag_cable_name =~ "Digilent JTAG-HS2 210249854606A"} -index 0
rst -processor
targets -set -nocase -filter {name =~ "ARM*#0" && jtag_cable_name =~ "Digilent JTAG-HS2 210249854606A"} -index 0
dow C:/ecg_full_release/project_1/project_1.sdk/2026_3_29/Debug/2026_3_29.elf
configparams force-mem-access 0
----------------End of Script----------------

19:21:50 INFO  : Context for processor 'ps7_cortexa9_0' is selected.
19:21:50 INFO  : 'con' command is executed.
19:21:50 INFO  : ----------------XSDB Script (After Launch)----------------
targets -set -nocase -filter {name =~ "ARM*#0" && jtag_cable_name =~ "Digilent JTAG-HS2 210249854606A"} -index 0
con
----------------End of Script----------------

19:21:50 INFO  : Disconnected from the channel tcfchan#7.
19:23:55 INFO  : Connected to target on host '127.0.0.1' and port '3121'.
19:23:55 INFO  : 'targets -set -filter {jtag_cable_name =~ "Digilent JTAG-HS2 210249854606A" && level==0} -index 1' command is executed.
19:23:59 INFO  : FPGA configured successfully with bitstream "C:/ecg_full_release/project_1/project_1.sdk/design_1_wrapper_hw_platform_0/design_1_wrapper.bit"
19:24:22 INFO  : 'targets -set -filter {jtag_cable_name =~ "Digilent JTAG-HS2 210249854606A" && level==0} -index 1' command is executed.
19:24:22 INFO  : 'fpga -state' command is executed.
19:24:22 INFO  : Connected to target on host '127.0.0.1' and port '3121'.
19:24:22 INFO  : Jtag cable 'Digilent JTAG-HS2 210249854606A' is selected.
19:24:22 INFO  : 'jtag frequency' command is executed.
19:24:22 INFO  : Sourcing of 'C:/ecg_full_release/project_1/project_1.sdk/design_1_wrapper_hw_platform_0/ps7_init.tcl' is done.
19:24:22 INFO  : Context for 'APU' is selected.
19:24:22 INFO  : Hardware design information is loaded from 'C:/ecg_full_release/project_1/project_1.sdk/design_1_wrapper_hw_platform_0/system.hdf'.
19:24:22 INFO  : 'configparams force-mem-access 1' command is executed.
19:24:22 INFO  : Context for 'APU' is selected.
19:24:22 INFO  : 'stop' command is executed.
19:24:23 INFO  : 'ps7_init' command is executed.
19:24:23 INFO  : 'ps7_post_config' command is executed.
19:24:23 INFO  : Context for processor 'ps7_cortexa9_0' is selected.
19:24:23 INFO  : Processor reset is completed for 'ps7_cortexa9_0'.
19:24:23 INFO  : Context for processor 'ps7_cortexa9_0' is selected.
19:24:26 INFO  : The application 'C:/ecg_full_release/project_1/project_1.sdk/2026_3_29/Debug/2026_3_29.elf' is downloaded to processor 'ps7_cortexa9_0'.
19:24:26 INFO  : 'configparams force-mem-access 0' command is executed.
19:24:26 INFO  : ----------------XSDB Script----------------
connect -url tcp:127.0.0.1:3121
source C:/ecg_full_release/project_1/project_1.sdk/design_1_wrapper_hw_platform_0/ps7_init.tcl
targets -set -nocase -filter {name =~"APU*" && jtag_cable_name =~ "Digilent JTAG-HS2 210249854606A"} -index 0
loadhw -hw C:/ecg_full_release/project_1/project_1.sdk/design_1_wrapper_hw_platform_0/system.hdf -mem-ranges [list {0x40000000 0xbfffffff}]
configparams force-mem-access 1
targets -set -nocase -filter {name =~"APU*" && jtag_cable_name =~ "Digilent JTAG-HS2 210249854606A"} -index 0
stop
ps7_init
ps7_post_config
targets -set -nocase -filter {name =~ "ARM*#0" && jtag_cable_name =~ "Digilent JTAG-HS2 210249854606A"} -index 0
rst -processor
targets -set -nocase -filter {name =~ "ARM*#0" && jtag_cable_name =~ "Digilent JTAG-HS2 210249854606A"} -index 0
dow C:/ecg_full_release/project_1/project_1.sdk/2026_3_29/Debug/2026_3_29.elf
configparams force-mem-access 0
----------------End of Script----------------

19:24:26 INFO  : Context for processor 'ps7_cortexa9_0' is selected.
19:24:26 INFO  : 'con' command is executed.
19:24:26 INFO  : ----------------XSDB Script (After Launch)----------------
targets -set -nocase -filter {name =~ "ARM*#0" && jtag_cable_name =~ "Digilent JTAG-HS2 210249854606A"} -index 0
con
----------------End of Script----------------

19:24:26 INFO  : Disconnected from the channel tcfchan#8.
15:42:50 INFO  : Registering command handlers for SDK TCF services
15:42:50 INFO  : Launching XSCT server: xsct.bat -interactive C:\ecg_full_release\project_1\project_1.sdk\temp_xsdb_launch_script.tcl
15:42:53 INFO  : XSCT server has started successfully.
15:42:53 INFO  : Successfully done setting XSCT server connection channel  
15:42:56 INFO  : Successfully done setting SDK workspace  
15:42:56 INFO  : Processing command line option -hwspec C:/ecg_full_release/project_1/project_1.sdk/design_1_wrapper.hdf.
15:42:56 INFO  : Checking for hwspec changes in the project design_1_wrapper_hw_platform_1.
15:46:02 INFO  : Connected to target on host '127.0.0.1' and port '3121'.
15:46:03 INFO  : 'targets -set -filter {jtag_cable_name =~ "Digilent JTAG-HS2 210249854606A" && level==0} -index 1' command is executed.
15:46:06 INFO  : FPGA configured successfully with bitstream "C:/ecg_full_release/project_1/project_1.sdk/design_1_wrapper_hw_platform_0/design_1_wrapper.bit"
15:46:19 INFO  : 'targets -set -filter {jtag_cable_name =~ "Digilent JTAG-HS2 210249854606A" && level==0} -index 1' command is executed.
15:46:19 INFO  : 'fpga -state' command is executed.
15:46:19 INFO  : Connected to target on host '127.0.0.1' and port '3121'.
15:46:19 INFO  : Jtag cable 'Digilent JTAG-HS2 210249854606A' is selected.
15:46:19 INFO  : 'jtag frequency' command is executed.
15:46:19 INFO  : Sourcing of 'C:/ecg_full_release/project_1/project_1.sdk/design_1_wrapper_hw_platform_0/ps7_init.tcl' is done.
15:46:19 INFO  : Context for 'APU' is selected.
15:46:19 INFO  : Hardware design information is loaded from 'C:/ecg_full_release/project_1/project_1.sdk/design_1_wrapper_hw_platform_0/system.hdf'.
15:46:19 INFO  : 'configparams force-mem-access 1' command is executed.
15:46:19 INFO  : Context for 'APU' is selected.
15:46:20 INFO  : 'stop' command is executed.
15:46:20 INFO  : 'ps7_init' command is executed.
15:46:20 INFO  : 'ps7_post_config' command is executed.
15:46:20 INFO  : Context for processor 'ps7_cortexa9_0' is selected.
15:46:20 INFO  : Processor reset is completed for 'ps7_cortexa9_0'.
15:46:20 INFO  : Context for processor 'ps7_cortexa9_0' is selected.
15:46:23 INFO  : The application 'C:/ecg_full_release/project_1/project_1.sdk/2026_3_29/Debug/2026_3_29.elf' is downloaded to processor 'ps7_cortexa9_0'.
15:46:23 INFO  : 'configparams force-mem-access 0' command is executed.
15:46:23 INFO  : ----------------XSDB Script----------------
connect -url tcp:127.0.0.1:3121
source C:/ecg_full_release/project_1/project_1.sdk/design_1_wrapper_hw_platform_0/ps7_init.tcl
targets -set -nocase -filter {name =~"APU*" && jtag_cable_name =~ "Digilent JTAG-HS2 210249854606A"} -index 0
loadhw -hw C:/ecg_full_release/project_1/project_1.sdk/design_1_wrapper_hw_platform_0/system.hdf -mem-ranges [list {0x40000000 0xbfffffff}]
configparams force-mem-access 1
targets -set -nocase -filter {name =~"APU*" && jtag_cable_name =~ "Digilent JTAG-HS2 210249854606A"} -index 0
stop
ps7_init
ps7_post_config
targets -set -nocase -filter {name =~ "ARM*#0" && jtag_cable_name =~ "Digilent JTAG-HS2 210249854606A"} -index 0
rst -processor
targets -set -nocase -filter {name =~ "ARM*#0" && jtag_cable_name =~ "Digilent JTAG-HS2 210249854606A"} -index 0
dow C:/ecg_full_release/project_1/project_1.sdk/2026_3_29/Debug/2026_3_29.elf
configparams force-mem-access 0
----------------End of Script----------------

15:46:23 INFO  : Context for processor 'ps7_cortexa9_0' is selected.
15:46:23 INFO  : 'con' command is executed.
15:46:23 INFO  : ----------------XSDB Script (After Launch)----------------
targets -set -nocase -filter {name =~ "ARM*#0" && jtag_cable_name =~ "Digilent JTAG-HS2 210249854606A"} -index 0
con
----------------End of Script----------------

15:46:23 INFO  : Disconnected from the channel tcfchan#1.
15:49:17 INFO  : Connected to target on host '127.0.0.1' and port '3121'.
15:49:17 INFO  : 'targets -set -filter {jtag_cable_name =~ "Digilent JTAG-HS2 210249854606A" && level==0} -index 1' command is executed.
15:49:21 INFO  : FPGA configured successfully with bitstream "C:/ecg_full_release/project_1/project_1.sdk/design_1_wrapper_hw_platform_0/design_1_wrapper.bit"
15:49:30 INFO  : 'targets -set -filter {jtag_cable_name =~ "Digilent JTAG-HS2 210249854606A" && level==0} -index 1' command is executed.
15:49:30 INFO  : 'fpga -state' command is executed.
15:49:30 INFO  : Connected to target on host '127.0.0.1' and port '3121'.
15:49:30 INFO  : Jtag cable 'Digilent JTAG-HS2 210249854606A' is selected.
15:49:30 INFO  : 'jtag frequency' command is executed.
15:49:30 INFO  : Sourcing of 'C:/ecg_full_release/project_1/project_1.sdk/design_1_wrapper_hw_platform_0/ps7_init.tcl' is done.
15:49:30 INFO  : Context for 'APU' is selected.
15:49:30 INFO  : Hardware design information is loaded from 'C:/ecg_full_release/project_1/project_1.sdk/design_1_wrapper_hw_platform_0/system.hdf'.
15:49:30 INFO  : 'configparams force-mem-access 1' command is executed.
15:49:30 INFO  : Context for 'APU' is selected.
15:49:30 INFO  : 'stop' command is executed.
15:49:30 INFO  : 'ps7_init' command is executed.
15:49:30 INFO  : 'ps7_post_config' command is executed.
15:49:30 INFO  : Context for processor 'ps7_cortexa9_0' is selected.
15:49:30 INFO  : Processor reset is completed for 'ps7_cortexa9_0'.
15:49:30 INFO  : Context for processor 'ps7_cortexa9_0' is selected.
15:49:34 INFO  : The application 'C:/ecg_full_release/project_1/project_1.sdk/2026_3_29/Debug/2026_3_29.elf' is downloaded to processor 'ps7_cortexa9_0'.
15:49:34 INFO  : 'configparams force-mem-access 0' command is executed.
15:49:34 INFO  : ----------------XSDB Script----------------
connect -url tcp:127.0.0.1:3121
source C:/ecg_full_release/project_1/project_1.sdk/design_1_wrapper_hw_platform_0/ps7_init.tcl
targets -set -nocase -filter {name =~"APU*" && jtag_cable_name =~ "Digilent JTAG-HS2 210249854606A"} -index 0
loadhw -hw C:/ecg_full_release/project_1/project_1.sdk/design_1_wrapper_hw_platform_0/system.hdf -mem-ranges [list {0x40000000 0xbfffffff}]
configparams force-mem-access 1
targets -set -nocase -filter {name =~"APU*" && jtag_cable_name =~ "Digilent JTAG-HS2 210249854606A"} -index 0
stop
ps7_init
ps7_post_config
targets -set -nocase -filter {name =~ "ARM*#0" && jtag_cable_name =~ "Digilent JTAG-HS2 210249854606A"} -index 0
rst -processor
targets -set -nocase -filter {name =~ "ARM*#0" && jtag_cable_name =~ "Digilent JTAG-HS2 210249854606A"} -index 0
dow C:/ecg_full_release/project_1/project_1.sdk/2026_3_29/Debug/2026_3_29.elf
configparams force-mem-access 0
----------------End of Script----------------

15:49:34 INFO  : Context for processor 'ps7_cortexa9_0' is selected.
15:49:34 INFO  : 'con' command is executed.
15:49:34 INFO  : ----------------XSDB Script (After Launch)----------------
targets -set -nocase -filter {name =~ "ARM*#0" && jtag_cable_name =~ "Digilent JTAG-HS2 210249854606A"} -index 0
con
----------------End of Script----------------

15:49:34 INFO  : Disconnected from the channel tcfchan#2.
15:50:10 INFO  : Connected to target on host '127.0.0.1' and port '3121'.
15:50:10 INFO  : 'targets -set -filter {jtag_cable_name =~ "Digilent JTAG-HS2 210249854606A" && level==0} -index 1' command is executed.
15:50:13 INFO  : FPGA configured successfully with bitstream "C:/ecg_full_release/project_1/project_1.sdk/design_1_wrapper_hw_platform_0/design_1_wrapper.bit"
15:50:23 INFO  : 'targets -set -filter {jtag_cable_name =~ "Digilent JTAG-HS2 210249854606A" && level==0} -index 1' command is executed.
15:50:23 INFO  : 'fpga -state' command is executed.
15:50:23 INFO  : Connected to target on host '127.0.0.1' and port '3121'.
15:50:23 INFO  : Jtag cable 'Digilent JTAG-HS2 210249854606A' is selected.
15:50:23 INFO  : 'jtag frequency' command is executed.
15:50:23 INFO  : Sourcing of 'C:/ecg_full_release/project_1/project_1.sdk/design_1_wrapper_hw_platform_0/ps7_init.tcl' is done.
15:50:23 INFO  : Context for 'APU' is selected.
15:50:23 INFO  : Hardware design information is loaded from 'C:/ecg_full_release/project_1/project_1.sdk/design_1_wrapper_hw_platform_0/system.hdf'.
15:50:23 INFO  : 'configparams force-mem-access 1' command is executed.
15:50:23 INFO  : Context for 'APU' is selected.
15:50:23 INFO  : 'stop' command is executed.
15:50:23 INFO  : 'ps7_init' command is executed.
15:50:23 INFO  : 'ps7_post_config' command is executed.
15:50:23 INFO  : Context for processor 'ps7_cortexa9_0' is selected.
15:50:23 INFO  : Processor reset is completed for 'ps7_cortexa9_0'.
15:50:23 INFO  : Context for processor 'ps7_cortexa9_0' is selected.
15:50:27 INFO  : The application 'C:/ecg_full_release/project_1/project_1.sdk/2026_3_29/Debug/2026_3_29.elf' is downloaded to processor 'ps7_cortexa9_0'.
15:50:27 INFO  : 'configparams force-mem-access 0' command is executed.
15:50:27 INFO  : ----------------XSDB Script----------------
connect -url tcp:127.0.0.1:3121
source C:/ecg_full_release/project_1/project_1.sdk/design_1_wrapper_hw_platform_0/ps7_init.tcl
targets -set -nocase -filter {name =~"APU*" && jtag_cable_name =~ "Digilent JTAG-HS2 210249854606A"} -index 0
loadhw -hw C:/ecg_full_release/project_1/project_1.sdk/design_1_wrapper_hw_platform_0/system.hdf -mem-ranges [list {0x40000000 0xbfffffff}]
configparams force-mem-access 1
targets -set -nocase -filter {name =~"APU*" && jtag_cable_name =~ "Digilent JTAG-HS2 210249854606A"} -index 0
stop
ps7_init
ps7_post_config
targets -set -nocase -filter {name =~ "ARM*#0" && jtag_cable_name =~ "Digilent JTAG-HS2 210249854606A"} -index 0
rst -processor
targets -set -nocase -filter {name =~ "ARM*#0" && jtag_cable_name =~ "Digilent JTAG-HS2 210249854606A"} -index 0
dow C:/ecg_full_release/project_1/project_1.sdk/2026_3_29/Debug/2026_3_29.elf
configparams force-mem-access 0
----------------End of Script----------------

15:50:27 INFO  : Context for processor 'ps7_cortexa9_0' is selected.
15:50:27 INFO  : 'con' command is executed.
15:50:27 INFO  : ----------------XSDB Script (After Launch)----------------
targets -set -nocase -filter {name =~ "ARM*#0" && jtag_cable_name =~ "Digilent JTAG-HS2 210249854606A"} -index 0
con
----------------End of Script----------------

15:50:27 INFO  : Disconnected from the channel tcfchan#3.
16:49:05 INFO  : Connected to target on host '127.0.0.1' and port '3121'.
16:49:05 INFO  : 'targets -set -filter {jtag_cable_name =~ "Digilent JTAG-HS2 210249854606A" && level==0} -index 1' command is executed.
16:49:09 INFO  : FPGA configured successfully with bitstream "C:/ecg_full_release/project_1/project_1.sdk/design_1_wrapper_hw_platform_0/design_1_wrapper.bit"
16:49:16 INFO  : 'targets -set -filter {jtag_cable_name =~ "Digilent JTAG-HS2 210249854606A" && level==0} -index 1' command is executed.
16:49:16 INFO  : 'fpga -state' command is executed.
16:49:16 INFO  : Connected to target on host '127.0.0.1' and port '3121'.
16:49:16 INFO  : Jtag cable 'Digilent JTAG-HS2 210249854606A' is selected.
16:49:16 INFO  : 'jtag frequency' command is executed.
16:49:16 INFO  : Sourcing of 'C:/ecg_full_release/project_1/project_1.sdk/design_1_wrapper_hw_platform_0/ps7_init.tcl' is done.
16:49:16 INFO  : Context for 'APU' is selected.
16:49:16 INFO  : Hardware design information is loaded from 'C:/ecg_full_release/project_1/project_1.sdk/design_1_wrapper_hw_platform_0/system.hdf'.
16:49:16 INFO  : 'configparams force-mem-access 1' command is executed.
16:49:16 INFO  : Context for 'APU' is selected.
16:49:16 INFO  : 'stop' command is executed.
16:49:16 INFO  : 'ps7_init' command is executed.
16:49:16 INFO  : 'ps7_post_config' command is executed.
16:49:16 INFO  : Context for processor 'ps7_cortexa9_0' is selected.
16:49:16 INFO  : Processor reset is completed for 'ps7_cortexa9_0'.
16:49:16 INFO  : Context for processor 'ps7_cortexa9_0' is selected.
16:49:20 INFO  : The application 'C:/ecg_full_release/project_1/project_1.sdk/2026_3_29/Debug/2026_3_29.elf' is downloaded to processor 'ps7_cortexa9_0'.
16:49:20 INFO  : 'configparams force-mem-access 0' command is executed.
16:49:20 INFO  : ----------------XSDB Script----------------
connect -url tcp:127.0.0.1:3121
source C:/ecg_full_release/project_1/project_1.sdk/design_1_wrapper_hw_platform_0/ps7_init.tcl
targets -set -nocase -filter {name =~"APU*" && jtag_cable_name =~ "Digilent JTAG-HS2 210249854606A"} -index 0
loadhw -hw C:/ecg_full_release/project_1/project_1.sdk/design_1_wrapper_hw_platform_0/system.hdf -mem-ranges [list {0x40000000 0xbfffffff}]
configparams force-mem-access 1
targets -set -nocase -filter {name =~"APU*" && jtag_cable_name =~ "Digilent JTAG-HS2 210249854606A"} -index 0
stop
ps7_init
ps7_post_config
targets -set -nocase -filter {name =~ "ARM*#0" && jtag_cable_name =~ "Digilent JTAG-HS2 210249854606A"} -index 0
rst -processor
targets -set -nocase -filter {name =~ "ARM*#0" && jtag_cable_name =~ "Digilent JTAG-HS2 210249854606A"} -index 0
dow C:/ecg_full_release/project_1/project_1.sdk/2026_3_29/Debug/2026_3_29.elf
configparams force-mem-access 0
----------------End of Script----------------

16:49:20 INFO  : Context for processor 'ps7_cortexa9_0' is selected.
16:49:20 INFO  : 'con' command is executed.
16:49:20 INFO  : ----------------XSDB Script (After Launch)----------------
targets -set -nocase -filter {name =~ "ARM*#0" && jtag_cable_name =~ "Digilent JTAG-HS2 210249854606A"} -index 0
con
----------------End of Script----------------

16:49:20 INFO  : Disconnected from the channel tcfchan#4.
16:49:55 INFO  : Connected to target on host '127.0.0.1' and port '3121'.
16:49:55 INFO  : 'targets -set -filter {jtag_cable_name =~ "Digilent JTAG-HS2 210249854606A" && level==0} -index 1' command is executed.
16:49:58 INFO  : FPGA configured successfully with bitstream "C:/ecg_full_release/project_1/project_1.sdk/design_1_wrapper_hw_platform_0/design_1_wrapper.bit"
16:50:05 INFO  : 'targets -set -filter {jtag_cable_name =~ "Digilent JTAG-HS2 210249854606A" && level==0} -index 1' command is executed.
16:50:05 INFO  : 'fpga -state' command is executed.
16:50:05 INFO  : Connected to target on host '127.0.0.1' and port '3121'.
16:50:06 INFO  : Jtag cable 'Digilent JTAG-HS2 210249854606A' is selected.
16:50:06 INFO  : 'jtag frequency' command is executed.
16:50:06 INFO  : Sourcing of 'C:/ecg_full_release/project_1/project_1.sdk/design_1_wrapper_hw_platform_0/ps7_init.tcl' is done.
16:50:06 INFO  : Context for 'APU' is selected.
16:50:06 INFO  : Hardware design information is loaded from 'C:/ecg_full_release/project_1/project_1.sdk/design_1_wrapper_hw_platform_0/system.hdf'.
16:50:06 INFO  : 'configparams force-mem-access 1' command is executed.
16:50:06 INFO  : Context for 'APU' is selected.
16:50:06 INFO  : 'stop' command is executed.
16:50:06 INFO  : 'ps7_init' command is executed.
16:50:06 INFO  : 'ps7_post_config' command is executed.
16:50:06 INFO  : Context for processor 'ps7_cortexa9_0' is selected.
16:50:06 INFO  : Processor reset is completed for 'ps7_cortexa9_0'.
16:50:06 INFO  : Context for processor 'ps7_cortexa9_0' is selected.
16:50:09 INFO  : The application 'C:/ecg_full_release/project_1/project_1.sdk/2026_3_29/Debug/2026_3_29.elf' is downloaded to processor 'ps7_cortexa9_0'.
16:50:09 INFO  : 'configparams force-mem-access 0' command is executed.
16:50:09 INFO  : ----------------XSDB Script----------------
connect -url tcp:127.0.0.1:3121
source C:/ecg_full_release/project_1/project_1.sdk/design_1_wrapper_hw_platform_0/ps7_init.tcl
targets -set -nocase -filter {name =~"APU*" && jtag_cable_name =~ "Digilent JTAG-HS2 210249854606A"} -index 0
loadhw -hw C:/ecg_full_release/project_1/project_1.sdk/design_1_wrapper_hw_platform_0/system.hdf -mem-ranges [list {0x40000000 0xbfffffff}]
configparams force-mem-access 1
targets -set -nocase -filter {name =~"APU*" && jtag_cable_name =~ "Digilent JTAG-HS2 210249854606A"} -index 0
stop
ps7_init
ps7_post_config
targets -set -nocase -filter {name =~ "ARM*#0" && jtag_cable_name =~ "Digilent JTAG-HS2 210249854606A"} -index 0
rst -processor
targets -set -nocase -filter {name =~ "ARM*#0" && jtag_cable_name =~ "Digilent JTAG-HS2 210249854606A"} -index 0
dow C:/ecg_full_release/project_1/project_1.sdk/2026_3_29/Debug/2026_3_29.elf
configparams force-mem-access 0
----------------End of Script----------------

16:50:09 INFO  : Context for processor 'ps7_cortexa9_0' is selected.
16:50:10 INFO  : 'con' command is executed.
16:50:10 INFO  : ----------------XSDB Script (After Launch)----------------
targets -set -nocase -filter {name =~ "ARM*#0" && jtag_cable_name =~ "Digilent JTAG-HS2 210249854606A"} -index 0
con
----------------End of Script----------------

16:50:10 INFO  : Disconnected from the channel tcfchan#5.
16:50:36 INFO  : 'targets -set -filter {jtag_cable_name =~ "Digilent JTAG-HS2 210249854606A" && level==0} -index 1' command is executed.
16:50:36 INFO  : 'fpga -state' command is executed.
16:50:36 INFO  : Connected to target on host '127.0.0.1' and port '3121'.
16:50:36 INFO  : Jtag cable 'Digilent JTAG-HS2 210249854606A' is selected.
16:50:36 INFO  : 'jtag frequency' command is executed.
16:50:36 INFO  : Sourcing of 'C:/ecg_full_release/project_1/project_1.sdk/design_1_wrapper_hw_platform_0/ps7_init.tcl' is done.
16:50:36 INFO  : Context for 'APU' is selected.
16:50:36 INFO  : Hardware design information is loaded from 'C:/ecg_full_release/project_1/project_1.sdk/design_1_wrapper_hw_platform_0/system.hdf'.
16:50:36 INFO  : 'configparams force-mem-access 1' command is executed.
16:50:36 INFO  : Context for 'APU' is selected.
16:50:36 INFO  : 'stop' command is executed.
16:50:36 INFO  : 'ps7_init' command is executed.
16:50:36 INFO  : 'ps7_post_config' command is executed.
16:50:36 INFO  : Context for processor 'ps7_cortexa9_0' is selected.
16:50:36 INFO  : Processor reset is completed for 'ps7_cortexa9_0'.
16:50:36 INFO  : Context for processor 'ps7_cortexa9_0' is selected.
16:50:40 INFO  : The application 'C:/ecg_full_release/project_1/project_1.sdk/2026_3_29/Debug/2026_3_29.elf' is downloaded to processor 'ps7_cortexa9_0'.
16:50:40 INFO  : 'configparams force-mem-access 0' command is executed.
16:50:40 INFO  : ----------------XSDB Script----------------
connect -url tcp:127.0.0.1:3121
source C:/ecg_full_release/project_1/project_1.sdk/design_1_wrapper_hw_platform_0/ps7_init.tcl
targets -set -nocase -filter {name =~"APU*" && jtag_cable_name =~ "Digilent JTAG-HS2 210249854606A"} -index 0
loadhw -hw C:/ecg_full_release/project_1/project_1.sdk/design_1_wrapper_hw_platform_0/system.hdf -mem-ranges [list {0x40000000 0xbfffffff}]
configparams force-mem-access 1
targets -set -nocase -filter {name =~"APU*" && jtag_cable_name =~ "Digilent JTAG-HS2 210249854606A"} -index 0
stop
ps7_init
ps7_post_config
targets -set -nocase -filter {name =~ "ARM*#0" && jtag_cable_name =~ "Digilent JTAG-HS2 210249854606A"} -index 0
rst -processor
targets -set -nocase -filter {name =~ "ARM*#0" && jtag_cable_name =~ "Digilent JTAG-HS2 210249854606A"} -index 0
dow C:/ecg_full_release/project_1/project_1.sdk/2026_3_29/Debug/2026_3_29.elf
configparams force-mem-access 0
----------------End of Script----------------

16:50:40 INFO  : Context for processor 'ps7_cortexa9_0' is selected.
16:50:40 INFO  : 'con' command is executed.
16:50:40 INFO  : ----------------XSDB Script (After Launch)----------------
targets -set -nocase -filter {name =~ "ARM*#0" && jtag_cable_name =~ "Digilent JTAG-HS2 210249854606A"} -index 0
con
----------------End of Script----------------

16:50:40 INFO  : Disconnected from the channel tcfchan#6.
21:35:51 INFO  : Registering command handlers for SDK TCF services
21:35:52 INFO  : Launching XSCT server: xsct.bat -interactive C:\ecg_full_release\project_1\project_1.sdk\temp_xsdb_launch_script.tcl
21:35:55 INFO  : XSCT server has started successfully.
21:35:59 INFO  : Successfully done setting XSCT server connection channel  
21:35:59 INFO  : Successfully done setting SDK workspace  
21:35:59 INFO  : Processing command line option -hwspec C:/ecg_full_release/project_1/project_1.sdk/design_1_wrapper.hdf.
21:35:59 INFO  : Checking for hwspec changes in the project design_1_wrapper_hw_platform_1.
21:39:25 INFO  : Connected to target on host '127.0.0.1' and port '3121'.
21:39:25 INFO  : 'targets -set -filter {jtag_cable_name =~ "Digilent JTAG-HS2 210249854606A" && level==0} -index 1' command is executed.
21:39:29 INFO  : FPGA configured successfully with bitstream "C:/ecg_full_release/project_1/project_1.sdk/design_1_wrapper_hw_platform_0/design_1_wrapper.bit"
21:39:39 INFO  : 'targets -set -filter {jtag_cable_name =~ "Digilent JTAG-HS2 210249854606A" && level==0} -index 1' command is executed.
21:39:39 INFO  : 'fpga -state' command is executed.
21:39:39 INFO  : Connected to target on host '127.0.0.1' and port '3121'.
21:39:39 INFO  : Jtag cable 'Digilent JTAG-HS2 210249854606A' is selected.
21:39:39 INFO  : 'jtag frequency' command is executed.
21:39:39 INFO  : Sourcing of 'C:/ecg_full_release/project_1/project_1.sdk/design_1_wrapper_hw_platform_0/ps7_init.tcl' is done.
21:39:39 INFO  : Context for 'APU' is selected.
21:39:39 INFO  : Hardware design information is loaded from 'C:/ecg_full_release/project_1/project_1.sdk/design_1_wrapper_hw_platform_0/system.hdf'.
21:39:39 INFO  : 'configparams force-mem-access 1' command is executed.
21:39:39 INFO  : Context for 'APU' is selected.
21:39:39 INFO  : 'stop' command is executed.
21:39:39 INFO  : 'ps7_init' command is executed.
21:39:39 INFO  : 'ps7_post_config' command is executed.
21:39:39 INFO  : Context for processor 'ps7_cortexa9_0' is selected.
21:39:39 INFO  : Processor reset is completed for 'ps7_cortexa9_0'.
21:39:39 INFO  : Context for processor 'ps7_cortexa9_0' is selected.
21:39:43 INFO  : The application 'C:/ecg_full_release/project_1/project_1.sdk/2026_3_29/Debug/2026_3_29.elf' is downloaded to processor 'ps7_cortexa9_0'.
21:39:43 INFO  : 'configparams force-mem-access 0' command is executed.
21:39:43 INFO  : ----------------XSDB Script----------------
connect -url tcp:127.0.0.1:3121
source C:/ecg_full_release/project_1/project_1.sdk/design_1_wrapper_hw_platform_0/ps7_init.tcl
targets -set -nocase -filter {name =~"APU*" && jtag_cable_name =~ "Digilent JTAG-HS2 210249854606A"} -index 0
loadhw -hw C:/ecg_full_release/project_1/project_1.sdk/design_1_wrapper_hw_platform_0/system.hdf -mem-ranges [list {0x40000000 0xbfffffff}]
configparams force-mem-access 1
targets -set -nocase -filter {name =~"APU*" && jtag_cable_name =~ "Digilent JTAG-HS2 210249854606A"} -index 0
stop
ps7_init
ps7_post_config
targets -set -nocase -filter {name =~ "ARM*#0" && jtag_cable_name =~ "Digilent JTAG-HS2 210249854606A"} -index 0
rst -processor
targets -set -nocase -filter {name =~ "ARM*#0" && jtag_cable_name =~ "Digilent JTAG-HS2 210249854606A"} -index 0
dow C:/ecg_full_release/project_1/project_1.sdk/2026_3_29/Debug/2026_3_29.elf
configparams force-mem-access 0
----------------End of Script----------------

21:39:43 INFO  : Context for processor 'ps7_cortexa9_0' is selected.
21:39:43 INFO  : 'con' command is executed.
21:39:43 INFO  : ----------------XSDB Script (After Launch)----------------
targets -set -nocase -filter {name =~ "ARM*#0" && jtag_cable_name =~ "Digilent JTAG-HS2 210249854606A"} -index 0
con
----------------End of Script----------------

21:39:43 INFO  : Disconnected from the channel tcfchan#1.
21:40:44 INFO  : Connected to target on host '127.0.0.1' and port '3121'.
21:40:44 INFO  : 'targets -set -filter {jtag_cable_name =~ "Digilent JTAG-HS2 210249854606A" && level==0} -index 1' command is executed.
21:40:48 INFO  : FPGA configured successfully with bitstream "C:/ecg_full_release/project_1/project_1.sdk/design_1_wrapper_hw_platform_0/design_1_wrapper.bit"
21:41:07 INFO  : Connected to target on host '127.0.0.1' and port '3121'.
21:41:07 INFO  : 'targets -set -filter {jtag_cable_name =~ "Digilent JTAG-HS2 210249854606A" && level==0} -index 1' command is executed.
21:41:10 INFO  : FPGA configured successfully with bitstream "C:/ecg_full_release/project_1/project_1.sdk/design_1_wrapper_hw_platform_0/design_1_wrapper.bit"
21:41:17 INFO  : 'targets -set -filter {jtag_cable_name =~ "Digilent JTAG-HS2 210249854606A" && level==0} -index 1' command is executed.
21:41:17 INFO  : 'fpga -state' command is executed.
21:41:17 INFO  : Connected to target on host '127.0.0.1' and port '3121'.
21:41:18 INFO  : Jtag cable 'Digilent JTAG-HS2 210249854606A' is selected.
21:41:18 INFO  : 'jtag frequency' command is executed.
21:41:18 INFO  : Sourcing of 'C:/ecg_full_release/project_1/project_1.sdk/design_1_wrapper_hw_platform_0/ps7_init.tcl' is done.
21:41:18 INFO  : Context for 'APU' is selected.
21:41:18 INFO  : Hardware design information is loaded from 'C:/ecg_full_release/project_1/project_1.sdk/design_1_wrapper_hw_platform_0/system.hdf'.
21:41:18 INFO  : 'configparams force-mem-access 1' command is executed.
21:41:18 INFO  : Context for 'APU' is selected.
21:41:18 INFO  : 'stop' command is executed.
21:41:18 INFO  : 'ps7_init' command is executed.
21:41:18 INFO  : 'ps7_post_config' command is executed.
21:41:18 INFO  : Context for processor 'ps7_cortexa9_0' is selected.
21:41:18 INFO  : Processor reset is completed for 'ps7_cortexa9_0'.
21:41:18 INFO  : Context for processor 'ps7_cortexa9_0' is selected.
21:41:22 INFO  : The application 'C:/ecg_full_release/project_1/project_1.sdk/2026_3_29/Debug/2026_3_29.elf' is downloaded to processor 'ps7_cortexa9_0'.
21:41:22 INFO  : 'configparams force-mem-access 0' command is executed.
21:41:22 INFO  : ----------------XSDB Script----------------
connect -url tcp:127.0.0.1:3121
source C:/ecg_full_release/project_1/project_1.sdk/design_1_wrapper_hw_platform_0/ps7_init.tcl
targets -set -nocase -filter {name =~"APU*" && jtag_cable_name =~ "Digilent JTAG-HS2 210249854606A"} -index 0
loadhw -hw C:/ecg_full_release/project_1/project_1.sdk/design_1_wrapper_hw_platform_0/system.hdf -mem-ranges [list {0x40000000 0xbfffffff}]
configparams force-mem-access 1
targets -set -nocase -filter {name =~"APU*" && jtag_cable_name =~ "Digilent JTAG-HS2 210249854606A"} -index 0
stop
ps7_init
ps7_post_config
targets -set -nocase -filter {name =~ "ARM*#0" && jtag_cable_name =~ "Digilent JTAG-HS2 210249854606A"} -index 0
rst -processor
targets -set -nocase -filter {name =~ "ARM*#0" && jtag_cable_name =~ "Digilent JTAG-HS2 210249854606A"} -index 0
dow C:/ecg_full_release/project_1/project_1.sdk/2026_3_29/Debug/2026_3_29.elf
configparams force-mem-access 0
----------------End of Script----------------

21:41:22 INFO  : Context for processor 'ps7_cortexa9_0' is selected.
21:41:22 INFO  : 'con' command is executed.
21:41:22 INFO  : ----------------XSDB Script (After Launch)----------------
targets -set -nocase -filter {name =~ "ARM*#0" && jtag_cable_name =~ "Digilent JTAG-HS2 210249854606A"} -index 0
con
----------------End of Script----------------

21:41:22 INFO  : Disconnected from the channel tcfchan#2.
21:46:39 INFO  : Connected to target on host '127.0.0.1' and port '3121'.
21:46:39 INFO  : 'targets -set -filter {jtag_cable_name =~ "Digilent JTAG-HS2 210249854606A" && level==0} -index 1' command is executed.
21:46:42 INFO  : FPGA configured successfully with bitstream "C:/ecg_full_release/project_1/project_1.sdk/design_1_wrapper_hw_platform_0/design_1_wrapper.bit"
21:46:50 INFO  : 'targets -set -filter {jtag_cable_name =~ "Digilent JTAG-HS2 210249854606A" && level==0} -index 1' command is executed.
21:46:50 INFO  : 'fpga -state' command is executed.
21:46:50 INFO  : Connected to target on host '127.0.0.1' and port '3121'.
21:46:50 INFO  : Jtag cable 'Digilent JTAG-HS2 210249854606A' is selected.
21:46:50 INFO  : 'jtag frequency' command is executed.
21:46:50 INFO  : Sourcing of 'C:/ecg_full_release/project_1/project_1.sdk/design_1_wrapper_hw_platform_0/ps7_init.tcl' is done.
21:46:50 INFO  : Context for 'APU' is selected.
21:46:50 INFO  : Hardware design information is loaded from 'C:/ecg_full_release/project_1/project_1.sdk/design_1_wrapper_hw_platform_0/system.hdf'.
21:46:50 INFO  : 'configparams force-mem-access 1' command is executed.
21:46:50 INFO  : Context for 'APU' is selected.
21:46:50 INFO  : 'stop' command is executed.
21:46:51 INFO  : 'ps7_init' command is executed.
21:46:51 INFO  : 'ps7_post_config' command is executed.
21:46:51 INFO  : Context for processor 'ps7_cortexa9_0' is selected.
21:46:51 INFO  : Processor reset is completed for 'ps7_cortexa9_0'.
21:46:51 INFO  : Context for processor 'ps7_cortexa9_0' is selected.
21:46:54 INFO  : The application 'C:/ecg_full_release/project_1/project_1.sdk/2026_3_29/Debug/2026_3_29.elf' is downloaded to processor 'ps7_cortexa9_0'.
21:46:54 INFO  : 'configparams force-mem-access 0' command is executed.
21:46:54 INFO  : ----------------XSDB Script----------------
connect -url tcp:127.0.0.1:3121
source C:/ecg_full_release/project_1/project_1.sdk/design_1_wrapper_hw_platform_0/ps7_init.tcl
targets -set -nocase -filter {name =~"APU*" && jtag_cable_name =~ "Digilent JTAG-HS2 210249854606A"} -index 0
loadhw -hw C:/ecg_full_release/project_1/project_1.sdk/design_1_wrapper_hw_platform_0/system.hdf -mem-ranges [list {0x40000000 0xbfffffff}]
configparams force-mem-access 1
targets -set -nocase -filter {name =~"APU*" && jtag_cable_name =~ "Digilent JTAG-HS2 210249854606A"} -index 0
stop
ps7_init
ps7_post_config
targets -set -nocase -filter {name =~ "ARM*#0" && jtag_cable_name =~ "Digilent JTAG-HS2 210249854606A"} -index 0
rst -processor
targets -set -nocase -filter {name =~ "ARM*#0" && jtag_cable_name =~ "Digilent JTAG-HS2 210249854606A"} -index 0
dow C:/ecg_full_release/project_1/project_1.sdk/2026_3_29/Debug/2026_3_29.elf
configparams force-mem-access 0
----------------End of Script----------------

21:46:54 INFO  : Context for processor 'ps7_cortexa9_0' is selected.
21:46:54 INFO  : 'con' command is executed.
21:46:54 INFO  : ----------------XSDB Script (After Launch)----------------
targets -set -nocase -filter {name =~ "ARM*#0" && jtag_cable_name =~ "Digilent JTAG-HS2 210249854606A"} -index 0
con
----------------End of Script----------------

21:46:54 INFO  : Disconnected from the channel tcfchan#3.
21:47:31 INFO  : 'targets -set -filter {jtag_cable_name =~ "Digilent JTAG-HS2 210249854606A" && level==0} -index 1' command is executed.
21:47:31 INFO  : 'fpga -state' command is executed.
21:47:31 INFO  : Connected to target on host '127.0.0.1' and port '3121'.
21:47:31 INFO  : Jtag cable 'Digilent JTAG-HS2 210249854606A' is selected.
21:47:31 INFO  : 'jtag frequency' command is executed.
21:47:31 INFO  : Sourcing of 'C:/ecg_full_release/project_1/project_1.sdk/design_1_wrapper_hw_platform_0/ps7_init.tcl' is done.
21:47:31 INFO  : Context for 'APU' is selected.
21:47:31 INFO  : Hardware design information is loaded from 'C:/ecg_full_release/project_1/project_1.sdk/design_1_wrapper_hw_platform_0/system.hdf'.
21:47:31 INFO  : 'configparams force-mem-access 1' command is executed.
21:47:31 INFO  : Context for 'APU' is selected.
21:47:31 INFO  : 'stop' command is executed.
21:47:31 INFO  : 'ps7_init' command is executed.
21:47:31 INFO  : 'ps7_post_config' command is executed.
21:47:31 INFO  : Context for processor 'ps7_cortexa9_0' is selected.
21:47:31 INFO  : Processor reset is completed for 'ps7_cortexa9_0'.
21:47:31 INFO  : Context for processor 'ps7_cortexa9_0' is selected.
21:47:35 INFO  : The application 'C:/ecg_full_release/project_1/project_1.sdk/2026_3_29/Debug/2026_3_29.elf' is downloaded to processor 'ps7_cortexa9_0'.
21:47:35 INFO  : 'configparams force-mem-access 0' command is executed.
21:47:35 INFO  : ----------------XSDB Script----------------
connect -url tcp:127.0.0.1:3121
source C:/ecg_full_release/project_1/project_1.sdk/design_1_wrapper_hw_platform_0/ps7_init.tcl
targets -set -nocase -filter {name =~"APU*" && jtag_cable_name =~ "Digilent JTAG-HS2 210249854606A"} -index 0
loadhw -hw C:/ecg_full_release/project_1/project_1.sdk/design_1_wrapper_hw_platform_0/system.hdf -mem-ranges [list {0x40000000 0xbfffffff}]
configparams force-mem-access 1
targets -set -nocase -filter {name =~"APU*" && jtag_cable_name =~ "Digilent JTAG-HS2 210249854606A"} -index 0
stop
ps7_init
ps7_post_config
targets -set -nocase -filter {name =~ "ARM*#0" && jtag_cable_name =~ "Digilent JTAG-HS2 210249854606A"} -index 0
rst -processor
targets -set -nocase -filter {name =~ "ARM*#0" && jtag_cable_name =~ "Digilent JTAG-HS2 210249854606A"} -index 0
dow C:/ecg_full_release/project_1/project_1.sdk/2026_3_29/Debug/2026_3_29.elf
configparams force-mem-access 0
----------------End of Script----------------

21:47:35 INFO  : Context for processor 'ps7_cortexa9_0' is selected.
21:47:35 INFO  : 'con' command is executed.
21:47:35 INFO  : ----------------XSDB Script (After Launch)----------------
targets -set -nocase -filter {name =~ "ARM*#0" && jtag_cable_name =~ "Digilent JTAG-HS2 210249854606A"} -index 0
con
----------------End of Script----------------

21:47:35 INFO  : Disconnected from the channel tcfchan#4.
21:48:47 INFO  : Connected to target on host '127.0.0.1' and port '3121'.
21:48:47 INFO  : 'targets -set -filter {jtag_cable_name =~ "Digilent JTAG-HS2 210249854606A" && level==0} -index 1' command is executed.
21:48:50 INFO  : FPGA configured successfully with bitstream "C:/ecg_full_release/project_1/project_1.sdk/design_1_wrapper_hw_platform_0/design_1_wrapper.bit"
21:49:05 INFO  : 'targets -set -filter {jtag_cable_name =~ "Digilent JTAG-HS2 210249854606A" && level==0} -index 1' command is executed.
21:49:05 INFO  : 'fpga -state' command is executed.
21:49:05 INFO  : Connected to target on host '127.0.0.1' and port '3121'.
21:49:05 INFO  : Jtag cable 'Digilent JTAG-HS2 210249854606A' is selected.
21:49:05 INFO  : 'jtag frequency' command is executed.
21:49:05 INFO  : Sourcing of 'C:/ecg_full_release/project_1/project_1.sdk/design_1_wrapper_hw_platform_0/ps7_init.tcl' is done.
21:49:05 INFO  : Context for 'APU' is selected.
21:49:05 INFO  : Hardware design information is loaded from 'C:/ecg_full_release/project_1/project_1.sdk/design_1_wrapper_hw_platform_0/system.hdf'.
21:49:05 INFO  : 'configparams force-mem-access 1' command is executed.
21:49:05 INFO  : Context for 'APU' is selected.
21:49:05 INFO  : 'stop' command is executed.
21:49:05 INFO  : 'ps7_init' command is executed.
21:49:05 INFO  : 'ps7_post_config' command is executed.
21:49:05 INFO  : Context for processor 'ps7_cortexa9_0' is selected.
21:49:05 INFO  : Processor reset is completed for 'ps7_cortexa9_0'.
21:49:05 INFO  : Context for processor 'ps7_cortexa9_0' is selected.
21:49:08 INFO  : The application 'C:/ecg_full_release/project_1/project_1.sdk/2026_3_29/Debug/2026_3_29.elf' is downloaded to processor 'ps7_cortexa9_0'.
21:49:08 INFO  : 'configparams force-mem-access 0' command is executed.
21:49:08 INFO  : ----------------XSDB Script----------------
connect -url tcp:127.0.0.1:3121
source C:/ecg_full_release/project_1/project_1.sdk/design_1_wrapper_hw_platform_0/ps7_init.tcl
targets -set -nocase -filter {name =~"APU*" && jtag_cable_name =~ "Digilent JTAG-HS2 210249854606A"} -index 0
loadhw -hw C:/ecg_full_release/project_1/project_1.sdk/design_1_wrapper_hw_platform_0/system.hdf -mem-ranges [list {0x40000000 0xbfffffff}]
configparams force-mem-access 1
targets -set -nocase -filter {name =~"APU*" && jtag_cable_name =~ "Digilent JTAG-HS2 210249854606A"} -index 0
stop
ps7_init
ps7_post_config
targets -set -nocase -filter {name =~ "ARM*#0" && jtag_cable_name =~ "Digilent JTAG-HS2 210249854606A"} -index 0
rst -processor
targets -set -nocase -filter {name =~ "ARM*#0" && jtag_cable_name =~ "Digilent JTAG-HS2 210249854606A"} -index 0
dow C:/ecg_full_release/project_1/project_1.sdk/2026_3_29/Debug/2026_3_29.elf
configparams force-mem-access 0
----------------End of Script----------------

21:49:08 INFO  : Context for processor 'ps7_cortexa9_0' is selected.
21:49:08 INFO  : 'con' command is executed.
21:49:08 INFO  : ----------------XSDB Script (After Launch)----------------
targets -set -nocase -filter {name =~ "ARM*#0" && jtag_cable_name =~ "Digilent JTAG-HS2 210249854606A"} -index 0
con
----------------End of Script----------------

21:49:08 INFO  : Disconnected from the channel tcfchan#5.
21:50:34 INFO  : 'targets -set -filter {jtag_cable_name =~ "Digilent JTAG-HS2 210249854606A" && level==0} -index 1' command is executed.
21:50:34 INFO  : 'fpga -state' command is executed.
21:50:34 INFO  : Connected to target on host '127.0.0.1' and port '3121'.
21:50:34 INFO  : Jtag cable 'Digilent JTAG-HS2 210249854606A' is selected.
21:50:34 INFO  : 'jtag frequency' command is executed.
21:50:34 INFO  : Sourcing of 'C:/ecg_full_release/project_1/project_1.sdk/design_1_wrapper_hw_platform_0/ps7_init.tcl' is done.
21:50:34 INFO  : Context for 'APU' is selected.
21:50:34 INFO  : Hardware design information is loaded from 'C:/ecg_full_release/project_1/project_1.sdk/design_1_wrapper_hw_platform_0/system.hdf'.
21:50:34 INFO  : 'configparams force-mem-access 1' command is executed.
21:50:34 INFO  : Context for 'APU' is selected.
21:50:34 INFO  : 'stop' command is executed.
21:50:35 INFO  : 'ps7_init' command is executed.
21:50:35 INFO  : 'ps7_post_config' command is executed.
21:50:35 INFO  : Context for processor 'ps7_cortexa9_0' is selected.
21:50:35 INFO  : Processor reset is completed for 'ps7_cortexa9_0'.
21:50:35 INFO  : Context for processor 'ps7_cortexa9_0' is selected.
21:50:38 INFO  : The application 'C:/ecg_full_release/project_1/project_1.sdk/2026_3_29/Debug/2026_3_29.elf' is downloaded to processor 'ps7_cortexa9_0'.
21:50:38 INFO  : 'configparams force-mem-access 0' command is executed.
21:50:38 INFO  : ----------------XSDB Script----------------
connect -url tcp:127.0.0.1:3121
source C:/ecg_full_release/project_1/project_1.sdk/design_1_wrapper_hw_platform_0/ps7_init.tcl
targets -set -nocase -filter {name =~"APU*" && jtag_cable_name =~ "Digilent JTAG-HS2 210249854606A"} -index 0
loadhw -hw C:/ecg_full_release/project_1/project_1.sdk/design_1_wrapper_hw_platform_0/system.hdf -mem-ranges [list {0x40000000 0xbfffffff}]
configparams force-mem-access 1
targets -set -nocase -filter {name =~"APU*" && jtag_cable_name =~ "Digilent JTAG-HS2 210249854606A"} -index 0
stop
ps7_init
ps7_post_config
targets -set -nocase -filter {name =~ "ARM*#0" && jtag_cable_name =~ "Digilent JTAG-HS2 210249854606A"} -index 0
rst -processor
targets -set -nocase -filter {name =~ "ARM*#0" && jtag_cable_name =~ "Digilent JTAG-HS2 210249854606A"} -index 0
dow C:/ecg_full_release/project_1/project_1.sdk/2026_3_29/Debug/2026_3_29.elf
configparams force-mem-access 0
----------------End of Script----------------

21:50:38 INFO  : Context for processor 'ps7_cortexa9_0' is selected.
21:50:38 INFO  : 'con' command is executed.
21:50:38 INFO  : ----------------XSDB Script (After Launch)----------------
targets -set -nocase -filter {name =~ "ARM*#0" && jtag_cable_name =~ "Digilent JTAG-HS2 210249854606A"} -index 0
con
----------------End of Script----------------

21:50:38 INFO  : Disconnected from the channel tcfchan#6.
22:07:39 INFO  : Connected to target on host '127.0.0.1' and port '3121'.
22:07:39 INFO  : 'targets -set -filter {jtag_cable_name =~ "Digilent JTAG-HS2 210249854606A" && level==0} -index 1' command is executed.
22:07:42 INFO  : FPGA configured successfully with bitstream "C:/ecg_full_release/project_1/project_1.sdk/design_1_wrapper_hw_platform_0/design_1_wrapper.bit"
22:07:48 INFO  : 'targets -set -filter {jtag_cable_name =~ "Digilent JTAG-HS2 210249854606A" && level==0} -index 1' command is executed.
22:07:48 INFO  : 'fpga -state' command is executed.
22:07:48 INFO  : Connected to target on host '127.0.0.1' and port '3121'.
22:07:48 INFO  : Jtag cable 'Digilent JTAG-HS2 210249854606A' is selected.
22:07:48 INFO  : 'jtag frequency' command is executed.
22:07:48 INFO  : Sourcing of 'C:/ecg_full_release/project_1/project_1.sdk/design_1_wrapper_hw_platform_0/ps7_init.tcl' is done.
22:07:48 INFO  : Context for 'APU' is selected.
22:07:48 INFO  : Hardware design information is loaded from 'C:/ecg_full_release/project_1/project_1.sdk/design_1_wrapper_hw_platform_0/system.hdf'.
22:07:48 INFO  : 'configparams force-mem-access 1' command is executed.
22:07:48 INFO  : Context for 'APU' is selected.
22:07:48 INFO  : 'stop' command is executed.
22:07:48 INFO  : 'ps7_init' command is executed.
22:07:48 INFO  : 'ps7_post_config' command is executed.
22:07:48 INFO  : Context for processor 'ps7_cortexa9_0' is selected.
22:07:48 INFO  : Processor reset is completed for 'ps7_cortexa9_0'.
22:07:48 INFO  : Context for processor 'ps7_cortexa9_0' is selected.
22:07:51 INFO  : The application 'C:/ecg_full_release/project_1/project_1.sdk/2026_3_29/Debug/2026_3_29.elf' is downloaded to processor 'ps7_cortexa9_0'.
22:07:51 INFO  : 'configparams force-mem-access 0' command is executed.
22:07:51 INFO  : ----------------XSDB Script----------------
connect -url tcp:127.0.0.1:3121
source C:/ecg_full_release/project_1/project_1.sdk/design_1_wrapper_hw_platform_0/ps7_init.tcl
targets -set -nocase -filter {name =~"APU*" && jtag_cable_name =~ "Digilent JTAG-HS2 210249854606A"} -index 0
loadhw -hw C:/ecg_full_release/project_1/project_1.sdk/design_1_wrapper_hw_platform_0/system.hdf -mem-ranges [list {0x40000000 0xbfffffff}]
configparams force-mem-access 1
targets -set -nocase -filter {name =~"APU*" && jtag_cable_name =~ "Digilent JTAG-HS2 210249854606A"} -index 0
stop
ps7_init
ps7_post_config
targets -set -nocase -filter {name =~ "ARM*#0" && jtag_cable_name =~ "Digilent JTAG-HS2 210249854606A"} -index 0
rst -processor
targets -set -nocase -filter {name =~ "ARM*#0" && jtag_cable_name =~ "Digilent JTAG-HS2 210249854606A"} -index 0
dow C:/ecg_full_release/project_1/project_1.sdk/2026_3_29/Debug/2026_3_29.elf
configparams force-mem-access 0
----------------End of Script----------------

22:07:51 INFO  : Context for processor 'ps7_cortexa9_0' is selected.
22:07:51 INFO  : 'con' command is executed.
22:07:51 INFO  : ----------------XSDB Script (After Launch)----------------
targets -set -nocase -filter {name =~ "ARM*#0" && jtag_cable_name =~ "Digilent JTAG-HS2 210249854606A"} -index 0
con
----------------End of Script----------------

22:07:51 INFO  : Disconnected from the channel tcfchan#7.
22:08:28 INFO  : Connected to target on host '127.0.0.1' and port '3121'.
22:08:29 INFO  : 'targets -set -filter {jtag_cable_name =~ "Digilent JTAG-HS2 210249854606A" && level==0} -index 1' command is executed.
22:08:32 INFO  : FPGA configured successfully with bitstream "C:/ecg_full_release/project_1/project_1.sdk/design_1_wrapper_hw_platform_0/design_1_wrapper.bit"
22:08:39 INFO  : 'targets -set -filter {jtag_cable_name =~ "Digilent JTAG-HS2 210249854606A" && level==0} -index 1' command is executed.
22:08:39 INFO  : 'fpga -state' command is executed.
22:08:39 INFO  : Connected to target on host '127.0.0.1' and port '3121'.
22:08:39 INFO  : Jtag cable 'Digilent JTAG-HS2 210249854606A' is selected.
22:08:39 INFO  : 'jtag frequency' command is executed.
22:08:39 INFO  : Sourcing of 'C:/ecg_full_release/project_1/project_1.sdk/design_1_wrapper_hw_platform_0/ps7_init.tcl' is done.
22:08:39 INFO  : Context for 'APU' is selected.
22:08:39 INFO  : Hardware design information is loaded from 'C:/ecg_full_release/project_1/project_1.sdk/design_1_wrapper_hw_platform_0/system.hdf'.
22:08:39 INFO  : 'configparams force-mem-access 1' command is executed.
22:08:39 INFO  : Context for 'APU' is selected.
22:08:39 INFO  : 'stop' command is executed.
22:08:39 INFO  : 'ps7_init' command is executed.
22:08:39 INFO  : 'ps7_post_config' command is executed.
22:08:39 INFO  : Context for processor 'ps7_cortexa9_0' is selected.
22:08:39 INFO  : Processor reset is completed for 'ps7_cortexa9_0'.
22:08:39 INFO  : Context for processor 'ps7_cortexa9_0' is selected.
22:08:43 INFO  : The application 'C:/ecg_full_release/project_1/project_1.sdk/2026_3_29/Debug/2026_3_29.elf' is downloaded to processor 'ps7_cortexa9_0'.
22:08:43 INFO  : 'configparams force-mem-access 0' command is executed.
22:08:43 INFO  : ----------------XSDB Script----------------
connect -url tcp:127.0.0.1:3121
source C:/ecg_full_release/project_1/project_1.sdk/design_1_wrapper_hw_platform_0/ps7_init.tcl
targets -set -nocase -filter {name =~"APU*" && jtag_cable_name =~ "Digilent JTAG-HS2 210249854606A"} -index 0
loadhw -hw C:/ecg_full_release/project_1/project_1.sdk/design_1_wrapper_hw_platform_0/system.hdf -mem-ranges [list {0x40000000 0xbfffffff}]
configparams force-mem-access 1
targets -set -nocase -filter {name =~"APU*" && jtag_cable_name =~ "Digilent JTAG-HS2 210249854606A"} -index 0
stop
ps7_init
ps7_post_config
targets -set -nocase -filter {name =~ "ARM*#0" && jtag_cable_name =~ "Digilent JTAG-HS2 210249854606A"} -index 0
rst -processor
targets -set -nocase -filter {name =~ "ARM*#0" && jtag_cable_name =~ "Digilent JTAG-HS2 210249854606A"} -index 0
dow C:/ecg_full_release/project_1/project_1.sdk/2026_3_29/Debug/2026_3_29.elf
configparams force-mem-access 0
----------------End of Script----------------

22:08:43 INFO  : Context for processor 'ps7_cortexa9_0' is selected.
22:08:43 INFO  : 'con' command is executed.
22:08:43 INFO  : ----------------XSDB Script (After Launch)----------------
targets -set -nocase -filter {name =~ "ARM*#0" && jtag_cable_name =~ "Digilent JTAG-HS2 210249854606A"} -index 0
con
----------------End of Script----------------

22:08:43 INFO  : Disconnected from the channel tcfchan#8.
00:09:04 INFO  : Registering command handlers for SDK TCF services
00:09:04 INFO  : Launching XSCT server: xsct.bat -interactive C:\ecg_full_release\project_1\project_1.sdk\temp_xsdb_launch_script.tcl
00:09:07 INFO  : XSCT server has started successfully.
00:09:15 INFO  : Successfully done setting XSCT server connection channel  
00:09:15 INFO  : Successfully done setting SDK workspace  
00:09:15 INFO  : Processing command line option -hwspec C:/ecg_full_release/project_1/project_1.sdk/design_1_wrapper.hdf.
00:09:15 INFO  : Checking for hwspec changes in the project design_1_wrapper_hw_platform_1.
00:16:27 INFO  : Connected to target on host '127.0.0.1' and port '3121'.
00:16:27 INFO  : 'targets -set -filter {jtag_cable_name =~ "Digilent JTAG-HS2 210249854606A" && level==0} -index 1' command is executed.
00:16:31 INFO  : FPGA configured successfully with bitstream "C:/ecg_full_release/project_1/project_1.sdk/design_1_wrapper_hw_platform_0/design_1_wrapper.bit"
00:17:04 INFO  : 'targets -set -filter {jtag_cable_name =~ "Digilent JTAG-HS2 210249854606A" && level==0} -index 1' command is executed.
00:17:04 INFO  : 'fpga -state' command is executed.
00:17:04 INFO  : Connected to target on host '127.0.0.1' and port '3121'.
00:17:04 INFO  : Jtag cable 'Digilent JTAG-HS2 210249854606A' is selected.
00:17:04 INFO  : 'jtag frequency' command is executed.
00:17:04 INFO  : Sourcing of 'C:/ecg_full_release/project_1/project_1.sdk/design_1_wrapper_hw_platform_0/ps7_init.tcl' is done.
00:17:04 INFO  : Context for 'APU' is selected.
00:17:04 INFO  : Hardware design information is loaded from 'C:/ecg_full_release/project_1/project_1.sdk/design_1_wrapper_hw_platform_0/system.hdf'.
00:17:04 INFO  : 'configparams force-mem-access 1' command is executed.
00:17:04 INFO  : Context for 'APU' is selected.
00:17:04 INFO  : 'stop' command is executed.
00:17:04 INFO  : 'ps7_init' command is executed.
00:17:04 INFO  : 'ps7_post_config' command is executed.
00:17:04 INFO  : Context for processor 'ps7_cortexa9_0' is selected.
00:17:04 INFO  : Processor reset is completed for 'ps7_cortexa9_0'.
00:17:04 INFO  : Context for processor 'ps7_cortexa9_0' is selected.
00:17:08 INFO  : The application 'C:/ecg_full_release/project_1/project_1.sdk/2026_3_29/Debug/2026_3_29.elf' is downloaded to processor 'ps7_cortexa9_0'.
00:17:08 INFO  : 'configparams force-mem-access 0' command is executed.
00:17:08 INFO  : ----------------XSDB Script----------------
connect -url tcp:127.0.0.1:3121
source C:/ecg_full_release/project_1/project_1.sdk/design_1_wrapper_hw_platform_0/ps7_init.tcl
targets -set -nocase -filter {name =~"APU*" && jtag_cable_name =~ "Digilent JTAG-HS2 210249854606A"} -index 0
loadhw -hw C:/ecg_full_release/project_1/project_1.sdk/design_1_wrapper_hw_platform_0/system.hdf -mem-ranges [list {0x40000000 0xbfffffff}]
configparams force-mem-access 1
targets -set -nocase -filter {name =~"APU*" && jtag_cable_name =~ "Digilent JTAG-HS2 210249854606A"} -index 0
stop
ps7_init
ps7_post_config
targets -set -nocase -filter {name =~ "ARM*#0" && jtag_cable_name =~ "Digilent JTAG-HS2 210249854606A"} -index 0
rst -processor
targets -set -nocase -filter {name =~ "ARM*#0" && jtag_cable_name =~ "Digilent JTAG-HS2 210249854606A"} -index 0
dow C:/ecg_full_release/project_1/project_1.sdk/2026_3_29/Debug/2026_3_29.elf
configparams force-mem-access 0
----------------End of Script----------------

00:17:08 INFO  : Context for processor 'ps7_cortexa9_0' is selected.
00:17:08 INFO  : 'con' command is executed.
00:17:08 INFO  : ----------------XSDB Script (After Launch)----------------
targets -set -nocase -filter {name =~ "ARM*#0" && jtag_cable_name =~ "Digilent JTAG-HS2 210249854606A"} -index 0
con
----------------End of Script----------------

00:17:08 INFO  : Disconnected from the channel tcfchan#1.
00:18:32 INFO  : Connected to target on host '127.0.0.1' and port '3121'.
00:18:32 INFO  : 'targets -set -filter {jtag_cable_name =~ "Digilent JTAG-HS2 210249854606A" && level==0} -index 1' command is executed.
00:18:35 INFO  : FPGA configured successfully with bitstream "C:/ecg_full_release/project_1/project_1.sdk/design_1_wrapper_hw_platform_0/design_1_wrapper.bit"
00:18:50 INFO  : 'targets -set -filter {jtag_cable_name =~ "Digilent JTAG-HS2 210249854606A" && level==0} -index 1' command is executed.
00:18:50 INFO  : 'fpga -state' command is executed.
00:18:50 INFO  : Connected to target on host '127.0.0.1' and port '3121'.
00:18:50 INFO  : Jtag cable 'Digilent JTAG-HS2 210249854606A' is selected.
00:18:50 INFO  : 'jtag frequency' command is executed.
00:18:50 INFO  : Sourcing of 'C:/ecg_full_release/project_1/project_1.sdk/design_1_wrapper_hw_platform_0/ps7_init.tcl' is done.
00:18:50 INFO  : Context for 'APU' is selected.
00:18:50 INFO  : Hardware design information is loaded from 'C:/ecg_full_release/project_1/project_1.sdk/design_1_wrapper_hw_platform_0/system.hdf'.
00:18:50 INFO  : 'configparams force-mem-access 1' command is executed.
00:18:50 INFO  : Context for 'APU' is selected.
00:18:50 INFO  : 'stop' command is executed.
00:18:50 INFO  : 'ps7_init' command is executed.
00:18:50 INFO  : 'ps7_post_config' command is executed.
00:18:50 INFO  : Context for processor 'ps7_cortexa9_0' is selected.
00:18:50 INFO  : Processor reset is completed for 'ps7_cortexa9_0'.
00:18:50 INFO  : Context for processor 'ps7_cortexa9_0' is selected.
00:18:54 INFO  : The application 'C:/ecg_full_release/project_1/project_1.sdk/2026_3_29/Debug/2026_3_29.elf' is downloaded to processor 'ps7_cortexa9_0'.
00:18:54 INFO  : 'configparams force-mem-access 0' command is executed.
00:18:54 INFO  : ----------------XSDB Script----------------
connect -url tcp:127.0.0.1:3121
source C:/ecg_full_release/project_1/project_1.sdk/design_1_wrapper_hw_platform_0/ps7_init.tcl
targets -set -nocase -filter {name =~"APU*" && jtag_cable_name =~ "Digilent JTAG-HS2 210249854606A"} -index 0
loadhw -hw C:/ecg_full_release/project_1/project_1.sdk/design_1_wrapper_hw_platform_0/system.hdf -mem-ranges [list {0x40000000 0xbfffffff}]
configparams force-mem-access 1
targets -set -nocase -filter {name =~"APU*" && jtag_cable_name =~ "Digilent JTAG-HS2 210249854606A"} -index 0
stop
ps7_init
ps7_post_config
targets -set -nocase -filter {name =~ "ARM*#0" && jtag_cable_name =~ "Digilent JTAG-HS2 210249854606A"} -index 0
rst -processor
targets -set -nocase -filter {name =~ "ARM*#0" && jtag_cable_name =~ "Digilent JTAG-HS2 210249854606A"} -index 0
dow C:/ecg_full_release/project_1/project_1.sdk/2026_3_29/Debug/2026_3_29.elf
configparams force-mem-access 0
----------------End of Script----------------

00:18:54 INFO  : Context for processor 'ps7_cortexa9_0' is selected.
00:18:54 INFO  : 'con' command is executed.
00:18:54 INFO  : ----------------XSDB Script (After Launch)----------------
targets -set -nocase -filter {name =~ "ARM*#0" && jtag_cable_name =~ "Digilent JTAG-HS2 210249854606A"} -index 0
con
----------------End of Script----------------

00:18:54 INFO  : Disconnected from the channel tcfchan#2.
00:19:28 INFO  : Connected to target on host '127.0.0.1' and port '3121'.
00:19:28 INFO  : 'targets -set -filter {jtag_cable_name =~ "Digilent JTAG-HS2 210249854606A" && level==0} -index 1' command is executed.
00:19:31 INFO  : FPGA configured successfully with bitstream "C:/ecg_full_release/project_1/project_1.sdk/design_1_wrapper_hw_platform_0/design_1_wrapper.bit"
00:19:39 INFO  : 'targets -set -filter {jtag_cable_name =~ "Digilent JTAG-HS2 210249854606A" && level==0} -index 1' command is executed.
00:19:39 INFO  : 'fpga -state' command is executed.
00:19:39 INFO  : Connected to target on host '127.0.0.1' and port '3121'.
00:19:39 INFO  : Jtag cable 'Digilent JTAG-HS2 210249854606A' is selected.
00:19:39 INFO  : 'jtag frequency' command is executed.
00:19:39 INFO  : Sourcing of 'C:/ecg_full_release/project_1/project_1.sdk/design_1_wrapper_hw_platform_0/ps7_init.tcl' is done.
00:19:39 INFO  : Context for 'APU' is selected.
00:19:39 INFO  : Hardware design information is loaded from 'C:/ecg_full_release/project_1/project_1.sdk/design_1_wrapper_hw_platform_0/system.hdf'.
00:19:39 INFO  : 'configparams force-mem-access 1' command is executed.
00:19:39 INFO  : Context for 'APU' is selected.
00:19:39 INFO  : 'stop' command is executed.
00:19:39 INFO  : 'ps7_init' command is executed.
00:19:39 INFO  : 'ps7_post_config' command is executed.
00:19:39 INFO  : Context for processor 'ps7_cortexa9_0' is selected.
00:19:39 INFO  : Processor reset is completed for 'ps7_cortexa9_0'.
00:19:39 INFO  : Context for processor 'ps7_cortexa9_0' is selected.
00:19:43 INFO  : The application 'C:/ecg_full_release/project_1/project_1.sdk/2026_3_29/Debug/2026_3_29.elf' is downloaded to processor 'ps7_cortexa9_0'.
00:19:43 INFO  : 'configparams force-mem-access 0' command is executed.
00:19:43 INFO  : ----------------XSDB Script----------------
connect -url tcp:127.0.0.1:3121
source C:/ecg_full_release/project_1/project_1.sdk/design_1_wrapper_hw_platform_0/ps7_init.tcl
targets -set -nocase -filter {name =~"APU*" && jtag_cable_name =~ "Digilent JTAG-HS2 210249854606A"} -index 0
loadhw -hw C:/ecg_full_release/project_1/project_1.sdk/design_1_wrapper_hw_platform_0/system.hdf -mem-ranges [list {0x40000000 0xbfffffff}]
configparams force-mem-access 1
targets -set -nocase -filter {name =~"APU*" && jtag_cable_name =~ "Digilent JTAG-HS2 210249854606A"} -index 0
stop
ps7_init
ps7_post_config
targets -set -nocase -filter {name =~ "ARM*#0" && jtag_cable_name =~ "Digilent JTAG-HS2 210249854606A"} -index 0
rst -processor
targets -set -nocase -filter {name =~ "ARM*#0" && jtag_cable_name =~ "Digilent JTAG-HS2 210249854606A"} -index 0
dow C:/ecg_full_release/project_1/project_1.sdk/2026_3_29/Debug/2026_3_29.elf
configparams force-mem-access 0
----------------End of Script----------------

00:19:43 INFO  : Context for processor 'ps7_cortexa9_0' is selected.
00:19:43 INFO  : 'con' command is executed.
00:19:43 INFO  : ----------------XSDB Script (After Launch)----------------
targets -set -nocase -filter {name =~ "ARM*#0" && jtag_cable_name =~ "Digilent JTAG-HS2 210249854606A"} -index 0
con
----------------End of Script----------------

00:19:43 INFO  : Disconnected from the channel tcfchan#3.
00:20:40 INFO  : Connected to target on host '127.0.0.1' and port '3121'.
00:20:40 INFO  : 'targets -set -filter {jtag_cable_name =~ "Digilent JTAG-HS2 210249854606A" && level==0} -index 1' command is executed.
00:20:44 INFO  : FPGA configured successfully with bitstream "C:/ecg_full_release/project_1/project_1.sdk/design_1_wrapper_hw_platform_0/design_1_wrapper.bit"
00:20:50 INFO  : Connected to target on host '127.0.0.1' and port '3121'.
00:20:50 INFO  : 'targets -set -filter {jtag_cable_name =~ "Digilent JTAG-HS2 210249854606A" && level==0} -index 1' command is executed.
00:20:53 INFO  : FPGA configured successfully with bitstream "C:/ecg_full_release/project_1/project_1.sdk/design_1_wrapper_hw_platform_0/design_1_wrapper.bit"
00:20:59 INFO  : 'targets -set -filter {jtag_cable_name =~ "Digilent JTAG-HS2 210249854606A" && level==0} -index 1' command is executed.
00:20:59 INFO  : 'fpga -state' command is executed.
00:20:59 INFO  : Connected to target on host '127.0.0.1' and port '3121'.
00:20:59 INFO  : Jtag cable 'Digilent JTAG-HS2 210249854606A' is selected.
00:20:59 INFO  : 'jtag frequency' command is executed.
00:20:59 INFO  : Sourcing of 'C:/ecg_full_release/project_1/project_1.sdk/design_1_wrapper_hw_platform_0/ps7_init.tcl' is done.
00:20:59 INFO  : Context for 'APU' is selected.
00:20:59 INFO  : Hardware design information is loaded from 'C:/ecg_full_release/project_1/project_1.sdk/design_1_wrapper_hw_platform_0/system.hdf'.
00:20:59 INFO  : 'configparams force-mem-access 1' command is executed.
00:20:59 INFO  : Context for 'APU' is selected.
00:20:59 INFO  : 'stop' command is executed.
00:20:59 INFO  : 'ps7_init' command is executed.
00:20:59 INFO  : 'ps7_post_config' command is executed.
00:20:59 INFO  : Context for processor 'ps7_cortexa9_0' is selected.
00:20:59 INFO  : Processor reset is completed for 'ps7_cortexa9_0'.
00:20:59 INFO  : Context for processor 'ps7_cortexa9_0' is selected.
00:21:03 INFO  : The application 'C:/ecg_full_release/project_1/project_1.sdk/2026_3_29/Debug/2026_3_29.elf' is downloaded to processor 'ps7_cortexa9_0'.
00:21:03 INFO  : 'configparams force-mem-access 0' command is executed.
00:21:03 INFO  : ----------------XSDB Script----------------
connect -url tcp:127.0.0.1:3121
source C:/ecg_full_release/project_1/project_1.sdk/design_1_wrapper_hw_platform_0/ps7_init.tcl
targets -set -nocase -filter {name =~"APU*" && jtag_cable_name =~ "Digilent JTAG-HS2 210249854606A"} -index 0
loadhw -hw C:/ecg_full_release/project_1/project_1.sdk/design_1_wrapper_hw_platform_0/system.hdf -mem-ranges [list {0x40000000 0xbfffffff}]
configparams force-mem-access 1
targets -set -nocase -filter {name =~"APU*" && jtag_cable_name =~ "Digilent JTAG-HS2 210249854606A"} -index 0
stop
ps7_init
ps7_post_config
targets -set -nocase -filter {name =~ "ARM*#0" && jtag_cable_name =~ "Digilent JTAG-HS2 210249854606A"} -index 0
rst -processor
targets -set -nocase -filter {name =~ "ARM*#0" && jtag_cable_name =~ "Digilent JTAG-HS2 210249854606A"} -index 0
dow C:/ecg_full_release/project_1/project_1.sdk/2026_3_29/Debug/2026_3_29.elf
configparams force-mem-access 0
----------------End of Script----------------

00:21:03 INFO  : Context for processor 'ps7_cortexa9_0' is selected.
00:21:03 INFO  : 'con' command is executed.
00:21:03 INFO  : ----------------XSDB Script (After Launch)----------------
targets -set -nocase -filter {name =~ "ARM*#0" && jtag_cable_name =~ "Digilent JTAG-HS2 210249854606A"} -index 0
con
----------------End of Script----------------

00:21:03 INFO  : Disconnected from the channel tcfchan#4.
00:21:32 INFO  : 'targets -set -filter {jtag_cable_name =~ "Digilent JTAG-HS2 210249854606A" && level==0} -index 1' command is executed.
00:21:32 INFO  : 'fpga -state' command is executed.
00:21:32 INFO  : Connected to target on host '127.0.0.1' and port '3121'.
00:21:33 INFO  : Jtag cable 'Digilent JTAG-HS2 210249854606A' is selected.
00:21:33 INFO  : 'jtag frequency' command is executed.
00:21:33 INFO  : Sourcing of 'C:/ecg_full_release/project_1/project_1.sdk/design_1_wrapper_hw_platform_0/ps7_init.tcl' is done.
00:21:33 INFO  : Context for 'APU' is selected.
00:21:33 INFO  : Hardware design information is loaded from 'C:/ecg_full_release/project_1/project_1.sdk/design_1_wrapper_hw_platform_0/system.hdf'.
00:21:33 INFO  : 'configparams force-mem-access 1' command is executed.
00:21:33 INFO  : Context for 'APU' is selected.
00:21:33 INFO  : 'stop' command is executed.
00:21:33 INFO  : 'ps7_init' command is executed.
00:21:33 INFO  : 'ps7_post_config' command is executed.
00:21:33 INFO  : Context for processor 'ps7_cortexa9_0' is selected.
00:21:33 INFO  : Processor reset is completed for 'ps7_cortexa9_0'.
00:21:33 INFO  : Context for processor 'ps7_cortexa9_0' is selected.
00:21:36 INFO  : The application 'C:/ecg_full_release/project_1/project_1.sdk/2026_3_29/Debug/2026_3_29.elf' is downloaded to processor 'ps7_cortexa9_0'.
00:21:36 INFO  : 'configparams force-mem-access 0' command is executed.
00:21:36 INFO  : ----------------XSDB Script----------------
connect -url tcp:127.0.0.1:3121
source C:/ecg_full_release/project_1/project_1.sdk/design_1_wrapper_hw_platform_0/ps7_init.tcl
targets -set -nocase -filter {name =~"APU*" && jtag_cable_name =~ "Digilent JTAG-HS2 210249854606A"} -index 0
loadhw -hw C:/ecg_full_release/project_1/project_1.sdk/design_1_wrapper_hw_platform_0/system.hdf -mem-ranges [list {0x40000000 0xbfffffff}]
configparams force-mem-access 1
targets -set -nocase -filter {name =~"APU*" && jtag_cable_name =~ "Digilent JTAG-HS2 210249854606A"} -index 0
stop
ps7_init
ps7_post_config
targets -set -nocase -filter {name =~ "ARM*#0" && jtag_cable_name =~ "Digilent JTAG-HS2 210249854606A"} -index 0
rst -processor
targets -set -nocase -filter {name =~ "ARM*#0" && jtag_cable_name =~ "Digilent JTAG-HS2 210249854606A"} -index 0
dow C:/ecg_full_release/project_1/project_1.sdk/2026_3_29/Debug/2026_3_29.elf
configparams force-mem-access 0
----------------End of Script----------------

00:21:36 INFO  : Context for processor 'ps7_cortexa9_0' is selected.
00:21:37 INFO  : 'con' command is executed.
00:21:37 INFO  : ----------------XSDB Script (After Launch)----------------
targets -set -nocase -filter {name =~ "ARM*#0" && jtag_cable_name =~ "Digilent JTAG-HS2 210249854606A"} -index 0
con
----------------End of Script----------------

00:21:37 INFO  : Disconnected from the channel tcfchan#5.
01:01:28 INFO  : Connected to target on host '127.0.0.1' and port '3121'.
01:01:28 INFO  : 'targets -set -filter {jtag_cable_name =~ "Digilent JTAG-HS2 210249854606A" && level==0} -index 1' command is executed.
01:01:31 INFO  : FPGA configured successfully with bitstream "C:/ecg_full_release/project_1/project_1.sdk/design_1_wrapper_hw_platform_0/design_1_wrapper.bit"
01:01:38 INFO  : Connected to target on host '127.0.0.1' and port '3121'.
01:01:38 INFO  : 'targets -set -filter {jtag_cable_name =~ "Digilent JTAG-HS2 210249854606A" && level==0} -index 1' command is executed.
01:01:41 INFO  : FPGA configured successfully with bitstream "C:/ecg_full_release/project_1/project_1.sdk/design_1_wrapper_hw_platform_0/design_1_wrapper.bit"
01:01:48 INFO  : 'targets -set -filter {jtag_cable_name =~ "Digilent JTAG-HS2 210249854606A" && level==0} -index 1' command is executed.
01:01:48 INFO  : 'fpga -state' command is executed.
01:01:48 INFO  : Connected to target on host '127.0.0.1' and port '3121'.
01:01:49 INFO  : Jtag cable 'Digilent JTAG-HS2 210249854606A' is selected.
01:01:49 INFO  : 'jtag frequency' command is executed.
01:01:49 INFO  : Sourcing of 'C:/ecg_full_release/project_1/project_1.sdk/design_1_wrapper_hw_platform_0/ps7_init.tcl' is done.
01:01:49 INFO  : Context for 'APU' is selected.
01:01:49 INFO  : Hardware design information is loaded from 'C:/ecg_full_release/project_1/project_1.sdk/design_1_wrapper_hw_platform_0/system.hdf'.
01:01:49 INFO  : 'configparams force-mem-access 1' command is executed.
01:01:49 INFO  : Context for 'APU' is selected.
01:01:49 INFO  : 'stop' command is executed.
01:01:49 INFO  : 'ps7_init' command is executed.
01:01:49 INFO  : 'ps7_post_config' command is executed.
01:01:49 INFO  : Context for processor 'ps7_cortexa9_0' is selected.
01:01:49 INFO  : Processor reset is completed for 'ps7_cortexa9_0'.
01:01:49 INFO  : Context for processor 'ps7_cortexa9_0' is selected.
01:01:52 INFO  : The application 'C:/ecg_full_release/project_1/project_1.sdk/2026_3_29/Debug/2026_3_29.elf' is downloaded to processor 'ps7_cortexa9_0'.
01:01:52 INFO  : 'configparams force-mem-access 0' command is executed.
01:01:52 INFO  : ----------------XSDB Script----------------
connect -url tcp:127.0.0.1:3121
source C:/ecg_full_release/project_1/project_1.sdk/design_1_wrapper_hw_platform_0/ps7_init.tcl
targets -set -nocase -filter {name =~"APU*" && jtag_cable_name =~ "Digilent JTAG-HS2 210249854606A"} -index 0
loadhw -hw C:/ecg_full_release/project_1/project_1.sdk/design_1_wrapper_hw_platform_0/system.hdf -mem-ranges [list {0x40000000 0xbfffffff}]
configparams force-mem-access 1
targets -set -nocase -filter {name =~"APU*" && jtag_cable_name =~ "Digilent JTAG-HS2 210249854606A"} -index 0
stop
ps7_init
ps7_post_config
targets -set -nocase -filter {name =~ "ARM*#0" && jtag_cable_name =~ "Digilent JTAG-HS2 210249854606A"} -index 0
rst -processor
targets -set -nocase -filter {name =~ "ARM*#0" && jtag_cable_name =~ "Digilent JTAG-HS2 210249854606A"} -index 0
dow C:/ecg_full_release/project_1/project_1.sdk/2026_3_29/Debug/2026_3_29.elf
configparams force-mem-access 0
----------------End of Script----------------

01:01:52 INFO  : Context for processor 'ps7_cortexa9_0' is selected.
01:01:52 INFO  : 'con' command is executed.
01:01:52 INFO  : ----------------XSDB Script (After Launch)----------------
targets -set -nocase -filter {name =~ "ARM*#0" && jtag_cable_name =~ "Digilent JTAG-HS2 210249854606A"} -index 0
con
----------------End of Script----------------

01:01:52 INFO  : Disconnected from the channel tcfchan#6.
17:12:10 INFO  : Registering command handlers for SDK TCF services
17:12:10 INFO  : Launching XSCT server: xsct.bat -interactive C:\ecg_full_release\project_1\project_1.sdk\temp_xsdb_launch_script.tcl
17:12:12 INFO  : XSCT server has started successfully.
17:12:13 INFO  : Successfully done setting XSCT server connection channel  
17:12:16 INFO  : Successfully done setting SDK workspace  
17:12:16 INFO  : Processing command line option -hwspec C:/ecg_full_release/project_1/project_1.sdk/design_1_wrapper.hdf.
17:12:16 INFO  : Checking for hwspec changes in the project design_1_wrapper_hw_platform_1.
00:10:29 INFO  : Registering command handlers for SDK TCF services
00:10:30 INFO  : Launching XSCT server: xsct.bat -interactive C:\ecg_full_release\project_1\project_1.sdk\temp_xsdb_launch_script.tcl
00:10:33 INFO  : XSCT server has started successfully.
00:10:33 INFO  : Successfully done setting XSCT server connection channel  
00:10:36 INFO  : Successfully done setting SDK workspace  
00:10:36 INFO  : Processing command line option -hwspec C:/ecg_full_release/project_1/project_1.sdk/design_1_wrapper.hdf.
00:10:36 INFO  : Checking for hwspec changes in the project design_1_wrapper_hw_platform_1.
13:58:37 INFO  : Registering command handlers for SDK TCF services
13:58:37 INFO  : Launching XSCT server: xsct.bat -interactive C:\ecg_full_release\project_1\project_1.sdk\temp_xsdb_launch_script.tcl
13:58:38 INFO  : XSCT server has started successfully.
13:58:38 INFO  : Successfully done setting XSCT server connection channel  
13:58:38 INFO  : Successfully done setting SDK workspace  
13:58:38 INFO  : Processing command line option -hwspec C:/ecg_full_release/project_1/project_1.sdk/design_1_wrapper.hdf.
13:58:39 INFO  : Checking for hwspec changes in the project design_1_wrapper_hw_platform_1.
14:09:27 INFO  : Connected to target on host '127.0.0.1' and port '3121'.
14:09:28 INFO  : 'targets -set -filter {jtag_cable_name =~ "Digilent JTAG-HS2 210249854606A" && level==0} -index 1' command is executed.
14:09:31 INFO  : FPGA configured successfully with bitstream "C:/ecg_full_release/project_1/project_1.sdk/design_1_wrapper_hw_platform_0/design_1_wrapper.bit"
14:10:29 INFO  : 'targets -set -filter {jtag_cable_name =~ "Digilent JTAG-HS2 210249854606A" && level==0} -index 1' command is executed.
14:10:29 INFO  : 'fpga -state' command is executed.
14:10:29 INFO  : Connected to target on host '127.0.0.1' and port '3121'.
14:10:29 INFO  : Jtag cable 'Digilent JTAG-HS2 210249854606A' is selected.
14:10:29 INFO  : 'jtag frequency' command is executed.
14:10:29 INFO  : Sourcing of 'C:/ecg_full_release/project_1/project_1.sdk/design_1_wrapper_hw_platform_0/ps7_init.tcl' is done.
14:10:29 INFO  : Context for 'APU' is selected.
14:10:29 INFO  : Hardware design information is loaded from 'C:/ecg_full_release/project_1/project_1.sdk/design_1_wrapper_hw_platform_0/system.hdf'.
14:10:29 INFO  : 'configparams force-mem-access 1' command is executed.
14:10:29 INFO  : Context for 'APU' is selected.
14:10:29 INFO  : 'stop' command is executed.
14:10:29 INFO  : 'ps7_init' command is executed.
14:10:29 INFO  : 'ps7_post_config' command is executed.
14:10:29 INFO  : Context for processor 'ps7_cortexa9_0' is selected.
14:10:29 INFO  : Processor reset is completed for 'ps7_cortexa9_0'.
14:10:29 INFO  : Context for processor 'ps7_cortexa9_0' is selected.
14:10:33 INFO  : The application 'C:/ecg_full_release/project_1/project_1.sdk/2026_3_29/Debug/2026_3_29.elf' is downloaded to processor 'ps7_cortexa9_0'.
14:10:33 INFO  : 'configparams force-mem-access 0' command is executed.
14:10:33 INFO  : ----------------XSDB Script----------------
connect -url tcp:127.0.0.1:3121
source C:/ecg_full_release/project_1/project_1.sdk/design_1_wrapper_hw_platform_0/ps7_init.tcl
targets -set -nocase -filter {name =~"APU*" && jtag_cable_name =~ "Digilent JTAG-HS2 210249854606A"} -index 0
loadhw -hw C:/ecg_full_release/project_1/project_1.sdk/design_1_wrapper_hw_platform_0/system.hdf -mem-ranges [list {0x40000000 0xbfffffff}]
configparams force-mem-access 1
targets -set -nocase -filter {name =~"APU*" && jtag_cable_name =~ "Digilent JTAG-HS2 210249854606A"} -index 0
stop
ps7_init
ps7_post_config
targets -set -nocase -filter {name =~ "ARM*#0" && jtag_cable_name =~ "Digilent JTAG-HS2 210249854606A"} -index 0
rst -processor
targets -set -nocase -filter {name =~ "ARM*#0" && jtag_cable_name =~ "Digilent JTAG-HS2 210249854606A"} -index 0
dow C:/ecg_full_release/project_1/project_1.sdk/2026_3_29/Debug/2026_3_29.elf
configparams force-mem-access 0
----------------End of Script----------------

14:10:33 INFO  : Context for processor 'ps7_cortexa9_0' is selected.
14:10:33 INFO  : 'con' command is executed.
14:10:33 INFO  : ----------------XSDB Script (After Launch)----------------
targets -set -nocase -filter {name =~ "ARM*#0" && jtag_cable_name =~ "Digilent JTAG-HS2 210249854606A"} -index 0
con
----------------End of Script----------------

14:10:33 INFO  : Disconnected from the channel tcfchan#1.
17:07:53 INFO  : Connected to target on host '127.0.0.1' and port '3121'.
17:07:53 INFO  : 'targets -set -filter {jtag_cable_name =~ "Digilent JTAG-HS2 210249854606A" && level==0} -index 1' command is executed.
17:07:57 INFO  : FPGA configured successfully with bitstream "C:/ecg_full_release/project_1/project_1.sdk/design_1_wrapper_hw_platform_0/design_1_wrapper.bit"
17:08:04 INFO  : 'targets -set -filter {jtag_cable_name =~ "Digilent JTAG-HS2 210249854606A" && level==0} -index 1' command is executed.
17:08:04 INFO  : 'fpga -state' command is executed.
17:08:04 INFO  : Connected to target on host '127.0.0.1' and port '3121'.
17:08:04 INFO  : Jtag cable 'Digilent JTAG-HS2 210249854606A' is selected.
17:08:04 INFO  : 'jtag frequency' command is executed.
17:08:04 INFO  : Sourcing of 'C:/ecg_full_release/project_1/project_1.sdk/design_1_wrapper_hw_platform_0/ps7_init.tcl' is done.
17:08:04 INFO  : Context for 'APU' is selected.
17:08:04 INFO  : Hardware design information is loaded from 'C:/ecg_full_release/project_1/project_1.sdk/design_1_wrapper_hw_platform_0/system.hdf'.
17:08:04 INFO  : 'configparams force-mem-access 1' command is executed.
17:08:04 INFO  : Context for 'APU' is selected.
17:08:05 INFO  : 'stop' command is executed.
17:08:05 INFO  : 'ps7_init' command is executed.
17:08:05 INFO  : 'ps7_post_config' command is executed.
17:08:05 INFO  : Context for processor 'ps7_cortexa9_0' is selected.
17:08:05 INFO  : Processor reset is completed for 'ps7_cortexa9_0'.
17:08:05 INFO  : Context for processor 'ps7_cortexa9_0' is selected.
17:08:08 INFO  : The application 'C:/ecg_full_release/project_1/project_1.sdk/2026_3_29/Debug/2026_3_29.elf' is downloaded to processor 'ps7_cortexa9_0'.
17:08:08 INFO  : 'configparams force-mem-access 0' command is executed.
17:08:08 INFO  : ----------------XSDB Script----------------
connect -url tcp:127.0.0.1:3121
source C:/ecg_full_release/project_1/project_1.sdk/design_1_wrapper_hw_platform_0/ps7_init.tcl
targets -set -nocase -filter {name =~"APU*" && jtag_cable_name =~ "Digilent JTAG-HS2 210249854606A"} -index 0
loadhw -hw C:/ecg_full_release/project_1/project_1.sdk/design_1_wrapper_hw_platform_0/system.hdf -mem-ranges [list {0x40000000 0xbfffffff}]
configparams force-mem-access 1
targets -set -nocase -filter {name =~"APU*" && jtag_cable_name =~ "Digilent JTAG-HS2 210249854606A"} -index 0
stop
ps7_init
ps7_post_config
targets -set -nocase -filter {name =~ "ARM*#0" && jtag_cable_name =~ "Digilent JTAG-HS2 210249854606A"} -index 0
rst -processor
targets -set -nocase -filter {name =~ "ARM*#0" && jtag_cable_name =~ "Digilent JTAG-HS2 210249854606A"} -index 0
dow C:/ecg_full_release/project_1/project_1.sdk/2026_3_29/Debug/2026_3_29.elf
configparams force-mem-access 0
----------------End of Script----------------

17:08:08 INFO  : Context for processor 'ps7_cortexa9_0' is selected.
17:08:08 INFO  : 'con' command is executed.
17:08:08 INFO  : ----------------XSDB Script (After Launch)----------------
targets -set -nocase -filter {name =~ "ARM*#0" && jtag_cable_name =~ "Digilent JTAG-HS2 210249854606A"} -index 0
con
----------------End of Script----------------

17:08:08 INFO  : Disconnected from the channel tcfchan#2.
17:12:45 INFO  : Connected to target on host '127.0.0.1' and port '3121'.
17:12:45 INFO  : 'targets -set -filter {jtag_cable_name =~ "Digilent JTAG-HS2 210249854606A" && level==0} -index 1' command is executed.
17:12:49 INFO  : FPGA configured successfully with bitstream "C:/ecg_full_release/project_1/project_1.sdk/design_1_wrapper_hw_platform_0/design_1_wrapper.bit"
17:12:53 INFO  : Connected to target on host '127.0.0.1' and port '3121'.
17:12:53 INFO  : 'targets -set -filter {jtag_cable_name =~ "Digilent JTAG-HS2 210249854606A" && level==0} -index 1' command is executed.
17:12:57 INFO  : FPGA configured successfully with bitstream "C:/ecg_full_release/project_1/project_1.sdk/design_1_wrapper_hw_platform_0/design_1_wrapper.bit"
17:13:04 INFO  : 'targets -set -filter {jtag_cable_name =~ "Digilent JTAG-HS2 210249854606A" && level==0} -index 1' command is executed.
17:13:04 INFO  : 'fpga -state' command is executed.
17:13:04 INFO  : Connected to target on host '127.0.0.1' and port '3121'.
17:13:04 INFO  : Jtag cable 'Digilent JTAG-HS2 210249854606A' is selected.
17:13:04 INFO  : 'jtag frequency' command is executed.
17:13:04 INFO  : Sourcing of 'C:/ecg_full_release/project_1/project_1.sdk/design_1_wrapper_hw_platform_0/ps7_init.tcl' is done.
17:13:04 INFO  : Context for 'APU' is selected.
17:13:04 INFO  : Hardware design information is loaded from 'C:/ecg_full_release/project_1/project_1.sdk/design_1_wrapper_hw_platform_0/system.hdf'.
17:13:04 INFO  : 'configparams force-mem-access 1' command is executed.
17:13:04 INFO  : Context for 'APU' is selected.
17:13:04 INFO  : 'stop' command is executed.
17:13:04 INFO  : 'ps7_init' command is executed.
17:13:04 INFO  : 'ps7_post_config' command is executed.
17:13:04 INFO  : Context for processor 'ps7_cortexa9_0' is selected.
17:13:04 INFO  : Processor reset is completed for 'ps7_cortexa9_0'.
17:13:04 INFO  : Context for processor 'ps7_cortexa9_0' is selected.
17:13:08 INFO  : The application 'C:/ecg_full_release/project_1/project_1.sdk/2026_3_29/Debug/2026_3_29.elf' is downloaded to processor 'ps7_cortexa9_0'.
17:13:08 INFO  : 'configparams force-mem-access 0' command is executed.
17:13:08 INFO  : ----------------XSDB Script----------------
connect -url tcp:127.0.0.1:3121
source C:/ecg_full_release/project_1/project_1.sdk/design_1_wrapper_hw_platform_0/ps7_init.tcl
targets -set -nocase -filter {name =~"APU*" && jtag_cable_name =~ "Digilent JTAG-HS2 210249854606A"} -index 0
loadhw -hw C:/ecg_full_release/project_1/project_1.sdk/design_1_wrapper_hw_platform_0/system.hdf -mem-ranges [list {0x40000000 0xbfffffff}]
configparams force-mem-access 1
targets -set -nocase -filter {name =~"APU*" && jtag_cable_name =~ "Digilent JTAG-HS2 210249854606A"} -index 0
stop
ps7_init
ps7_post_config
targets -set -nocase -filter {name =~ "ARM*#0" && jtag_cable_name =~ "Digilent JTAG-HS2 210249854606A"} -index 0
rst -processor
targets -set -nocase -filter {name =~ "ARM*#0" && jtag_cable_name =~ "Digilent JTAG-HS2 210249854606A"} -index 0
dow C:/ecg_full_release/project_1/project_1.sdk/2026_3_29/Debug/2026_3_29.elf
configparams force-mem-access 0
----------------End of Script----------------

17:13:08 INFO  : Context for processor 'ps7_cortexa9_0' is selected.
17:13:08 INFO  : 'con' command is executed.
17:13:08 INFO  : ----------------XSDB Script (After Launch)----------------
targets -set -nocase -filter {name =~ "ARM*#0" && jtag_cable_name =~ "Digilent JTAG-HS2 210249854606A"} -index 0
con
----------------End of Script----------------

17:13:08 INFO  : Disconnected from the channel tcfchan#3.
17:19:37 INFO  : Connected to target on host '127.0.0.1' and port '3121'.
17:19:38 INFO  : 'targets -set -filter {jtag_cable_name =~ "Digilent JTAG-HS2 210249854606A" && level==0} -index 1' command is executed.
17:19:41 INFO  : FPGA configured successfully with bitstream "C:/ecg_full_release/project_1/project_1.sdk/design_1_wrapper_hw_platform_0/design_1_wrapper.bit"
17:19:48 INFO  : 'targets -set -filter {jtag_cable_name =~ "Digilent JTAG-HS2 210249854606A" && level==0} -index 1' command is executed.
17:19:48 INFO  : 'fpga -state' command is executed.
17:19:48 INFO  : Connected to target on host '127.0.0.1' and port '3121'.
17:19:48 INFO  : Jtag cable 'Digilent JTAG-HS2 210249854606A' is selected.
17:19:48 INFO  : 'jtag frequency' command is executed.
17:19:48 INFO  : Sourcing of 'C:/ecg_full_release/project_1/project_1.sdk/design_1_wrapper_hw_platform_0/ps7_init.tcl' is done.
17:19:48 INFO  : Context for 'APU' is selected.
17:19:48 INFO  : Hardware design information is loaded from 'C:/ecg_full_release/project_1/project_1.sdk/design_1_wrapper_hw_platform_0/system.hdf'.
17:19:48 INFO  : 'configparams force-mem-access 1' command is executed.
17:19:48 INFO  : Context for 'APU' is selected.
17:19:48 INFO  : 'stop' command is executed.
17:19:48 INFO  : 'ps7_init' command is executed.
17:19:48 INFO  : 'ps7_post_config' command is executed.
17:19:48 INFO  : Context for processor 'ps7_cortexa9_0' is selected.
17:19:48 INFO  : Processor reset is completed for 'ps7_cortexa9_0'.
17:19:48 INFO  : Context for processor 'ps7_cortexa9_0' is selected.
17:19:52 INFO  : The application 'C:/ecg_full_release/project_1/project_1.sdk/2026_3_29/Debug/2026_3_29.elf' is downloaded to processor 'ps7_cortexa9_0'.
17:19:52 INFO  : 'configparams force-mem-access 0' command is executed.
17:19:52 INFO  : ----------------XSDB Script----------------
connect -url tcp:127.0.0.1:3121
source C:/ecg_full_release/project_1/project_1.sdk/design_1_wrapper_hw_platform_0/ps7_init.tcl
targets -set -nocase -filter {name =~"APU*" && jtag_cable_name =~ "Digilent JTAG-HS2 210249854606A"} -index 0
loadhw -hw C:/ecg_full_release/project_1/project_1.sdk/design_1_wrapper_hw_platform_0/system.hdf -mem-ranges [list {0x40000000 0xbfffffff}]
configparams force-mem-access 1
targets -set -nocase -filter {name =~"APU*" && jtag_cable_name =~ "Digilent JTAG-HS2 210249854606A"} -index 0
stop
ps7_init
ps7_post_config
targets -set -nocase -filter {name =~ "ARM*#0" && jtag_cable_name =~ "Digilent JTAG-HS2 210249854606A"} -index 0
rst -processor
targets -set -nocase -filter {name =~ "ARM*#0" && jtag_cable_name =~ "Digilent JTAG-HS2 210249854606A"} -index 0
dow C:/ecg_full_release/project_1/project_1.sdk/2026_3_29/Debug/2026_3_29.elf
configparams force-mem-access 0
----------------End of Script----------------

17:19:52 INFO  : Context for processor 'ps7_cortexa9_0' is selected.
17:19:52 INFO  : 'con' command is executed.
17:19:52 INFO  : ----------------XSDB Script (After Launch)----------------
targets -set -nocase -filter {name =~ "ARM*#0" && jtag_cable_name =~ "Digilent JTAG-HS2 210249854606A"} -index 0
con
----------------End of Script----------------

17:19:52 INFO  : Disconnected from the channel tcfchan#4.
17:20:23 INFO  : Connected to target on host '127.0.0.1' and port '3121'.
17:20:23 INFO  : 'targets -set -filter {jtag_cable_name =~ "Digilent JTAG-HS2 210249854606A" && level==0} -index 1' command is executed.
17:20:27 INFO  : FPGA configured successfully with bitstream "C:/ecg_full_release/project_1/project_1.sdk/design_1_wrapper_hw_platform_0/design_1_wrapper.bit"
17:20:34 INFO  : 'targets -set -filter {jtag_cable_name =~ "Digilent JTAG-HS2 210249854606A" && level==0} -index 1' command is executed.
17:20:34 INFO  : 'fpga -state' command is executed.
17:20:34 INFO  : Connected to target on host '127.0.0.1' and port '3121'.
17:20:34 INFO  : Jtag cable 'Digilent JTAG-HS2 210249854606A' is selected.
17:20:34 INFO  : 'jtag frequency' command is executed.
17:20:34 INFO  : Sourcing of 'C:/ecg_full_release/project_1/project_1.sdk/design_1_wrapper_hw_platform_0/ps7_init.tcl' is done.
17:20:34 INFO  : Context for 'APU' is selected.
17:20:34 INFO  : Hardware design information is loaded from 'C:/ecg_full_release/project_1/project_1.sdk/design_1_wrapper_hw_platform_0/system.hdf'.
17:20:34 INFO  : 'configparams force-mem-access 1' command is executed.
17:20:34 INFO  : Context for 'APU' is selected.
17:20:34 INFO  : 'stop' command is executed.
17:20:35 INFO  : 'ps7_init' command is executed.
17:20:35 INFO  : 'ps7_post_config' command is executed.
17:20:35 INFO  : Context for processor 'ps7_cortexa9_0' is selected.
17:20:35 INFO  : Processor reset is completed for 'ps7_cortexa9_0'.
17:20:35 INFO  : Context for processor 'ps7_cortexa9_0' is selected.
17:20:38 INFO  : The application 'C:/ecg_full_release/project_1/project_1.sdk/2026_3_29/Debug/2026_3_29.elf' is downloaded to processor 'ps7_cortexa9_0'.
17:20:38 INFO  : 'configparams force-mem-access 0' command is executed.
17:20:38 INFO  : ----------------XSDB Script----------------
connect -url tcp:127.0.0.1:3121
source C:/ecg_full_release/project_1/project_1.sdk/design_1_wrapper_hw_platform_0/ps7_init.tcl
targets -set -nocase -filter {name =~"APU*" && jtag_cable_name =~ "Digilent JTAG-HS2 210249854606A"} -index 0
loadhw -hw C:/ecg_full_release/project_1/project_1.sdk/design_1_wrapper_hw_platform_0/system.hdf -mem-ranges [list {0x40000000 0xbfffffff}]
configparams force-mem-access 1
targets -set -nocase -filter {name =~"APU*" && jtag_cable_name =~ "Digilent JTAG-HS2 210249854606A"} -index 0
stop
ps7_init
ps7_post_config
targets -set -nocase -filter {name =~ "ARM*#0" && jtag_cable_name =~ "Digilent JTAG-HS2 210249854606A"} -index 0
rst -processor
targets -set -nocase -filter {name =~ "ARM*#0" && jtag_cable_name =~ "Digilent JTAG-HS2 210249854606A"} -index 0
dow C:/ecg_full_release/project_1/project_1.sdk/2026_3_29/Debug/2026_3_29.elf
configparams force-mem-access 0
----------------End of Script----------------

17:20:38 INFO  : Context for processor 'ps7_cortexa9_0' is selected.
17:20:38 INFO  : 'con' command is executed.
17:20:38 INFO  : ----------------XSDB Script (After Launch)----------------
targets -set -nocase -filter {name =~ "ARM*#0" && jtag_cable_name =~ "Digilent JTAG-HS2 210249854606A"} -index 0
con
----------------End of Script----------------

17:20:38 INFO  : Disconnected from the channel tcfchan#5.
17:23:06 INFO  : Connected to target on host '127.0.0.1' and port '3121'.
17:23:06 INFO  : 'targets -set -filter {jtag_cable_name =~ "Digilent JTAG-HS2 210249854606A" && level==0} -index 1' command is executed.
17:23:10 INFO  : FPGA configured successfully with bitstream "C:/ecg_full_release/project_1/project_1.sdk/design_1_wrapper_hw_platform_0/design_1_wrapper.bit"
17:35:14 INFO  : Connected to target on host '127.0.0.1' and port '3121'.
17:35:14 INFO  : 'targets -set -filter {jtag_cable_name =~ "Digilent JTAG-HS2 210249854606A" && level==0} -index 1' command is executed.
17:35:17 INFO  : FPGA configured successfully with bitstream "C:/ecg_full_release/project_1/project_1.sdk/design_1_wrapper_hw_platform_0/design_1_wrapper.bit"
17:35:25 INFO  : 'targets -set -filter {jtag_cable_name =~ "Digilent JTAG-HS2 210249854606A" && level==0} -index 1' command is executed.
17:35:25 INFO  : 'fpga -state' command is executed.
17:35:25 INFO  : Connected to target on host '127.0.0.1' and port '3121'.
17:35:25 INFO  : Jtag cable 'Digilent JTAG-HS2 210249854606A' is selected.
17:35:25 INFO  : 'jtag frequency' command is executed.
17:35:25 INFO  : Sourcing of 'C:/ecg_full_release/project_1/project_1.sdk/design_1_wrapper_hw_platform_0/ps7_init.tcl' is done.
17:35:25 INFO  : Context for 'APU' is selected.
17:35:25 INFO  : Hardware design information is loaded from 'C:/ecg_full_release/project_1/project_1.sdk/design_1_wrapper_hw_platform_0/system.hdf'.
17:35:25 INFO  : 'configparams force-mem-access 1' command is executed.
17:35:25 INFO  : Context for 'APU' is selected.
17:35:25 INFO  : 'stop' command is executed.
17:35:26 INFO  : 'ps7_init' command is executed.
17:35:26 INFO  : 'ps7_post_config' command is executed.
17:35:26 INFO  : Context for processor 'ps7_cortexa9_0' is selected.
17:35:26 INFO  : Processor reset is completed for 'ps7_cortexa9_0'.
17:35:26 INFO  : Context for processor 'ps7_cortexa9_0' is selected.
17:35:29 INFO  : The application 'C:/ecg_full_release/project_1/project_1.sdk/2026_3_29/Debug/2026_3_29.elf' is downloaded to processor 'ps7_cortexa9_0'.
17:35:29 INFO  : 'configparams force-mem-access 0' command is executed.
17:35:29 INFO  : ----------------XSDB Script----------------
connect -url tcp:127.0.0.1:3121
source C:/ecg_full_release/project_1/project_1.sdk/design_1_wrapper_hw_platform_0/ps7_init.tcl
targets -set -nocase -filter {name =~"APU*" && jtag_cable_name =~ "Digilent JTAG-HS2 210249854606A"} -index 0
loadhw -hw C:/ecg_full_release/project_1/project_1.sdk/design_1_wrapper_hw_platform_0/system.hdf -mem-ranges [list {0x40000000 0xbfffffff}]
configparams force-mem-access 1
targets -set -nocase -filter {name =~"APU*" && jtag_cable_name =~ "Digilent JTAG-HS2 210249854606A"} -index 0
stop
ps7_init
ps7_post_config
targets -set -nocase -filter {name =~ "ARM*#0" && jtag_cable_name =~ "Digilent JTAG-HS2 210249854606A"} -index 0
rst -processor
targets -set -nocase -filter {name =~ "ARM*#0" && jtag_cable_name =~ "Digilent JTAG-HS2 210249854606A"} -index 0
dow C:/ecg_full_release/project_1/project_1.sdk/2026_3_29/Debug/2026_3_29.elf
configparams force-mem-access 0
----------------End of Script----------------

17:35:29 INFO  : Context for processor 'ps7_cortexa9_0' is selected.
17:35:29 INFO  : 'con' command is executed.
17:35:29 INFO  : ----------------XSDB Script (After Launch)----------------
targets -set -nocase -filter {name =~ "ARM*#0" && jtag_cable_name =~ "Digilent JTAG-HS2 210249854606A"} -index 0
con
----------------End of Script----------------

17:35:29 INFO  : Disconnected from the channel tcfchan#6.
17:35:51 INFO  : Connected to target on host '127.0.0.1' and port '3121'.
17:35:51 INFO  : 'targets -set -filter {jtag_cable_name =~ "Digilent JTAG-HS2 210249854606A" && level==0} -index 1' command is executed.
17:35:54 INFO  : FPGA configured successfully with bitstream "C:/ecg_full_release/project_1/project_1.sdk/design_1_wrapper_hw_platform_0/design_1_wrapper.bit"
17:36:02 INFO  : 'targets -set -filter {jtag_cable_name =~ "Digilent JTAG-HS2 210249854606A" && level==0} -index 1' command is executed.
17:36:02 INFO  : 'fpga -state' command is executed.
17:36:02 INFO  : Connected to target on host '127.0.0.1' and port '3121'.
17:36:02 INFO  : Jtag cable 'Digilent JTAG-HS2 210249854606A' is selected.
17:36:02 INFO  : 'jtag frequency' command is executed.
17:36:02 INFO  : Sourcing of 'C:/ecg_full_release/project_1/project_1.sdk/design_1_wrapper_hw_platform_0/ps7_init.tcl' is done.
17:36:02 INFO  : Context for 'APU' is selected.
17:36:02 INFO  : Hardware design information is loaded from 'C:/ecg_full_release/project_1/project_1.sdk/design_1_wrapper_hw_platform_0/system.hdf'.
17:36:02 INFO  : 'configparams force-mem-access 1' command is executed.
17:36:02 INFO  : Context for 'APU' is selected.
17:36:02 INFO  : 'stop' command is executed.
17:36:02 INFO  : 'ps7_init' command is executed.
17:36:02 INFO  : 'ps7_post_config' command is executed.
17:36:02 INFO  : Context for processor 'ps7_cortexa9_0' is selected.
17:36:02 INFO  : Processor reset is completed for 'ps7_cortexa9_0'.
17:36:02 INFO  : Context for processor 'ps7_cortexa9_0' is selected.
17:36:06 INFO  : The application 'C:/ecg_full_release/project_1/project_1.sdk/2026_3_29/Debug/2026_3_29.elf' is downloaded to processor 'ps7_cortexa9_0'.
17:36:06 INFO  : 'configparams force-mem-access 0' command is executed.
17:36:06 INFO  : ----------------XSDB Script----------------
connect -url tcp:127.0.0.1:3121
source C:/ecg_full_release/project_1/project_1.sdk/design_1_wrapper_hw_platform_0/ps7_init.tcl
targets -set -nocase -filter {name =~"APU*" && jtag_cable_name =~ "Digilent JTAG-HS2 210249854606A"} -index 0
loadhw -hw C:/ecg_full_release/project_1/project_1.sdk/design_1_wrapper_hw_platform_0/system.hdf -mem-ranges [list {0x40000000 0xbfffffff}]
configparams force-mem-access 1
targets -set -nocase -filter {name =~"APU*" && jtag_cable_name =~ "Digilent JTAG-HS2 210249854606A"} -index 0
stop
ps7_init
ps7_post_config
targets -set -nocase -filter {name =~ "ARM*#0" && jtag_cable_name =~ "Digilent JTAG-HS2 210249854606A"} -index 0
rst -processor
targets -set -nocase -filter {name =~ "ARM*#0" && jtag_cable_name =~ "Digilent JTAG-HS2 210249854606A"} -index 0
dow C:/ecg_full_release/project_1/project_1.sdk/2026_3_29/Debug/2026_3_29.elf
configparams force-mem-access 0
----------------End of Script----------------

17:36:06 INFO  : Context for processor 'ps7_cortexa9_0' is selected.
17:36:06 INFO  : 'con' command is executed.
17:36:06 INFO  : ----------------XSDB Script (After Launch)----------------
targets -set -nocase -filter {name =~ "ARM*#0" && jtag_cable_name =~ "Digilent JTAG-HS2 210249854606A"} -index 0
con
----------------End of Script----------------

17:36:06 INFO  : Disconnected from the channel tcfchan#7.
17:46:37 INFO  : Connected to target on host '127.0.0.1' and port '3121'.
17:46:37 INFO  : 'targets -set -filter {jtag_cable_name =~ "Digilent JTAG-HS2 210249854606A" && level==0} -index 1' command is executed.
17:46:40 INFO  : FPGA configured successfully with bitstream "C:/ecg_full_release/project_1/project_1.sdk/design_1_wrapper_hw_platform_0/design_1_wrapper.bit"
17:46:46 INFO  : 'targets -set -filter {jtag_cable_name =~ "Digilent JTAG-HS2 210249854606A" && level==0} -index 1' command is executed.
17:46:46 INFO  : 'fpga -state' command is executed.
17:46:46 INFO  : Connected to target on host '127.0.0.1' and port '3121'.
17:46:46 INFO  : Jtag cable 'Digilent JTAG-HS2 210249854606A' is selected.
17:46:46 INFO  : 'jtag frequency' command is executed.
17:46:46 INFO  : Sourcing of 'C:/ecg_full_release/project_1/project_1.sdk/design_1_wrapper_hw_platform_0/ps7_init.tcl' is done.
17:46:46 INFO  : Context for 'APU' is selected.
17:46:46 INFO  : Hardware design information is loaded from 'C:/ecg_full_release/project_1/project_1.sdk/design_1_wrapper_hw_platform_0/system.hdf'.
17:46:46 INFO  : 'configparams force-mem-access 1' command is executed.
17:46:46 INFO  : Context for 'APU' is selected.
17:46:46 INFO  : 'stop' command is executed.
17:46:46 INFO  : 'ps7_init' command is executed.
17:46:46 INFO  : 'ps7_post_config' command is executed.
17:46:46 INFO  : Context for processor 'ps7_cortexa9_0' is selected.
17:46:46 INFO  : Processor reset is completed for 'ps7_cortexa9_0'.
17:46:46 INFO  : Context for processor 'ps7_cortexa9_0' is selected.
17:46:50 INFO  : The application 'C:/ecg_full_release/project_1/project_1.sdk/2026_3_29/Debug/2026_3_29.elf' is downloaded to processor 'ps7_cortexa9_0'.
17:46:50 INFO  : 'configparams force-mem-access 0' command is executed.
17:46:50 INFO  : ----------------XSDB Script----------------
connect -url tcp:127.0.0.1:3121
source C:/ecg_full_release/project_1/project_1.sdk/design_1_wrapper_hw_platform_0/ps7_init.tcl
targets -set -nocase -filter {name =~"APU*" && jtag_cable_name =~ "Digilent JTAG-HS2 210249854606A"} -index 0
loadhw -hw C:/ecg_full_release/project_1/project_1.sdk/design_1_wrapper_hw_platform_0/system.hdf -mem-ranges [list {0x40000000 0xbfffffff}]
configparams force-mem-access 1
targets -set -nocase -filter {name =~"APU*" && jtag_cable_name =~ "Digilent JTAG-HS2 210249854606A"} -index 0
stop
ps7_init
ps7_post_config
targets -set -nocase -filter {name =~ "ARM*#0" && jtag_cable_name =~ "Digilent JTAG-HS2 210249854606A"} -index 0
rst -processor
targets -set -nocase -filter {name =~ "ARM*#0" && jtag_cable_name =~ "Digilent JTAG-HS2 210249854606A"} -index 0
dow C:/ecg_full_release/project_1/project_1.sdk/2026_3_29/Debug/2026_3_29.elf
configparams force-mem-access 0
----------------End of Script----------------

17:46:50 INFO  : Context for processor 'ps7_cortexa9_0' is selected.
17:46:50 INFO  : 'con' command is executed.
17:46:50 INFO  : ----------------XSDB Script (After Launch)----------------
targets -set -nocase -filter {name =~ "ARM*#0" && jtag_cable_name =~ "Digilent JTAG-HS2 210249854606A"} -index 0
con
----------------End of Script----------------

17:46:50 INFO  : Disconnected from the channel tcfchan#8.
17:47:15 INFO  : 'targets -set -filter {jtag_cable_name =~ "Digilent JTAG-HS2 210249854606A" && level==0} -index 1' command is executed.
17:47:15 INFO  : 'fpga -state' command is executed.
17:47:15 INFO  : Connected to target on host '127.0.0.1' and port '3121'.
17:47:16 INFO  : Jtag cable 'Digilent JTAG-HS2 210249854606A' is selected.
17:47:16 INFO  : 'jtag frequency' command is executed.
17:47:16 INFO  : Sourcing of 'C:/ecg_full_release/project_1/project_1.sdk/design_1_wrapper_hw_platform_0/ps7_init.tcl' is done.
17:47:16 INFO  : Context for 'APU' is selected.
17:47:16 INFO  : Hardware design information is loaded from 'C:/ecg_full_release/project_1/project_1.sdk/design_1_wrapper_hw_platform_0/system.hdf'.
17:47:16 INFO  : 'configparams force-mem-access 1' command is executed.
17:47:16 INFO  : Context for 'APU' is selected.
17:47:16 INFO  : 'stop' command is executed.
17:47:16 INFO  : 'ps7_init' command is executed.
17:47:16 INFO  : 'ps7_post_config' command is executed.
17:47:16 INFO  : Context for processor 'ps7_cortexa9_0' is selected.
17:47:16 INFO  : Processor reset is completed for 'ps7_cortexa9_0'.
17:47:16 INFO  : Context for processor 'ps7_cortexa9_0' is selected.
17:47:19 INFO  : The application 'C:/ecg_full_release/project_1/project_1.sdk/2026_3_29/Debug/2026_3_29.elf' is downloaded to processor 'ps7_cortexa9_0'.
17:47:19 INFO  : 'configparams force-mem-access 0' command is executed.
17:47:19 INFO  : ----------------XSDB Script----------------
connect -url tcp:127.0.0.1:3121
source C:/ecg_full_release/project_1/project_1.sdk/design_1_wrapper_hw_platform_0/ps7_init.tcl
targets -set -nocase -filter {name =~"APU*" && jtag_cable_name =~ "Digilent JTAG-HS2 210249854606A"} -index 0
loadhw -hw C:/ecg_full_release/project_1/project_1.sdk/design_1_wrapper_hw_platform_0/system.hdf -mem-ranges [list {0x40000000 0xbfffffff}]
configparams force-mem-access 1
targets -set -nocase -filter {name =~"APU*" && jtag_cable_name =~ "Digilent JTAG-HS2 210249854606A"} -index 0
stop
ps7_init
ps7_post_config
targets -set -nocase -filter {name =~ "ARM*#0" && jtag_cable_name =~ "Digilent JTAG-HS2 210249854606A"} -index 0
rst -processor
targets -set -nocase -filter {name =~ "ARM*#0" && jtag_cable_name =~ "Digilent JTAG-HS2 210249854606A"} -index 0
dow C:/ecg_full_release/project_1/project_1.sdk/2026_3_29/Debug/2026_3_29.elf
configparams force-mem-access 0
----------------End of Script----------------

17:47:19 INFO  : Context for processor 'ps7_cortexa9_0' is selected.
17:47:19 INFO  : 'con' command is executed.
17:47:19 INFO  : ----------------XSDB Script (After Launch)----------------
targets -set -nocase -filter {name =~ "ARM*#0" && jtag_cable_name =~ "Digilent JTAG-HS2 210249854606A"} -index 0
con
----------------End of Script----------------

17:47:19 INFO  : Disconnected from the channel tcfchan#9.
17:53:15 INFO  : Connected to target on host '127.0.0.1' and port '3121'.
17:53:15 INFO  : 'targets -set -filter {jtag_cable_name =~ "Digilent JTAG-HS2 210249854606A" && level==0} -index 1' command is executed.
17:53:19 INFO  : FPGA configured successfully with bitstream "C:/ecg_full_release/project_1/project_1.sdk/design_1_wrapper_hw_platform_0/design_1_wrapper.bit"
17:53:24 INFO  : Connected to target on host '127.0.0.1' and port '3121'.
17:53:24 INFO  : 'targets -set -filter {jtag_cable_name =~ "Digilent JTAG-HS2 210249854606A" && level==0} -index 1' command is executed.
17:53:27 INFO  : FPGA configured successfully with bitstream "C:/ecg_full_release/project_1/project_1.sdk/design_1_wrapper_hw_platform_0/design_1_wrapper.bit"
17:53:37 INFO  : 'targets -set -filter {jtag_cable_name =~ "Digilent JTAG-HS2 210249854606A" && level==0} -index 1' command is executed.
17:53:37 INFO  : 'fpga -state' command is executed.
17:53:37 INFO  : Connected to target on host '127.0.0.1' and port '3121'.
17:53:37 INFO  : Jtag cable 'Digilent JTAG-HS2 210249854606A' is selected.
17:53:37 INFO  : 'jtag frequency' command is executed.
17:53:37 INFO  : Sourcing of 'C:/ecg_full_release/project_1/project_1.sdk/design_1_wrapper_hw_platform_0/ps7_init.tcl' is done.
17:53:37 INFO  : Context for 'APU' is selected.
17:53:37 INFO  : Hardware design information is loaded from 'C:/ecg_full_release/project_1/project_1.sdk/design_1_wrapper_hw_platform_0/system.hdf'.
17:53:37 INFO  : 'configparams force-mem-access 1' command is executed.
17:53:37 INFO  : Context for 'APU' is selected.
17:53:37 INFO  : 'stop' command is executed.
17:53:38 INFO  : 'ps7_init' command is executed.
17:53:38 INFO  : 'ps7_post_config' command is executed.
17:53:38 INFO  : Context for processor 'ps7_cortexa9_0' is selected.
17:53:38 INFO  : Processor reset is completed for 'ps7_cortexa9_0'.
17:53:38 INFO  : Context for processor 'ps7_cortexa9_0' is selected.
17:53:41 INFO  : The application 'C:/ecg_full_release/project_1/project_1.sdk/2026_3_29/Debug/2026_3_29.elf' is downloaded to processor 'ps7_cortexa9_0'.
17:53:41 INFO  : 'configparams force-mem-access 0' command is executed.
17:53:41 INFO  : ----------------XSDB Script----------------
connect -url tcp:127.0.0.1:3121
source C:/ecg_full_release/project_1/project_1.sdk/design_1_wrapper_hw_platform_0/ps7_init.tcl
targets -set -nocase -filter {name =~"APU*" && jtag_cable_name =~ "Digilent JTAG-HS2 210249854606A"} -index 0
loadhw -hw C:/ecg_full_release/project_1/project_1.sdk/design_1_wrapper_hw_platform_0/system.hdf -mem-ranges [list {0x40000000 0xbfffffff}]
configparams force-mem-access 1
targets -set -nocase -filter {name =~"APU*" && jtag_cable_name =~ "Digilent JTAG-HS2 210249854606A"} -index 0
stop
ps7_init
ps7_post_config
targets -set -nocase -filter {name =~ "ARM*#0" && jtag_cable_name =~ "Digilent JTAG-HS2 210249854606A"} -index 0
rst -processor
targets -set -nocase -filter {name =~ "ARM*#0" && jtag_cable_name =~ "Digilent JTAG-HS2 210249854606A"} -index 0
dow C:/ecg_full_release/project_1/project_1.sdk/2026_3_29/Debug/2026_3_29.elf
configparams force-mem-access 0
----------------End of Script----------------

17:53:41 INFO  : Context for processor 'ps7_cortexa9_0' is selected.
17:53:41 INFO  : 'con' command is executed.
17:53:41 INFO  : ----------------XSDB Script (After Launch)----------------
targets -set -nocase -filter {name =~ "ARM*#0" && jtag_cable_name =~ "Digilent JTAG-HS2 210249854606A"} -index 0
con
----------------End of Script----------------

17:53:41 INFO  : Disconnected from the channel tcfchan#10.
17:54:08 INFO  : 'targets -set -filter {jtag_cable_name =~ "Digilent JTAG-HS2 210249854606A" && level==0} -index 1' command is executed.
17:54:08 INFO  : 'fpga -state' command is executed.
17:54:08 INFO  : Connected to target on host '127.0.0.1' and port '3121'.
17:54:08 INFO  : Jtag cable 'Digilent JTAG-HS2 210249854606A' is selected.
17:54:08 INFO  : 'jtag frequency' command is executed.
17:54:08 INFO  : Sourcing of 'C:/ecg_full_release/project_1/project_1.sdk/design_1_wrapper_hw_platform_0/ps7_init.tcl' is done.
17:54:08 INFO  : Context for 'APU' is selected.
17:54:08 INFO  : Hardware design information is loaded from 'C:/ecg_full_release/project_1/project_1.sdk/design_1_wrapper_hw_platform_0/system.hdf'.
17:54:08 INFO  : 'configparams force-mem-access 1' command is executed.
17:54:08 INFO  : Context for 'APU' is selected.
17:54:08 INFO  : 'stop' command is executed.
17:54:08 INFO  : 'ps7_init' command is executed.
17:54:08 INFO  : 'ps7_post_config' command is executed.
17:54:08 INFO  : Context for processor 'ps7_cortexa9_0' is selected.
17:54:08 INFO  : Processor reset is completed for 'ps7_cortexa9_0'.
17:54:08 INFO  : Context for processor 'ps7_cortexa9_0' is selected.
17:54:12 INFO  : The application 'C:/ecg_full_release/project_1/project_1.sdk/2026_3_29/Debug/2026_3_29.elf' is downloaded to processor 'ps7_cortexa9_0'.
17:54:12 INFO  : 'configparams force-mem-access 0' command is executed.
17:54:12 INFO  : ----------------XSDB Script----------------
connect -url tcp:127.0.0.1:3121
source C:/ecg_full_release/project_1/project_1.sdk/design_1_wrapper_hw_platform_0/ps7_init.tcl
targets -set -nocase -filter {name =~"APU*" && jtag_cable_name =~ "Digilent JTAG-HS2 210249854606A"} -index 0
loadhw -hw C:/ecg_full_release/project_1/project_1.sdk/design_1_wrapper_hw_platform_0/system.hdf -mem-ranges [list {0x40000000 0xbfffffff}]
configparams force-mem-access 1
targets -set -nocase -filter {name =~"APU*" && jtag_cable_name =~ "Digilent JTAG-HS2 210249854606A"} -index 0
stop
ps7_init
ps7_post_config
targets -set -nocase -filter {name =~ "ARM*#0" && jtag_cable_name =~ "Digilent JTAG-HS2 210249854606A"} -index 0
rst -processor
targets -set -nocase -filter {name =~ "ARM*#0" && jtag_cable_name =~ "Digilent JTAG-HS2 210249854606A"} -index 0
dow C:/ecg_full_release/project_1/project_1.sdk/2026_3_29/Debug/2026_3_29.elf
configparams force-mem-access 0
----------------End of Script----------------

17:54:12 INFO  : Context for processor 'ps7_cortexa9_0' is selected.
17:54:12 INFO  : 'con' command is executed.
17:54:12 INFO  : ----------------XSDB Script (After Launch)----------------
targets -set -nocase -filter {name =~ "ARM*#0" && jtag_cable_name =~ "Digilent JTAG-HS2 210249854606A"} -index 0
con
----------------End of Script----------------

17:54:12 INFO  : Disconnected from the channel tcfchan#11.
15:19:11 INFO  : Registering command handlers for SDK TCF services
15:19:11 INFO  : Launching XSCT server: xsct.bat -interactive C:\ecg_full_release\project_1\project_1.sdk\temp_xsdb_launch_script.tcl
15:19:14 INFO  : XSCT server has started successfully.
15:19:14 INFO  : Successfully done setting XSCT server connection channel  
15:19:18 INFO  : Successfully done setting SDK workspace  
15:19:18 INFO  : Processing command line option -hwspec C:/ecg_full_release/project_1/project_1.sdk/design_1_wrapper.hdf.
15:19:18 INFO  : Checking for hwspec changes in the project design_1_wrapper_hw_platform_1.
15:19:22 INFO  : SDK has detected change in the last modified timestamps for source hardware specification file Source:1778224390354,  Project:1776411799666
15:19:22 INFO  : The hardware specification for project 'design_1_wrapper_hw_platform_1' is different from C:/ecg_full_release/project_1/project_1.sdk/design_1_wrapper.hdf.
15:19:22 INFO  : Copied contents of C:/ecg_full_release/project_1/project_1.sdk/design_1_wrapper.hdf into \design_1_wrapper_hw_platform_1\system.hdf.
15:19:24 INFO  : Synchronizing projects in the workspace with the hardware platform specification changes.
15:19:24 INFO  : Clearing existing target manager status.
15:19:24 INFO  : Workspace synchronized with the new hardware specification file. Cleaning dependent projects...
15:19:24 WARN  : Linker script will not be updated automatically. Users need to update it manually.
15:37:38 INFO  : Connected to target on host '127.0.0.1' and port '3121'.
15:38:09 INFO  : Connected to target on host '127.0.0.1' and port '3121'.
15:39:03 INFO  : Connected to target on host '127.0.0.1' and port '3121'.
15:39:59 INFO  : Registering command handlers for SDK TCF services
15:39:59 INFO  : Launching XSCT server: xsct.bat -interactive C:\ecg_full_release\project_1\project_1.sdk\temp_xsdb_launch_script.tcl
15:40:00 INFO  : XSCT server has started successfully.
15:40:00 INFO  : Successfully done setting XSCT server connection channel  
15:40:00 INFO  : Successfully done setting SDK workspace  
15:40:00 INFO  : Processing command line option -hwspec C:/ecg_full_release/project_1/project_1.sdk/design_1_wrapper.hdf.
15:40:00 INFO  : Checking for hwspec changes in the project design_1_wrapper_hw_platform_1.
15:40:25 INFO  : Connected to target on host '127.0.0.1' and port '3121'.
15:40:25 INFO  : 'targets -set -filter {jtag_cable_name =~ "Digilent JTAG-HS2 210249854606A" && level==0} -index 1' command is executed.
15:40:28 INFO  : FPGA configured successfully with bitstream "C:/ecg_full_release/project_1/project_1.sdk/design_1_wrapper_hw_platform_0/design_1_wrapper.bit"
15:40:39 INFO  : 'targets -set -filter {jtag_cable_name =~ "Digilent JTAG-HS2 210249854606A" && level==0} -index 1' command is executed.
15:40:39 INFO  : 'fpga -state' command is executed.
15:40:39 INFO  : Connected to target on host '127.0.0.1' and port '3121'.
15:40:40 INFO  : Jtag cable 'Digilent JTAG-HS2 210249854606A' is selected.
15:40:40 INFO  : 'jtag frequency' command is executed.
15:40:40 INFO  : Sourcing of 'C:/ecg_full_release/project_1/project_1.sdk/design_1_wrapper_hw_platform_0/ps7_init.tcl' is done.
15:40:40 INFO  : Context for 'APU' is selected.
15:40:40 INFO  : Hardware design information is loaded from 'C:/ecg_full_release/project_1/project_1.sdk/design_1_wrapper_hw_platform_0/system.hdf'.
15:40:40 INFO  : 'configparams force-mem-access 1' command is executed.
15:40:40 INFO  : Context for 'APU' is selected.
15:40:40 INFO  : 'stop' command is executed.
15:40:40 INFO  : 'ps7_init' command is executed.
15:40:40 INFO  : 'ps7_post_config' command is executed.
15:40:40 INFO  : Context for processor 'ps7_cortexa9_0' is selected.
15:40:40 INFO  : Processor reset is completed for 'ps7_cortexa9_0'.
15:40:40 INFO  : Context for processor 'ps7_cortexa9_0' is selected.
15:40:43 INFO  : The application 'C:/ecg_full_release/project_1/project_1.sdk/2026_3_29/Debug/2026_3_29.elf' is downloaded to processor 'ps7_cortexa9_0'.
15:40:43 INFO  : 'configparams force-mem-access 0' command is executed.
15:40:43 INFO  : ----------------XSDB Script----------------
connect -url tcp:127.0.0.1:3121
source C:/ecg_full_release/project_1/project_1.sdk/design_1_wrapper_hw_platform_0/ps7_init.tcl
targets -set -nocase -filter {name =~"APU*" && jtag_cable_name =~ "Digilent JTAG-HS2 210249854606A"} -index 0
loadhw -hw C:/ecg_full_release/project_1/project_1.sdk/design_1_wrapper_hw_platform_0/system.hdf -mem-ranges [list {0x40000000 0xbfffffff}]
configparams force-mem-access 1
targets -set -nocase -filter {name =~"APU*" && jtag_cable_name =~ "Digilent JTAG-HS2 210249854606A"} -index 0
stop
ps7_init
ps7_post_config
targets -set -nocase -filter {name =~ "ARM*#0" && jtag_cable_name =~ "Digilent JTAG-HS2 210249854606A"} -index 0
rst -processor
targets -set -nocase -filter {name =~ "ARM*#0" && jtag_cable_name =~ "Digilent JTAG-HS2 210249854606A"} -index 0
dow C:/ecg_full_release/project_1/project_1.sdk/2026_3_29/Debug/2026_3_29.elf
configparams force-mem-access 0
----------------End of Script----------------

15:40:44 INFO  : Context for processor 'ps7_cortexa9_0' is selected.
15:40:44 INFO  : 'con' command is executed.
15:40:44 INFO  : ----------------XSDB Script (After Launch)----------------
targets -set -nocase -filter {name =~ "ARM*#0" && jtag_cable_name =~ "Digilent JTAG-HS2 210249854606A"} -index 0
con
----------------End of Script----------------

15:40:44 INFO  : Disconnected from the channel tcfchan#1.
15:43:43 INFO  : Connected to target on host '127.0.0.1' and port '3121'.
15:43:43 INFO  : 'targets -set -filter {jtag_cable_name =~ "Digilent JTAG-HS2 210249854606A" && level==0} -index 1' command is executed.
15:43:47 INFO  : FPGA configured successfully with bitstream "C:/ecg_full_release/project_1/project_1.sdk/design_1_wrapper_hw_platform_0/design_1_wrapper.bit"
15:43:53 INFO  : Connected to target on host '127.0.0.1' and port '3121'.
15:43:53 INFO  : 'targets -set -filter {jtag_cable_name =~ "Digilent JTAG-HS2 210249854606A" && level==0} -index 1' command is executed.
15:43:57 INFO  : FPGA configured successfully with bitstream "C:/ecg_full_release/project_1/project_1.sdk/design_1_wrapper_hw_platform_0/design_1_wrapper.bit"
15:45:29 INFO  : Connected to target on host '127.0.0.1' and port '3121'.
15:45:29 INFO  : 'targets -set -filter {jtag_cable_name =~ "Digilent JTAG-HS2 210249854606A" && level==0} -index 1' command is executed.
15:45:33 INFO  : FPGA configured successfully with bitstream "C:/ecg_full_release/project_1/project_1.sdk/design_1_wrapper_hw_platform_0/design_1_wrapper.bit"
15:45:54 INFO  : Connected to target on host '127.0.0.1' and port '3121'.
15:45:54 INFO  : 'targets -set -filter {jtag_cable_name =~ "Digilent JTAG-HS2 210249854606A" && level==0} -index 1' command is executed.
15:45:57 INFO  : FPGA configured successfully with bitstream "C:/ecg_full_release/project_1/project_1.sdk/design_1_wrapper_hw_platform_0/design_1_wrapper.bit"
15:46:10 INFO  : 'targets -set -filter {jtag_cable_name =~ "Digilent JTAG-HS2 210249854606A" && level==0} -index 1' command is executed.
15:46:10 INFO  : 'fpga -state' command is executed.
15:46:10 INFO  : Connected to target on host '127.0.0.1' and port '3121'.
15:46:10 INFO  : Jtag cable 'Digilent JTAG-HS2 210249854606A' is selected.
15:46:10 INFO  : 'jtag frequency' command is executed.
15:46:10 INFO  : Sourcing of 'C:/ecg_full_release/project_1/project_1.sdk/design_1_wrapper_hw_platform_0/ps7_init.tcl' is done.
15:46:10 INFO  : Context for 'APU' is selected.
15:46:10 INFO  : Hardware design information is loaded from 'C:/ecg_full_release/project_1/project_1.sdk/design_1_wrapper_hw_platform_0/system.hdf'.
15:46:10 INFO  : 'configparams force-mem-access 1' command is executed.
15:46:10 INFO  : Context for 'APU' is selected.
15:46:10 INFO  : 'stop' command is executed.
15:46:10 INFO  : 'ps7_init' command is executed.
15:46:10 INFO  : 'ps7_post_config' command is executed.
15:46:10 INFO  : Context for processor 'ps7_cortexa9_0' is selected.
15:46:10 INFO  : Processor reset is completed for 'ps7_cortexa9_0'.
15:46:10 INFO  : Context for processor 'ps7_cortexa9_0' is selected.
15:46:14 INFO  : The application 'C:/ecg_full_release/project_1/project_1.sdk/2026_3_29/Debug/2026_3_29.elf' is downloaded to processor 'ps7_cortexa9_0'.
15:46:14 INFO  : 'configparams force-mem-access 0' command is executed.
15:46:14 INFO  : ----------------XSDB Script----------------
connect -url tcp:127.0.0.1:3121
source C:/ecg_full_release/project_1/project_1.sdk/design_1_wrapper_hw_platform_0/ps7_init.tcl
targets -set -nocase -filter {name =~"APU*" && jtag_cable_name =~ "Digilent JTAG-HS2 210249854606A"} -index 0
loadhw -hw C:/ecg_full_release/project_1/project_1.sdk/design_1_wrapper_hw_platform_0/system.hdf -mem-ranges [list {0x40000000 0xbfffffff}]
configparams force-mem-access 1
targets -set -nocase -filter {name =~"APU*" && jtag_cable_name =~ "Digilent JTAG-HS2 210249854606A"} -index 0
stop
ps7_init
ps7_post_config
targets -set -nocase -filter {name =~ "ARM*#0" && jtag_cable_name =~ "Digilent JTAG-HS2 210249854606A"} -index 0
rst -processor
targets -set -nocase -filter {name =~ "ARM*#0" && jtag_cable_name =~ "Digilent JTAG-HS2 210249854606A"} -index 0
dow C:/ecg_full_release/project_1/project_1.sdk/2026_3_29/Debug/2026_3_29.elf
configparams force-mem-access 0
----------------End of Script----------------

15:46:14 INFO  : Context for processor 'ps7_cortexa9_0' is selected.
15:46:14 INFO  : 'con' command is executed.
15:46:14 INFO  : ----------------XSDB Script (After Launch)----------------
targets -set -nocase -filter {name =~ "ARM*#0" && jtag_cable_name =~ "Digilent JTAG-HS2 210249854606A"} -index 0
con
----------------End of Script----------------

15:46:14 INFO  : Disconnected from the channel tcfchan#2.
15:46:36 INFO  : 'targets -set -filter {jtag_cable_name =~ "Digilent JTAG-HS2 210249854606A" && level==0} -index 1' command is executed.
15:46:36 INFO  : 'fpga -state' command is executed.
15:46:36 INFO  : Connected to target on host '127.0.0.1' and port '3121'.
15:46:36 INFO  : Jtag cable 'Digilent JTAG-HS2 210249854606A' is selected.
15:46:36 INFO  : 'jtag frequency' command is executed.
15:46:36 INFO  : Sourcing of 'C:/ecg_full_release/project_1/project_1.sdk/design_1_wrapper_hw_platform_0/ps7_init.tcl' is done.
15:46:36 INFO  : Context for 'APU' is selected.
15:46:36 INFO  : Hardware design information is loaded from 'C:/ecg_full_release/project_1/project_1.sdk/design_1_wrapper_hw_platform_0/system.hdf'.
15:46:36 INFO  : 'configparams force-mem-access 1' command is executed.
15:46:36 INFO  : Context for 'APU' is selected.
15:46:36 INFO  : 'stop' command is executed.
15:46:37 INFO  : 'ps7_init' command is executed.
15:46:37 INFO  : 'ps7_post_config' command is executed.
15:46:37 INFO  : Context for processor 'ps7_cortexa9_0' is selected.
15:46:37 INFO  : Processor reset is completed for 'ps7_cortexa9_0'.
15:46:37 INFO  : Context for processor 'ps7_cortexa9_0' is selected.
15:46:40 INFO  : The application 'C:/ecg_full_release/project_1/project_1.sdk/2026_3_29/Debug/2026_3_29.elf' is downloaded to processor 'ps7_cortexa9_0'.
15:46:40 INFO  : 'configparams force-mem-access 0' command is executed.
15:46:40 INFO  : ----------------XSDB Script----------------
connect -url tcp:127.0.0.1:3121
source C:/ecg_full_release/project_1/project_1.sdk/design_1_wrapper_hw_platform_0/ps7_init.tcl
targets -set -nocase -filter {name =~"APU*" && jtag_cable_name =~ "Digilent JTAG-HS2 210249854606A"} -index 0
loadhw -hw C:/ecg_full_release/project_1/project_1.sdk/design_1_wrapper_hw_platform_0/system.hdf -mem-ranges [list {0x40000000 0xbfffffff}]
configparams force-mem-access 1
targets -set -nocase -filter {name =~"APU*" && jtag_cable_name =~ "Digilent JTAG-HS2 210249854606A"} -index 0
stop
ps7_init
ps7_post_config
targets -set -nocase -filter {name =~ "ARM*#0" && jtag_cable_name =~ "Digilent JTAG-HS2 210249854606A"} -index 0
rst -processor
targets -set -nocase -filter {name =~ "ARM*#0" && jtag_cable_name =~ "Digilent JTAG-HS2 210249854606A"} -index 0
dow C:/ecg_full_release/project_1/project_1.sdk/2026_3_29/Debug/2026_3_29.elf
configparams force-mem-access 0
----------------End of Script----------------

15:46:40 INFO  : Context for processor 'ps7_cortexa9_0' is selected.
15:46:40 INFO  : 'con' command is executed.
15:46:40 INFO  : ----------------XSDB Script (After Launch)----------------
targets -set -nocase -filter {name =~ "ARM*#0" && jtag_cable_name =~ "Digilent JTAG-HS2 210249854606A"} -index 0
con
----------------End of Script----------------

15:46:40 INFO  : Disconnected from the channel tcfchan#3.
16:26:12 INFO  : Registering command handlers for SDK TCF services
16:26:13 INFO  : Launching XSCT server: xsct.bat -interactive C:\ecg_full_release\project_1\project_1.sdk\temp_xsdb_launch_script.tcl
16:26:14 INFO  : XSCT server has started successfully.
16:26:14 INFO  : Successfully done setting XSCT server connection channel  
16:26:14 INFO  : Successfully done setting SDK workspace  
16:26:14 INFO  : Processing command line option -hwspec C:/ecg_full_release/project_1/project_1.sdk/design_1_wrapper.hdf.
16:26:14 INFO  : Checking for hwspec changes in the project design_1_wrapper_hw_platform_1.
16:26:17 INFO  : SDK has detected change in the last modified timestamps for source hardware specification file Source:1778228635671,  Project:1778224390354
16:26:17 INFO  : The hardware specification for project 'design_1_wrapper_hw_platform_1' is different from C:/ecg_full_release/project_1/project_1.sdk/design_1_wrapper.hdf.
16:26:17 INFO  : Copied contents of C:/ecg_full_release/project_1/project_1.sdk/design_1_wrapper.hdf into \design_1_wrapper_hw_platform_1\system.hdf.
16:26:19 INFO  : Synchronizing projects in the workspace with the hardware platform specification changes.
16:26:19 INFO  : Clearing existing target manager status.
16:26:19 INFO  : Workspace synchronized with the new hardware specification file. Cleaning dependent projects...
16:26:19 WARN  : Linker script will not be updated automatically. Users need to update it manually.
16:26:54 INFO  : Connected to target on host '127.0.0.1' and port '3121'.
16:26:54 INFO  : 'targets -set -filter {jtag_cable_name =~ "Digilent JTAG-HS2 210249854606A" && level==0} -index 1' command is executed.
16:26:58 INFO  : FPGA configured successfully with bitstream "C:/ecg_full_release/project_1/project_1.sdk/design_1_wrapper_hw_platform_0/design_1_wrapper.bit"
16:27:08 INFO  : 'targets -set -filter {jtag_cable_name =~ "Digilent JTAG-HS2 210249854606A" && level==0} -index 1' command is executed.
16:27:08 INFO  : 'fpga -state' command is executed.
16:27:08 INFO  : Connected to target on host '127.0.0.1' and port '3121'.
16:27:09 INFO  : Jtag cable 'Digilent JTAG-HS2 210249854606A' is selected.
16:27:09 INFO  : 'jtag frequency' command is executed.
16:27:09 INFO  : Sourcing of 'C:/ecg_full_release/project_1/project_1.sdk/design_1_wrapper_hw_platform_0/ps7_init.tcl' is done.
16:27:09 INFO  : Context for 'APU' is selected.
16:27:09 INFO  : Hardware design information is loaded from 'C:/ecg_full_release/project_1/project_1.sdk/design_1_wrapper_hw_platform_0/system.hdf'.
16:27:09 INFO  : 'configparams force-mem-access 1' command is executed.
16:27:09 INFO  : Context for 'APU' is selected.
16:27:09 INFO  : 'stop' command is executed.
16:27:09 INFO  : 'ps7_init' command is executed.
16:27:09 INFO  : 'ps7_post_config' command is executed.
16:27:09 INFO  : Context for processor 'ps7_cortexa9_0' is selected.
16:27:09 INFO  : Processor reset is completed for 'ps7_cortexa9_0'.
16:27:09 INFO  : Context for processor 'ps7_cortexa9_0' is selected.
16:27:12 INFO  : The application 'C:/ecg_full_release/project_1/project_1.sdk/2026_3_29/Debug/2026_3_29.elf' is downloaded to processor 'ps7_cortexa9_0'.
16:27:12 INFO  : 'configparams force-mem-access 0' command is executed.
16:27:12 INFO  : ----------------XSDB Script----------------
connect -url tcp:127.0.0.1:3121
source C:/ecg_full_release/project_1/project_1.sdk/design_1_wrapper_hw_platform_0/ps7_init.tcl
targets -set -nocase -filter {name =~"APU*" && jtag_cable_name =~ "Digilent JTAG-HS2 210249854606A"} -index 0
loadhw -hw C:/ecg_full_release/project_1/project_1.sdk/design_1_wrapper_hw_platform_0/system.hdf -mem-ranges [list {0x40000000 0xbfffffff}]
configparams force-mem-access 1
targets -set -nocase -filter {name =~"APU*" && jtag_cable_name =~ "Digilent JTAG-HS2 210249854606A"} -index 0
stop
ps7_init
ps7_post_config
targets -set -nocase -filter {name =~ "ARM*#0" && jtag_cable_name =~ "Digilent JTAG-HS2 210249854606A"} -index 0
rst -processor
targets -set -nocase -filter {name =~ "ARM*#0" && jtag_cable_name =~ "Digilent JTAG-HS2 210249854606A"} -index 0
dow C:/ecg_full_release/project_1/project_1.sdk/2026_3_29/Debug/2026_3_29.elf
configparams force-mem-access 0
----------------End of Script----------------

16:27:13 INFO  : Context for processor 'ps7_cortexa9_0' is selected.
16:27:13 INFO  : 'con' command is executed.
16:27:13 INFO  : ----------------XSDB Script (After Launch)----------------
targets -set -nocase -filter {name =~ "ARM*#0" && jtag_cable_name =~ "Digilent JTAG-HS2 210249854606A"} -index 0
con
----------------End of Script----------------

16:27:13 INFO  : Disconnected from the channel tcfchan#1.
16:53:54 INFO  : Connected to target on host '127.0.0.1' and port '3121'.
16:53:54 INFO  : 'targets -set -filter {jtag_cable_name =~ "Digilent JTAG-HS2 210249854606A" && level==0} -index 1' command is executed.
16:53:57 INFO  : FPGA configured successfully with bitstream "C:/ecg_full_release/project_1/project_1.sdk/design_1_wrapper_hw_platform_1/design_1_wrapper.bit"
16:54:06 INFO  : 'targets -set -filter {jtag_cable_name =~ "Digilent JTAG-HS2 210249854606A" && level==0} -index 1' command is executed.
16:54:06 INFO  : 'fpga -state' command is executed.
16:54:06 INFO  : Connected to target on host '127.0.0.1' and port '3121'.
16:54:06 INFO  : Jtag cable 'Digilent JTAG-HS2 210249854606A' is selected.
16:54:06 INFO  : 'jtag frequency' command is executed.
16:54:06 INFO  : Sourcing of 'C:/ecg_full_release/project_1/project_1.sdk/design_1_wrapper_hw_platform_0/ps7_init.tcl' is done.
16:54:06 INFO  : Context for 'APU' is selected.
16:54:07 INFO  : Hardware design information is loaded from 'C:/ecg_full_release/project_1/project_1.sdk/design_1_wrapper_hw_platform_0/system.hdf'.
16:54:07 INFO  : 'configparams force-mem-access 1' command is executed.
16:54:07 INFO  : Context for 'APU' is selected.
16:54:07 INFO  : 'stop' command is executed.
16:54:07 INFO  : 'ps7_init' command is executed.
16:54:07 INFO  : 'ps7_post_config' command is executed.
16:54:07 INFO  : Context for processor 'ps7_cortexa9_0' is selected.
16:54:08 INFO  : Processor reset is completed for 'ps7_cortexa9_0'.
16:54:08 INFO  : Context for processor 'ps7_cortexa9_0' is selected.
16:54:11 INFO  : The application 'C:/ecg_full_release/project_1/project_1.sdk/2026_3_29/Debug/2026_3_29.elf' is downloaded to processor 'ps7_cortexa9_0'.
16:54:11 INFO  : 'configparams force-mem-access 0' command is executed.
16:54:11 INFO  : ----------------XSDB Script----------------
connect -url tcp:127.0.0.1:3121
source C:/ecg_full_release/project_1/project_1.sdk/design_1_wrapper_hw_platform_0/ps7_init.tcl
targets -set -nocase -filter {name =~"APU*" && jtag_cable_name =~ "Digilent JTAG-HS2 210249854606A"} -index 0
loadhw -hw C:/ecg_full_release/project_1/project_1.sdk/design_1_wrapper_hw_platform_0/system.hdf -mem-ranges [list {0x40000000 0xbfffffff}]
configparams force-mem-access 1
targets -set -nocase -filter {name =~"APU*" && jtag_cable_name =~ "Digilent JTAG-HS2 210249854606A"} -index 0
stop
ps7_init
ps7_post_config
targets -set -nocase -filter {name =~ "ARM*#0" && jtag_cable_name =~ "Digilent JTAG-HS2 210249854606A"} -index 0
rst -processor
targets -set -nocase -filter {name =~ "ARM*#0" && jtag_cable_name =~ "Digilent JTAG-HS2 210249854606A"} -index 0
dow C:/ecg_full_release/project_1/project_1.sdk/2026_3_29/Debug/2026_3_29.elf
configparams force-mem-access 0
----------------End of Script----------------

16:54:11 INFO  : Context for processor 'ps7_cortexa9_0' is selected.
16:54:11 INFO  : 'con' command is executed.
16:54:11 INFO  : ----------------XSDB Script (After Launch)----------------
targets -set -nocase -filter {name =~ "ARM*#0" && jtag_cable_name =~ "Digilent JTAG-HS2 210249854606A"} -index 0
con
----------------End of Script----------------

16:54:11 INFO  : Disconnected from the channel tcfchan#2.
17:02:14 INFO  : Connected to target on host '127.0.0.1' and port '3121'.
17:02:14 INFO  : 'targets -set -filter {jtag_cable_name =~ "Digilent JTAG-HS2 210249854606A" && level==0} -index 1' command is executed.
17:02:17 INFO  : FPGA configured successfully with bitstream "C:/ecg_full_release/project_1/project_1.sdk/design_1_wrapper_hw_platform_1/design_1_wrapper.bit"
17:02:37 INFO  : 'targets -set -filter {jtag_cable_name =~ "Digilent JTAG-HS2 210249854606A" && level==0} -index 1' command is executed.
17:02:37 INFO  : 'fpga -state' command is executed.
17:02:37 INFO  : Connected to target on host '127.0.0.1' and port '3121'.
17:02:37 INFO  : Jtag cable 'Digilent JTAG-HS2 210249854606A' is selected.
17:02:37 INFO  : 'jtag frequency' command is executed.
17:02:37 INFO  : Sourcing of 'C:/ecg_full_release/project_1/project_1.sdk/design_1_wrapper_hw_platform_0/ps7_init.tcl' is done.
17:02:37 INFO  : Context for 'APU' is selected.
17:02:37 INFO  : Hardware design information is loaded from 'C:/ecg_full_release/project_1/project_1.sdk/design_1_wrapper_hw_platform_0/system.hdf'.
17:02:37 INFO  : 'configparams force-mem-access 1' command is executed.
17:02:37 INFO  : Context for 'APU' is selected.
17:02:37 INFO  : 'stop' command is executed.
17:02:37 INFO  : 'ps7_init' command is executed.
17:02:37 INFO  : 'ps7_post_config' command is executed.
17:02:37 INFO  : Context for processor 'ps7_cortexa9_0' is selected.
17:02:37 INFO  : Processor reset is completed for 'ps7_cortexa9_0'.
17:02:37 INFO  : Context for processor 'ps7_cortexa9_0' is selected.
17:02:41 INFO  : The application 'C:/ecg_full_release/project_1/project_1.sdk/2026_3_29/Debug/2026_3_29.elf' is downloaded to processor 'ps7_cortexa9_0'.
17:02:41 INFO  : 'configparams force-mem-access 0' command is executed.
17:02:41 INFO  : ----------------XSDB Script----------------
connect -url tcp:127.0.0.1:3121
source C:/ecg_full_release/project_1/project_1.sdk/design_1_wrapper_hw_platform_0/ps7_init.tcl
targets -set -nocase -filter {name =~"APU*" && jtag_cable_name =~ "Digilent JTAG-HS2 210249854606A"} -index 0
loadhw -hw C:/ecg_full_release/project_1/project_1.sdk/design_1_wrapper_hw_platform_0/system.hdf -mem-ranges [list {0x40000000 0xbfffffff}]
configparams force-mem-access 1
targets -set -nocase -filter {name =~"APU*" && jtag_cable_name =~ "Digilent JTAG-HS2 210249854606A"} -index 0
stop
ps7_init
ps7_post_config
targets -set -nocase -filter {name =~ "ARM*#0" && jtag_cable_name =~ "Digilent JTAG-HS2 210249854606A"} -index 0
rst -processor
targets -set -nocase -filter {name =~ "ARM*#0" && jtag_cable_name =~ "Digilent JTAG-HS2 210249854606A"} -index 0
dow C:/ecg_full_release/project_1/project_1.sdk/2026_3_29/Debug/2026_3_29.elf
configparams force-mem-access 0
----------------End of Script----------------

17:02:41 INFO  : Context for processor 'ps7_cortexa9_0' is selected.
17:02:41 INFO  : 'con' command is executed.
17:02:41 INFO  : ----------------XSDB Script (After Launch)----------------
targets -set -nocase -filter {name =~ "ARM*#0" && jtag_cable_name =~ "Digilent JTAG-HS2 210249854606A"} -index 0
con
----------------End of Script----------------

17:02:41 INFO  : Disconnected from the channel tcfchan#3.
17:02:57 INFO  : Connected to target on host '127.0.0.1' and port '3121'.
17:02:57 INFO  : 'targets -set -filter {jtag_cable_name =~ "Digilent JTAG-HS2 210249854606A" && level==0} -index 1' command is executed.
17:03:01 INFO  : FPGA configured successfully with bitstream "C:/ecg_full_release/project_1/project_1.sdk/design_1_wrapper_hw_platform_0/design_1_wrapper.bit"
17:03:11 INFO  : 'targets -set -filter {jtag_cable_name =~ "Digilent JTAG-HS2 210249854606A" && level==0} -index 1' command is executed.
17:03:11 INFO  : 'fpga -state' command is executed.
17:03:11 INFO  : Connected to target on host '127.0.0.1' and port '3121'.
17:03:11 INFO  : Jtag cable 'Digilent JTAG-HS2 210249854606A' is selected.
17:03:11 INFO  : 'jtag frequency' command is executed.
17:03:11 INFO  : Sourcing of 'C:/ecg_full_release/project_1/project_1.sdk/design_1_wrapper_hw_platform_0/ps7_init.tcl' is done.
17:03:11 INFO  : Context for 'APU' is selected.
17:03:11 INFO  : Hardware design information is loaded from 'C:/ecg_full_release/project_1/project_1.sdk/design_1_wrapper_hw_platform_0/system.hdf'.
17:03:11 INFO  : 'configparams force-mem-access 1' command is executed.
17:03:11 INFO  : Context for 'APU' is selected.
17:03:11 INFO  : 'stop' command is executed.
17:03:11 INFO  : 'ps7_init' command is executed.
17:03:11 INFO  : 'ps7_post_config' command is executed.
17:03:11 INFO  : Context for processor 'ps7_cortexa9_0' is selected.
17:03:11 INFO  : Processor reset is completed for 'ps7_cortexa9_0'.
17:03:11 INFO  : Context for processor 'ps7_cortexa9_0' is selected.
17:03:15 INFO  : The application 'C:/ecg_full_release/project_1/project_1.sdk/2026_3_29/Debug/2026_3_29.elf' is downloaded to processor 'ps7_cortexa9_0'.
17:03:15 INFO  : 'configparams force-mem-access 0' command is executed.
17:03:15 INFO  : ----------------XSDB Script----------------
connect -url tcp:127.0.0.1:3121
source C:/ecg_full_release/project_1/project_1.sdk/design_1_wrapper_hw_platform_0/ps7_init.tcl
targets -set -nocase -filter {name =~"APU*" && jtag_cable_name =~ "Digilent JTAG-HS2 210249854606A"} -index 0
loadhw -hw C:/ecg_full_release/project_1/project_1.sdk/design_1_wrapper_hw_platform_0/system.hdf -mem-ranges [list {0x40000000 0xbfffffff}]
configparams force-mem-access 1
targets -set -nocase -filter {name =~"APU*" && jtag_cable_name =~ "Digilent JTAG-HS2 210249854606A"} -index 0
stop
ps7_init
ps7_post_config
targets -set -nocase -filter {name =~ "ARM*#0" && jtag_cable_name =~ "Digilent JTAG-HS2 210249854606A"} -index 0
rst -processor
targets -set -nocase -filter {name =~ "ARM*#0" && jtag_cable_name =~ "Digilent JTAG-HS2 210249854606A"} -index 0
dow C:/ecg_full_release/project_1/project_1.sdk/2026_3_29/Debug/2026_3_29.elf
configparams force-mem-access 0
----------------End of Script----------------

17:03:15 INFO  : Context for processor 'ps7_cortexa9_0' is selected.
17:03:15 INFO  : 'con' command is executed.
17:03:15 INFO  : ----------------XSDB Script (After Launch)----------------
targets -set -nocase -filter {name =~ "ARM*#0" && jtag_cable_name =~ "Digilent JTAG-HS2 210249854606A"} -index 0
con
----------------End of Script----------------

17:03:15 INFO  : Disconnected from the channel tcfchan#4.
17:05:37 INFO  : Connected to target on host '127.0.0.1' and port '3121'.
17:05:38 INFO  : 'targets -set -filter {jtag_cable_name =~ "Digilent JTAG-HS2 210249854606A" && level==0} -index 1' command is executed.
17:05:41 INFO  : FPGA configured successfully with bitstream "C:/ecg_full_release/project_1/project_1.sdk/design_1_wrapper_hw_platform_1/design_1_wrapper.bit"
17:06:48 INFO  : Connected to target on host '127.0.0.1' and port '3121'.
17:06:48 INFO  : 'targets -set -filter {jtag_cable_name =~ "Digilent JTAG-HS2 210249854606A" && level==0} -index 1' command is executed.
17:06:51 INFO  : FPGA configured successfully with bitstream "C:/ecg_full_release/project_1/project_1.sdk/design_1_wrapper_hw_platform_1/design_1_wrapper.bit"
17:07:55 INFO  : Connected to target on host '127.0.0.1' and port '3121'.
17:07:55 INFO  : 'targets -set -filter {jtag_cable_name =~ "Digilent JTAG-HS2 210249854606A" && level==0} -index 1' command is executed.
17:07:59 INFO  : FPGA configured successfully with bitstream "C:/ecg_full_release/project_1/project_1.sdk/design_1_wrapper_hw_platform_1/design_1_wrapper.bit"
17:08:05 INFO  : 'targets -set -filter {jtag_cable_name =~ "Digilent JTAG-HS2 210249854606A" && level==0} -index 1' command is executed.
17:08:05 INFO  : 'fpga -state' command is executed.
17:08:05 INFO  : Connected to target on host '127.0.0.1' and port '3121'.
17:08:05 INFO  : Jtag cable 'Digilent JTAG-HS2 210249854606A' is selected.
17:08:05 INFO  : 'jtag frequency' command is executed.
17:08:05 INFO  : Sourcing of 'C:/ecg_full_release/project_1/project_1.sdk/design_1_wrapper_hw_platform_0/ps7_init.tcl' is done.
17:08:05 INFO  : Context for 'APU' is selected.
17:08:05 INFO  : Hardware design information is loaded from 'C:/ecg_full_release/project_1/project_1.sdk/design_1_wrapper_hw_platform_0/system.hdf'.
17:08:05 INFO  : 'configparams force-mem-access 1' command is executed.
17:08:05 INFO  : Context for 'APU' is selected.
17:08:06 INFO  : 'stop' command is executed.
17:08:06 INFO  : 'ps7_init' command is executed.
17:08:06 INFO  : 'ps7_post_config' command is executed.
17:08:06 INFO  : Context for processor 'ps7_cortexa9_0' is selected.
17:08:06 INFO  : Processor reset is completed for 'ps7_cortexa9_0'.
17:08:06 INFO  : Context for processor 'ps7_cortexa9_0' is selected.
17:08:09 INFO  : The application 'C:/ecg_full_release/project_1/project_1.sdk/2026_3_29/Debug/2026_3_29.elf' is downloaded to processor 'ps7_cortexa9_0'.
17:08:09 INFO  : 'configparams force-mem-access 0' command is executed.
17:08:09 INFO  : ----------------XSDB Script----------------
connect -url tcp:127.0.0.1:3121
source C:/ecg_full_release/project_1/project_1.sdk/design_1_wrapper_hw_platform_0/ps7_init.tcl
targets -set -nocase -filter {name =~"APU*" && jtag_cable_name =~ "Digilent JTAG-HS2 210249854606A"} -index 0
loadhw -hw C:/ecg_full_release/project_1/project_1.sdk/design_1_wrapper_hw_platform_0/system.hdf -mem-ranges [list {0x40000000 0xbfffffff}]
configparams force-mem-access 1
targets -set -nocase -filter {name =~"APU*" && jtag_cable_name =~ "Digilent JTAG-HS2 210249854606A"} -index 0
stop
ps7_init
ps7_post_config
targets -set -nocase -filter {name =~ "ARM*#0" && jtag_cable_name =~ "Digilent JTAG-HS2 210249854606A"} -index 0
rst -processor
targets -set -nocase -filter {name =~ "ARM*#0" && jtag_cable_name =~ "Digilent JTAG-HS2 210249854606A"} -index 0
dow C:/ecg_full_release/project_1/project_1.sdk/2026_3_29/Debug/2026_3_29.elf
configparams force-mem-access 0
----------------End of Script----------------

17:08:09 INFO  : Context for processor 'ps7_cortexa9_0' is selected.
17:08:09 INFO  : 'con' command is executed.
17:08:09 INFO  : ----------------XSDB Script (After Launch)----------------
targets -set -nocase -filter {name =~ "ARM*#0" && jtag_cable_name =~ "Digilent JTAG-HS2 210249854606A"} -index 0
con
----------------End of Script----------------

17:08:09 INFO  : Disconnected from the channel tcfchan#5.
17:08:58 INFO  : Connected to target on host '127.0.0.1' and port '3121'.
17:08:59 INFO  : 'targets -set -filter {jtag_cable_name =~ "Digilent JTAG-HS2 210249854606A" && level==0} -index 1' command is executed.
17:09:02 INFO  : FPGA configured successfully with bitstream "C:/ecg_full_release/project_1/project_1.sdk/design_1_wrapper_hw_platform_1/design_1_wrapper.bit"
17:23:20 INFO  : Connected to target on host '127.0.0.1' and port '3121'.
17:23:20 INFO  : 'targets -set -filter {jtag_cable_name =~ "Digilent JTAG-HS2 210249854606A" && level==0} -index 1' command is executed.
17:23:23 INFO  : FPGA configured successfully with bitstream "C:/ecg_full_release/project_1/project_1.sdk/design_1_wrapper_hw_platform_1/design_1_wrapper.bit"
17:23:29 INFO  : 'targets -set -filter {jtag_cable_name =~ "Digilent JTAG-HS2 210249854606A" && level==0} -index 1' command is executed.
17:23:29 INFO  : 'fpga -state' command is executed.
17:23:29 INFO  : Connected to target on host '127.0.0.1' and port '3121'.
17:23:29 INFO  : Jtag cable 'Digilent JTAG-HS2 210249854606A' is selected.
17:23:29 INFO  : 'jtag frequency' command is executed.
17:23:29 INFO  : Sourcing of 'C:/ecg_full_release/project_1/project_1.sdk/design_1_wrapper_hw_platform_1/ps7_init.tcl' is done.
17:23:29 INFO  : Context for 'APU' is selected.
17:23:29 INFO  : Hardware design information is loaded from 'C:/ecg_full_release/project_1/project_1.sdk/design_1_wrapper_hw_platform_1/system.hdf'.
17:23:29 INFO  : 'configparams force-mem-access 1' command is executed.
17:23:29 INFO  : Context for 'APU' is selected.
17:23:29 INFO  : 'stop' command is executed.
17:23:30 INFO  : 'ps7_init' command is executed.
17:23:30 INFO  : 'ps7_post_config' command is executed.
17:23:30 INFO  : Context for processor 'ps7_cortexa9_0' is selected.
17:23:30 INFO  : Processor reset is completed for 'ps7_cortexa9_0'.
17:23:30 INFO  : Context for processor 'ps7_cortexa9_0' is selected.
17:23:33 INFO  : The application 'C:/ecg_full_release/project_1/project_1.sdk/2026_3_29/Debug/2026_3_29.elf' is downloaded to processor 'ps7_cortexa9_0'.
17:23:33 INFO  : 'configparams force-mem-access 0' command is executed.
17:23:33 INFO  : ----------------XSDB Script----------------
connect -url tcp:127.0.0.1:3121
source C:/ecg_full_release/project_1/project_1.sdk/design_1_wrapper_hw_platform_1/ps7_init.tcl
targets -set -nocase -filter {name =~"APU*" && jtag_cable_name =~ "Digilent JTAG-HS2 210249854606A"} -index 0
loadhw -hw C:/ecg_full_release/project_1/project_1.sdk/design_1_wrapper_hw_platform_1/system.hdf -mem-ranges [list {0x40000000 0xbfffffff}]
configparams force-mem-access 1
targets -set -nocase -filter {name =~"APU*" && jtag_cable_name =~ "Digilent JTAG-HS2 210249854606A"} -index 0
stop
ps7_init
ps7_post_config
targets -set -nocase -filter {name =~ "ARM*#0" && jtag_cable_name =~ "Digilent JTAG-HS2 210249854606A"} -index 0
rst -processor
targets -set -nocase -filter {name =~ "ARM*#0" && jtag_cable_name =~ "Digilent JTAG-HS2 210249854606A"} -index 0
dow C:/ecg_full_release/project_1/project_1.sdk/2026_3_29/Debug/2026_3_29.elf
configparams force-mem-access 0
----------------End of Script----------------

17:23:33 INFO  : Context for processor 'ps7_cortexa9_0' is selected.
17:23:33 INFO  : 'con' command is executed.
17:23:33 INFO  : ----------------XSDB Script (After Launch)----------------
targets -set -nocase -filter {name =~ "ARM*#0" && jtag_cable_name =~ "Digilent JTAG-HS2 210249854606A"} -index 0
con
----------------End of Script----------------

17:23:33 INFO  : Disconnected from the channel tcfchan#6.
14:28:04 INFO  : Registering command handlers for SDK TCF services
14:28:05 INFO  : Launching XSCT server: xsct.bat -interactive C:\ecg_full_release\project_1\project_1.sdk\temp_xsdb_launch_script.tcl
14:28:08 INFO  : XSCT server has started successfully.
14:28:15 INFO  : Successfully done setting XSCT server connection channel  
14:28:15 INFO  : Successfully done setting SDK workspace  
14:28:15 INFO  : Processing command line option -hwspec C:/ecg_full_release/project_1/project_1.sdk/design_1_wrapper.hdf.
14:28:15 INFO  : Checking for hwspec changes in the project design_1_wrapper_hw_platform_1.
14:47:35 INFO  : Connected to target on host '127.0.0.1' and port '3121'.
14:47:37 INFO  : 'targets -set -filter {jtag_cable_name =~ "Digilent JTAG-HS2 210249854606A" && level==0} -index 1' command is executed.
14:47:40 INFO  : FPGA configured successfully with bitstream "C:/ecg_full_release/project_1/project_1.sdk/design_1_wrapper_hw_platform_1/design_1_wrapper.bit"
14:47:56 INFO  : 'targets -set -filter {jtag_cable_name =~ "Digilent JTAG-HS2 210249854606A" && level==0} -index 1' command is executed.
14:47:56 INFO  : 'fpga -state' command is executed.
14:47:56 INFO  : Connected to target on host '127.0.0.1' and port '3121'.
14:47:56 INFO  : Jtag cable 'Digilent JTAG-HS2 210249854606A' is selected.
14:47:56 INFO  : 'jtag frequency' command is executed.
14:47:56 INFO  : Sourcing of 'C:/ecg_full_release/project_1/project_1.sdk/design_1_wrapper_hw_platform_1/ps7_init.tcl' is done.
14:47:56 INFO  : Context for 'APU' is selected.
14:47:56 INFO  : Hardware design information is loaded from 'C:/ecg_full_release/project_1/project_1.sdk/design_1_wrapper_hw_platform_1/system.hdf'.
14:47:56 INFO  : 'configparams force-mem-access 1' command is executed.
14:47:56 INFO  : Context for 'APU' is selected.
14:47:56 INFO  : 'stop' command is executed.
14:47:57 INFO  : 'ps7_init' command is executed.
14:47:57 INFO  : 'ps7_post_config' command is executed.
14:47:57 INFO  : Context for processor 'ps7_cortexa9_0' is selected.
14:47:57 INFO  : Processor reset is completed for 'ps7_cortexa9_0'.
14:47:57 INFO  : Context for processor 'ps7_cortexa9_0' is selected.
14:48:00 INFO  : The application 'C:/ecg_full_release/project_1/project_1.sdk/2026_3_29/Debug/2026_3_29.elf' is downloaded to processor 'ps7_cortexa9_0'.
14:48:00 INFO  : 'configparams force-mem-access 0' command is executed.
14:48:00 INFO  : ----------------XSDB Script----------------
connect -url tcp:127.0.0.1:3121
source C:/ecg_full_release/project_1/project_1.sdk/design_1_wrapper_hw_platform_1/ps7_init.tcl
targets -set -nocase -filter {name =~"APU*" && jtag_cable_name =~ "Digilent JTAG-HS2 210249854606A"} -index 0
loadhw -hw C:/ecg_full_release/project_1/project_1.sdk/design_1_wrapper_hw_platform_1/system.hdf -mem-ranges [list {0x40000000 0xbfffffff}]
configparams force-mem-access 1
targets -set -nocase -filter {name =~"APU*" && jtag_cable_name =~ "Digilent JTAG-HS2 210249854606A"} -index 0
stop
ps7_init
ps7_post_config
targets -set -nocase -filter {name =~ "ARM*#0" && jtag_cable_name =~ "Digilent JTAG-HS2 210249854606A"} -index 0
rst -processor
targets -set -nocase -filter {name =~ "ARM*#0" && jtag_cable_name =~ "Digilent JTAG-HS2 210249854606A"} -index 0
dow C:/ecg_full_release/project_1/project_1.sdk/2026_3_29/Debug/2026_3_29.elf
configparams force-mem-access 0
----------------End of Script----------------

14:48:00 INFO  : Context for processor 'ps7_cortexa9_0' is selected.
14:48:00 INFO  : 'con' command is executed.
14:48:00 INFO  : ----------------XSDB Script (After Launch)----------------
targets -set -nocase -filter {name =~ "ARM*#0" && jtag_cable_name =~ "Digilent JTAG-HS2 210249854606A"} -index 0
con
----------------End of Script----------------

14:48:00 INFO  : Disconnected from the channel tcfchan#1.
15:00:48 INFO  : Connected to target on host '127.0.0.1' and port '3121'.
15:00:48 INFO  : 'targets -set -filter {jtag_cable_name =~ "Digilent JTAG-HS2 210249854606A" && level==0} -index 1' command is executed.
15:00:52 INFO  : FPGA configured successfully with bitstream "C:/ecg_full_release/project_1/project_1.sdk/design_1_wrapper_hw_platform_1/design_1_wrapper.bit"
15:01:02 INFO  : 'targets -set -filter {jtag_cable_name =~ "Digilent JTAG-HS2 210249854606A" && level==0} -index 1' command is executed.
15:01:02 INFO  : 'fpga -state' command is executed.
15:01:02 INFO  : Connected to target on host '127.0.0.1' and port '3121'.
15:01:02 INFO  : Jtag cable 'Digilent JTAG-HS2 210249854606A' is selected.
15:01:02 INFO  : 'jtag frequency' command is executed.
15:01:02 INFO  : Sourcing of 'C:/ecg_full_release/project_1/project_1.sdk/design_1_wrapper_hw_platform_1/ps7_init.tcl' is done.
15:01:03 INFO  : Context for 'APU' is selected.
15:01:03 INFO  : Hardware design information is loaded from 'C:/ecg_full_release/project_1/project_1.sdk/design_1_wrapper_hw_platform_1/system.hdf'.
15:01:03 INFO  : 'configparams force-mem-access 1' command is executed.
15:01:03 INFO  : Context for 'APU' is selected.
15:01:03 INFO  : 'stop' command is executed.
15:01:03 INFO  : 'ps7_init' command is executed.
15:01:03 INFO  : 'ps7_post_config' command is executed.
15:01:03 INFO  : Context for processor 'ps7_cortexa9_0' is selected.
15:01:03 INFO  : Processor reset is completed for 'ps7_cortexa9_0'.
15:01:03 INFO  : Context for processor 'ps7_cortexa9_0' is selected.
15:01:06 INFO  : The application 'C:/ecg_full_release/project_1/project_1.sdk/2026_3_29/Debug/2026_3_29.elf' is downloaded to processor 'ps7_cortexa9_0'.
15:01:06 INFO  : 'configparams force-mem-access 0' command is executed.
15:01:06 INFO  : ----------------XSDB Script----------------
connect -url tcp:127.0.0.1:3121
source C:/ecg_full_release/project_1/project_1.sdk/design_1_wrapper_hw_platform_1/ps7_init.tcl
targets -set -nocase -filter {name =~"APU*" && jtag_cable_name =~ "Digilent JTAG-HS2 210249854606A"} -index 0
loadhw -hw C:/ecg_full_release/project_1/project_1.sdk/design_1_wrapper_hw_platform_1/system.hdf -mem-ranges [list {0x40000000 0xbfffffff}]
configparams force-mem-access 1
targets -set -nocase -filter {name =~"APU*" && jtag_cable_name =~ "Digilent JTAG-HS2 210249854606A"} -index 0
stop
ps7_init
ps7_post_config
targets -set -nocase -filter {name =~ "ARM*#0" && jtag_cable_name =~ "Digilent JTAG-HS2 210249854606A"} -index 0
rst -processor
targets -set -nocase -filter {name =~ "ARM*#0" && jtag_cable_name =~ "Digilent JTAG-HS2 210249854606A"} -index 0
dow C:/ecg_full_release/project_1/project_1.sdk/2026_3_29/Debug/2026_3_29.elf
configparams force-mem-access 0
----------------End of Script----------------

15:01:06 INFO  : Context for processor 'ps7_cortexa9_0' is selected.
15:01:06 INFO  : 'con' command is executed.
15:01:06 INFO  : ----------------XSDB Script (After Launch)----------------
targets -set -nocase -filter {name =~ "ARM*#0" && jtag_cable_name =~ "Digilent JTAG-HS2 210249854606A"} -index 0
con
----------------End of Script----------------

15:01:06 INFO  : Disconnected from the channel tcfchan#2.
15:12:54 INFO  : Connected to target on host '127.0.0.1' and port '3121'.
15:12:55 INFO  : 'targets -set -filter {jtag_cable_name =~ "Digilent JTAG-HS2 210249854606A" && level==0} -index 1' command is executed.
15:12:58 INFO  : FPGA configured successfully with bitstream "C:/ecg_full_release/project_1/project_1.sdk/design_1_wrapper_hw_platform_1/design_1_wrapper.bit"
15:13:05 INFO  : 'targets -set -filter {jtag_cable_name =~ "Digilent JTAG-HS2 210249854606A" && level==0} -index 1' command is executed.
15:13:05 INFO  : 'fpga -state' command is executed.
15:13:05 INFO  : Connected to target on host '127.0.0.1' and port '3121'.
15:13:05 INFO  : Jtag cable 'Digilent JTAG-HS2 210249854606A' is selected.
15:13:05 INFO  : 'jtag frequency' command is executed.
15:13:05 INFO  : Sourcing of 'C:/ecg_full_release/project_1/project_1.sdk/design_1_wrapper_hw_platform_1/ps7_init.tcl' is done.
15:13:05 INFO  : Context for 'APU' is selected.
15:13:06 INFO  : Hardware design information is loaded from 'C:/ecg_full_release/project_1/project_1.sdk/design_1_wrapper_hw_platform_1/system.hdf'.
15:13:06 INFO  : 'configparams force-mem-access 1' command is executed.
15:13:06 INFO  : Context for 'APU' is selected.
15:13:06 INFO  : 'stop' command is executed.
15:13:06 INFO  : 'ps7_init' command is executed.
15:13:06 INFO  : 'ps7_post_config' command is executed.
15:13:06 INFO  : Context for processor 'ps7_cortexa9_0' is selected.
15:13:06 INFO  : Processor reset is completed for 'ps7_cortexa9_0'.
15:13:06 INFO  : Context for processor 'ps7_cortexa9_0' is selected.
15:13:09 INFO  : The application 'C:/ecg_full_release/project_1/project_1.sdk/2026_3_29/Debug/2026_3_29.elf' is downloaded to processor 'ps7_cortexa9_0'.
15:13:09 INFO  : 'configparams force-mem-access 0' command is executed.
15:13:09 INFO  : ----------------XSDB Script----------------
connect -url tcp:127.0.0.1:3121
source C:/ecg_full_release/project_1/project_1.sdk/design_1_wrapper_hw_platform_1/ps7_init.tcl
targets -set -nocase -filter {name =~"APU*" && jtag_cable_name =~ "Digilent JTAG-HS2 210249854606A"} -index 0
loadhw -hw C:/ecg_full_release/project_1/project_1.sdk/design_1_wrapper_hw_platform_1/system.hdf -mem-ranges [list {0x40000000 0xbfffffff}]
configparams force-mem-access 1
targets -set -nocase -filter {name =~"APU*" && jtag_cable_name =~ "Digilent JTAG-HS2 210249854606A"} -index 0
stop
ps7_init
ps7_post_config
targets -set -nocase -filter {name =~ "ARM*#0" && jtag_cable_name =~ "Digilent JTAG-HS2 210249854606A"} -index 0
rst -processor
targets -set -nocase -filter {name =~ "ARM*#0" && jtag_cable_name =~ "Digilent JTAG-HS2 210249854606A"} -index 0
dow C:/ecg_full_release/project_1/project_1.sdk/2026_3_29/Debug/2026_3_29.elf
configparams force-mem-access 0
----------------End of Script----------------

15:13:09 INFO  : Context for processor 'ps7_cortexa9_0' is selected.
15:13:09 INFO  : 'con' command is executed.
15:13:09 INFO  : ----------------XSDB Script (After Launch)----------------
targets -set -nocase -filter {name =~ "ARM*#0" && jtag_cable_name =~ "Digilent JTAG-HS2 210249854606A"} -index 0
con
----------------End of Script----------------

15:13:09 INFO  : Disconnected from the channel tcfchan#3.
15:14:00 INFO  : Connected to target on host '127.0.0.1' and port '3121'.
15:14:00 INFO  : 'targets -set -filter {jtag_cable_name =~ "Digilent JTAG-HS2 210249854606A" && level==0} -index 1' command is executed.
15:14:04 INFO  : FPGA configured successfully with bitstream "C:/ecg_full_release/project_1/project_1.sdk/design_1_wrapper_hw_platform_1/design_1_wrapper.bit"
15:14:13 INFO  : 'targets -set -filter {jtag_cable_name =~ "Digilent JTAG-HS2 210249854606A" && level==0} -index 1' command is executed.
15:14:13 INFO  : 'fpga -state' command is executed.
15:14:13 INFO  : Connected to target on host '127.0.0.1' and port '3121'.
15:14:13 INFO  : Jtag cable 'Digilent JTAG-HS2 210249854606A' is selected.
15:14:13 INFO  : 'jtag frequency' command is executed.
15:14:13 INFO  : Sourcing of 'C:/ecg_full_release/project_1/project_1.sdk/design_1_wrapper_hw_platform_1/ps7_init.tcl' is done.
15:14:13 INFO  : Context for 'APU' is selected.
15:14:13 INFO  : Hardware design information is loaded from 'C:/ecg_full_release/project_1/project_1.sdk/design_1_wrapper_hw_platform_1/system.hdf'.
15:14:13 INFO  : 'configparams force-mem-access 1' command is executed.
15:14:13 INFO  : Context for 'APU' is selected.
15:14:13 INFO  : 'stop' command is executed.
15:14:13 INFO  : 'ps7_init' command is executed.
15:14:13 INFO  : 'ps7_post_config' command is executed.
15:14:13 INFO  : Context for processor 'ps7_cortexa9_0' is selected.
15:14:13 INFO  : Processor reset is completed for 'ps7_cortexa9_0'.
15:14:13 INFO  : Context for processor 'ps7_cortexa9_0' is selected.
15:14:17 INFO  : The application 'C:/ecg_full_release/project_1/project_1.sdk/2026_3_29/Debug/2026_3_29.elf' is downloaded to processor 'ps7_cortexa9_0'.
15:14:17 INFO  : 'configparams force-mem-access 0' command is executed.
15:14:17 INFO  : ----------------XSDB Script----------------
connect -url tcp:127.0.0.1:3121
source C:/ecg_full_release/project_1/project_1.sdk/design_1_wrapper_hw_platform_1/ps7_init.tcl
targets -set -nocase -filter {name =~"APU*" && jtag_cable_name =~ "Digilent JTAG-HS2 210249854606A"} -index 0
loadhw -hw C:/ecg_full_release/project_1/project_1.sdk/design_1_wrapper_hw_platform_1/system.hdf -mem-ranges [list {0x40000000 0xbfffffff}]
configparams force-mem-access 1
targets -set -nocase -filter {name =~"APU*" && jtag_cable_name =~ "Digilent JTAG-HS2 210249854606A"} -index 0
stop
ps7_init
ps7_post_config
targets -set -nocase -filter {name =~ "ARM*#0" && jtag_cable_name =~ "Digilent JTAG-HS2 210249854606A"} -index 0
rst -processor
targets -set -nocase -filter {name =~ "ARM*#0" && jtag_cable_name =~ "Digilent JTAG-HS2 210249854606A"} -index 0
dow C:/ecg_full_release/project_1/project_1.sdk/2026_3_29/Debug/2026_3_29.elf
configparams force-mem-access 0
----------------End of Script----------------

15:14:17 INFO  : Context for processor 'ps7_cortexa9_0' is selected.
15:14:17 INFO  : 'con' command is executed.
15:14:17 INFO  : ----------------XSDB Script (After Launch)----------------
targets -set -nocase -filter {name =~ "ARM*#0" && jtag_cable_name =~ "Digilent JTAG-HS2 210249854606A"} -index 0
con
----------------End of Script----------------

15:14:17 INFO  : Disconnected from the channel tcfchan#4.
15:16:26 INFO  : Connected to target on host '127.0.0.1' and port '3121'.
15:16:26 INFO  : 'targets -set -filter {jtag_cable_name =~ "Digilent JTAG-HS2 210249854606A" && level==0} -index 1' command is executed.
15:16:30 INFO  : FPGA configured successfully with bitstream "C:/ecg_full_release/project_1/project_1.sdk/design_1_wrapper_hw_platform_1/design_1_wrapper.bit"
15:16:36 INFO  : 'targets -set -filter {jtag_cable_name =~ "Digilent JTAG-HS2 210249854606A" && level==0} -index 1' command is executed.
15:16:36 INFO  : 'fpga -state' command is executed.
15:16:36 INFO  : Connected to target on host '127.0.0.1' and port '3121'.
15:16:36 INFO  : Jtag cable 'Digilent JTAG-HS2 210249854606A' is selected.
15:16:36 INFO  : 'jtag frequency' command is executed.
15:16:36 INFO  : Sourcing of 'C:/ecg_full_release/project_1/project_1.sdk/design_1_wrapper_hw_platform_1/ps7_init.tcl' is done.
15:16:36 INFO  : Context for 'APU' is selected.
15:16:36 INFO  : Hardware design information is loaded from 'C:/ecg_full_release/project_1/project_1.sdk/design_1_wrapper_hw_platform_1/system.hdf'.
15:16:36 INFO  : 'configparams force-mem-access 1' command is executed.
15:16:36 INFO  : Context for 'APU' is selected.
15:16:36 INFO  : 'stop' command is executed.
15:16:36 INFO  : 'ps7_init' command is executed.
15:16:36 INFO  : 'ps7_post_config' command is executed.
15:16:36 INFO  : Context for processor 'ps7_cortexa9_0' is selected.
15:16:36 INFO  : Processor reset is completed for 'ps7_cortexa9_0'.
15:16:36 INFO  : Context for processor 'ps7_cortexa9_0' is selected.
15:16:40 INFO  : The application 'C:/ecg_full_release/project_1/project_1.sdk/2026_3_29/Debug/2026_3_29.elf' is downloaded to processor 'ps7_cortexa9_0'.
15:16:40 INFO  : 'configparams force-mem-access 0' command is executed.
15:16:40 INFO  : ----------------XSDB Script----------------
connect -url tcp:127.0.0.1:3121
source C:/ecg_full_release/project_1/project_1.sdk/design_1_wrapper_hw_platform_1/ps7_init.tcl
targets -set -nocase -filter {name =~"APU*" && jtag_cable_name =~ "Digilent JTAG-HS2 210249854606A"} -index 0
loadhw -hw C:/ecg_full_release/project_1/project_1.sdk/design_1_wrapper_hw_platform_1/system.hdf -mem-ranges [list {0x40000000 0xbfffffff}]
configparams force-mem-access 1
targets -set -nocase -filter {name =~"APU*" && jtag_cable_name =~ "Digilent JTAG-HS2 210249854606A"} -index 0
stop
ps7_init
ps7_post_config
targets -set -nocase -filter {name =~ "ARM*#0" && jtag_cable_name =~ "Digilent JTAG-HS2 210249854606A"} -index 0
rst -processor
targets -set -nocase -filter {name =~ "ARM*#0" && jtag_cable_name =~ "Digilent JTAG-HS2 210249854606A"} -index 0
dow C:/ecg_full_release/project_1/project_1.sdk/2026_3_29/Debug/2026_3_29.elf
configparams force-mem-access 0
----------------End of Script----------------

15:16:40 INFO  : Context for processor 'ps7_cortexa9_0' is selected.
15:16:40 INFO  : 'con' command is executed.
15:16:40 INFO  : ----------------XSDB Script (After Launch)----------------
targets -set -nocase -filter {name =~ "ARM*#0" && jtag_cable_name =~ "Digilent JTAG-HS2 210249854606A"} -index 0
con
----------------End of Script----------------

15:16:40 INFO  : Disconnected from the channel tcfchan#5.
15:18:08 INFO  : Connected to target on host '127.0.0.1' and port '3121'.
15:18:08 INFO  : 'targets -set -filter {jtag_cable_name =~ "Digilent JTAG-HS2 210249854606A" && level==0} -index 1' command is executed.
15:18:12 INFO  : FPGA configured successfully with bitstream "C:/ecg_full_release/project_1/project_1.sdk/design_1_wrapper_hw_platform_0/design_1_wrapper.bit"
15:18:23 INFO  : 'targets -set -filter {jtag_cable_name =~ "Digilent JTAG-HS2 210249854606A" && level==0} -index 1' command is executed.
15:18:23 INFO  : 'fpga -state' command is executed.
15:18:23 INFO  : Connected to target on host '127.0.0.1' and port '3121'.
15:18:23 INFO  : Jtag cable 'Digilent JTAG-HS2 210249854606A' is selected.
15:18:23 INFO  : 'jtag frequency' command is executed.
15:18:23 INFO  : Sourcing of 'C:/ecg_full_release/project_1/project_1.sdk/design_1_wrapper_hw_platform_1/ps7_init.tcl' is done.
15:18:23 INFO  : Context for 'APU' is selected.
15:18:23 INFO  : Hardware design information is loaded from 'C:/ecg_full_release/project_1/project_1.sdk/design_1_wrapper_hw_platform_1/system.hdf'.
15:18:23 INFO  : 'configparams force-mem-access 1' command is executed.
15:18:23 INFO  : Context for 'APU' is selected.
15:18:23 INFO  : 'stop' command is executed.
15:18:24 INFO  : 'ps7_init' command is executed.
15:18:24 INFO  : 'ps7_post_config' command is executed.
15:18:24 INFO  : Context for processor 'ps7_cortexa9_0' is selected.
15:18:24 INFO  : Processor reset is completed for 'ps7_cortexa9_0'.
15:18:24 INFO  : Context for processor 'ps7_cortexa9_0' is selected.
15:18:27 INFO  : The application 'C:/ecg_full_release/project_1/project_1.sdk/2026_3_29/Debug/2026_3_29.elf' is downloaded to processor 'ps7_cortexa9_0'.
15:18:27 INFO  : 'configparams force-mem-access 0' command is executed.
15:18:27 INFO  : ----------------XSDB Script----------------
connect -url tcp:127.0.0.1:3121
source C:/ecg_full_release/project_1/project_1.sdk/design_1_wrapper_hw_platform_1/ps7_init.tcl
targets -set -nocase -filter {name =~"APU*" && jtag_cable_name =~ "Digilent JTAG-HS2 210249854606A"} -index 0
loadhw -hw C:/ecg_full_release/project_1/project_1.sdk/design_1_wrapper_hw_platform_1/system.hdf -mem-ranges [list {0x40000000 0xbfffffff}]
configparams force-mem-access 1
targets -set -nocase -filter {name =~"APU*" && jtag_cable_name =~ "Digilent JTAG-HS2 210249854606A"} -index 0
stop
ps7_init
ps7_post_config
targets -set -nocase -filter {name =~ "ARM*#0" && jtag_cable_name =~ "Digilent JTAG-HS2 210249854606A"} -index 0
rst -processor
targets -set -nocase -filter {name =~ "ARM*#0" && jtag_cable_name =~ "Digilent JTAG-HS2 210249854606A"} -index 0
dow C:/ecg_full_release/project_1/project_1.sdk/2026_3_29/Debug/2026_3_29.elf
configparams force-mem-access 0
----------------End of Script----------------

15:18:27 INFO  : Context for processor 'ps7_cortexa9_0' is selected.
15:18:27 INFO  : 'con' command is executed.
15:18:27 INFO  : ----------------XSDB Script (After Launch)----------------
targets -set -nocase -filter {name =~ "ARM*#0" && jtag_cable_name =~ "Digilent JTAG-HS2 210249854606A"} -index 0
con
----------------End of Script----------------

15:18:27 INFO  : Disconnected from the channel tcfchan#6.
15:41:35 INFO  : No changes in MSS file content so not generating sources.
15:43:56 INFO  : Connected to target on host '127.0.0.1' and port '3121'.
15:43:56 INFO  : 'targets -set -filter {jtag_cable_name =~ "Digilent JTAG-HS2 210249854606A" && level==0} -index 1' command is executed.
15:43:59 INFO  : FPGA configured successfully with bitstream "C:/ecg_full_release/project_1/project_1.sdk/design_1_wrapper_hw_platform_0/design_1_wrapper.bit"
15:49:31 INFO  : Registering command handlers for SDK TCF services
15:49:32 INFO  : Launching XSCT server: xsct.bat -interactive C:\ecg_full_release\project_1\project_1.sdk\temp_xsdb_launch_script.tcl
15:49:35 INFO  : XSCT server has started successfully.
15:49:42 INFO  : Successfully done setting XSCT server connection channel  
15:49:42 INFO  : Successfully done setting SDK workspace  
15:49:42 INFO  : Processing command line option -hwspec C:/ecg_full_release/project_1/project_1.sdk/design_1_wrapper.hdf.
15:49:42 INFO  : Checking for hwspec changes in the project design_1_wrapper_hw_platform_1.
15:55:48 INFO  : No changes in MSS file content so not generating sources.
15:56:29 INFO  : No changes in MSS file content so not generating sources.
15:57:17 INFO  : No changes in MSS file content so not generating sources.
16:03:19 INFO  : Connected to target on host '127.0.0.1' and port '3121'.
16:03:20 INFO  : 'targets -set -filter {jtag_cable_name =~ "Digilent JTAG-HS2 210249854606A" && level==0} -index 1' command is executed.
16:03:23 INFO  : FPGA configured successfully with bitstream "C:/ecg_full_release/project_1/project_1.sdk/design_1_wrapper_hw_platform_0/design_1_wrapper.bit"
16:03:32 INFO  : 'targets -set -filter {jtag_cable_name =~ "Digilent JTAG-HS2 210249854606A" && level==0} -index 1' command is executed.
16:03:32 INFO  : 'fpga -state' command is executed.
16:03:32 INFO  : Connected to target on host '127.0.0.1' and port '3121'.
16:03:32 INFO  : Jtag cable 'Digilent JTAG-HS2 210249854606A' is selected.
16:03:32 INFO  : 'jtag frequency' command is executed.
16:03:33 INFO  : Sourcing of 'C:/ecg_full_release/project_1/project_1.sdk/design_1_wrapper_hw_platform_0/ps7_init.tcl' is done.
16:03:33 INFO  : Context for 'APU' is selected.
16:03:33 INFO  : Hardware design information is loaded from 'C:/ecg_full_release/project_1/project_1.sdk/design_1_wrapper_hw_platform_0/system.hdf'.
16:03:33 INFO  : 'configparams force-mem-access 1' command is executed.
16:03:33 INFO  : Context for 'APU' is selected.
16:03:33 INFO  : 'stop' command is executed.
16:03:33 INFO  : 'ps7_init' command is executed.
16:03:33 INFO  : 'ps7_post_config' command is executed.
16:03:33 INFO  : Context for processor 'ps7_cortexa9_0' is selected.
16:03:33 INFO  : Processor reset is completed for 'ps7_cortexa9_0'.
16:03:33 INFO  : Context for processor 'ps7_cortexa9_0' is selected.
16:03:36 INFO  : The application 'C:/ecg_full_release/project_1/project_1.sdk/2026_3_29/Debug/2026_3_29.elf' is downloaded to processor 'ps7_cortexa9_0'.
16:03:36 INFO  : 'configparams force-mem-access 0' command is executed.
16:03:36 INFO  : ----------------XSDB Script----------------
connect -url tcp:127.0.0.1:3121
source C:/ecg_full_release/project_1/project_1.sdk/design_1_wrapper_hw_platform_0/ps7_init.tcl
targets -set -nocase -filter {name =~"APU*" && jtag_cable_name =~ "Digilent JTAG-HS2 210249854606A"} -index 0
loadhw -hw C:/ecg_full_release/project_1/project_1.sdk/design_1_wrapper_hw_platform_0/system.hdf -mem-ranges [list {0x40000000 0xbfffffff}]
configparams force-mem-access 1
targets -set -nocase -filter {name =~"APU*" && jtag_cable_name =~ "Digilent JTAG-HS2 210249854606A"} -index 0
stop
ps7_init
ps7_post_config
targets -set -nocase -filter {name =~ "ARM*#0" && jtag_cable_name =~ "Digilent JTAG-HS2 210249854606A"} -index 0
rst -processor
targets -set -nocase -filter {name =~ "ARM*#0" && jtag_cable_name =~ "Digilent JTAG-HS2 210249854606A"} -index 0
dow C:/ecg_full_release/project_1/project_1.sdk/2026_3_29/Debug/2026_3_29.elf
configparams force-mem-access 0
----------------End of Script----------------

16:03:36 INFO  : Context for processor 'ps7_cortexa9_0' is selected.
16:03:36 INFO  : 'con' command is executed.
16:03:36 INFO  : ----------------XSDB Script (After Launch)----------------
targets -set -nocase -filter {name =~ "ARM*#0" && jtag_cable_name =~ "Digilent JTAG-HS2 210249854606A"} -index 0
con
----------------End of Script----------------

16:03:36 INFO  : Disconnected from the channel tcfchan#1.
16:04:37 INFO  : Connected to target on host '127.0.0.1' and port '3121'.
16:04:37 INFO  : 'targets -set -filter {jtag_cable_name =~ "Digilent JTAG-HS2 210249854606A" && level==0} -index 1' command is executed.
16:04:41 INFO  : FPGA configured successfully with bitstream "C:/ecg_full_release/project_1/project_1.sdk/design_1_wrapper_hw_platform_0/design_1_wrapper.bit"
16:04:52 INFO  : 'targets -set -filter {jtag_cable_name =~ "Digilent JTAG-HS2 210249854606A" && level==0} -index 1' command is executed.
16:04:52 INFO  : 'fpga -state' command is executed.
16:04:52 INFO  : Connected to target on host '127.0.0.1' and port '3121'.
16:04:52 INFO  : Jtag cable 'Digilent JTAG-HS2 210249854606A' is selected.
16:04:52 INFO  : 'jtag frequency' command is executed.
16:04:52 INFO  : Sourcing of 'C:/ecg_full_release/project_1/project_1.sdk/design_1_wrapper_hw_platform_0/ps7_init.tcl' is done.
16:04:52 INFO  : Context for 'APU' is selected.
16:04:52 INFO  : Hardware design information is loaded from 'C:/ecg_full_release/project_1/project_1.sdk/design_1_wrapper_hw_platform_0/system.hdf'.
16:04:52 INFO  : 'configparams force-mem-access 1' command is executed.
16:04:52 INFO  : Context for 'APU' is selected.
16:04:53 INFO  : 'stop' command is executed.
16:04:53 INFO  : 'ps7_init' command is executed.
16:04:53 INFO  : 'ps7_post_config' command is executed.
16:04:53 INFO  : Context for processor 'ps7_cortexa9_0' is selected.
16:04:53 INFO  : Processor reset is completed for 'ps7_cortexa9_0'.
16:04:53 INFO  : Context for processor 'ps7_cortexa9_0' is selected.
16:04:56 INFO  : The application 'C:/ecg_full_release/project_1/project_1.sdk/2026_3_29/Debug/2026_3_29.elf' is downloaded to processor 'ps7_cortexa9_0'.
16:04:56 INFO  : 'configparams force-mem-access 0' command is executed.
16:04:56 INFO  : ----------------XSDB Script----------------
connect -url tcp:127.0.0.1:3121
source C:/ecg_full_release/project_1/project_1.sdk/design_1_wrapper_hw_platform_0/ps7_init.tcl
targets -set -nocase -filter {name =~"APU*" && jtag_cable_name =~ "Digilent JTAG-HS2 210249854606A"} -index 0
loadhw -hw C:/ecg_full_release/project_1/project_1.sdk/design_1_wrapper_hw_platform_0/system.hdf -mem-ranges [list {0x40000000 0xbfffffff}]
configparams force-mem-access 1
targets -set -nocase -filter {name =~"APU*" && jtag_cable_name =~ "Digilent JTAG-HS2 210249854606A"} -index 0
stop
ps7_init
ps7_post_config
targets -set -nocase -filter {name =~ "ARM*#0" && jtag_cable_name =~ "Digilent JTAG-HS2 210249854606A"} -index 0
rst -processor
targets -set -nocase -filter {name =~ "ARM*#0" && jtag_cable_name =~ "Digilent JTAG-HS2 210249854606A"} -index 0
dow C:/ecg_full_release/project_1/project_1.sdk/2026_3_29/Debug/2026_3_29.elf
configparams force-mem-access 0
----------------End of Script----------------

16:04:56 INFO  : Context for processor 'ps7_cortexa9_0' is selected.
16:04:56 INFO  : 'con' command is executed.
16:04:56 INFO  : ----------------XSDB Script (After Launch)----------------
targets -set -nocase -filter {name =~ "ARM*#0" && jtag_cable_name =~ "Digilent JTAG-HS2 210249854606A"} -index 0
con
----------------End of Script----------------

16:04:56 INFO  : Disconnected from the channel tcfchan#2.
16:06:00 INFO  : Connected to target on host '127.0.0.1' and port '3121'.
16:06:00 INFO  : 'targets -set -filter {jtag_cable_name =~ "Digilent JTAG-HS2 210249854606A" && level==0} -index 1' command is executed.
16:06:04 INFO  : FPGA configured successfully with bitstream "C:/ecg_full_release/project_1/project_1.sdk/design_1_wrapper_hw_platform_0/design_1_wrapper.bit"
16:06:14 INFO  : 'targets -set -filter {jtag_cable_name =~ "Digilent JTAG-HS2 210249854606A" && level==0} -index 1' command is executed.
16:06:14 INFO  : 'fpga -state' command is executed.
16:06:14 INFO  : Connected to target on host '127.0.0.1' and port '3121'.
16:06:14 INFO  : Jtag cable 'Digilent JTAG-HS2 210249854606A' is selected.
16:06:14 INFO  : 'jtag frequency' command is executed.
16:06:14 INFO  : Sourcing of 'C:/ecg_full_release/project_1/project_1.sdk/design_1_wrapper_hw_platform_0/ps7_init.tcl' is done.
16:06:14 INFO  : Context for 'APU' is selected.
16:06:14 INFO  : Hardware design information is loaded from 'C:/ecg_full_release/project_1/project_1.sdk/design_1_wrapper_hw_platform_0/system.hdf'.
16:06:14 INFO  : 'configparams force-mem-access 1' command is executed.
16:06:14 INFO  : Context for 'APU' is selected.
16:06:15 INFO  : 'stop' command is executed.
16:06:15 INFO  : 'ps7_init' command is executed.
16:06:15 INFO  : 'ps7_post_config' command is executed.
16:06:15 INFO  : Context for processor 'ps7_cortexa9_0' is selected.
16:06:15 INFO  : Processor reset is completed for 'ps7_cortexa9_0'.
16:06:15 INFO  : Context for processor 'ps7_cortexa9_0' is selected.
16:06:18 INFO  : The application 'C:/ecg_full_release/project_1/project_1.sdk/2026_3_29/Debug/2026_3_29.elf' is downloaded to processor 'ps7_cortexa9_0'.
16:06:18 INFO  : 'configparams force-mem-access 0' command is executed.
16:06:18 INFO  : ----------------XSDB Script----------------
connect -url tcp:127.0.0.1:3121
source C:/ecg_full_release/project_1/project_1.sdk/design_1_wrapper_hw_platform_0/ps7_init.tcl
targets -set -nocase -filter {name =~"APU*" && jtag_cable_name =~ "Digilent JTAG-HS2 210249854606A"} -index 0
loadhw -hw C:/ecg_full_release/project_1/project_1.sdk/design_1_wrapper_hw_platform_0/system.hdf -mem-ranges [list {0x40000000 0xbfffffff}]
configparams force-mem-access 1
targets -set -nocase -filter {name =~"APU*" && jtag_cable_name =~ "Digilent JTAG-HS2 210249854606A"} -index 0
stop
ps7_init
ps7_post_config
targets -set -nocase -filter {name =~ "ARM*#0" && jtag_cable_name =~ "Digilent JTAG-HS2 210249854606A"} -index 0
rst -processor
targets -set -nocase -filter {name =~ "ARM*#0" && jtag_cable_name =~ "Digilent JTAG-HS2 210249854606A"} -index 0
dow C:/ecg_full_release/project_1/project_1.sdk/2026_3_29/Debug/2026_3_29.elf
configparams force-mem-access 0
----------------End of Script----------------

16:06:18 INFO  : Context for processor 'ps7_cortexa9_0' is selected.
16:06:18 INFO  : 'con' command is executed.
16:06:18 INFO  : ----------------XSDB Script (After Launch)----------------
targets -set -nocase -filter {name =~ "ARM*#0" && jtag_cable_name =~ "Digilent JTAG-HS2 210249854606A"} -index 0
con
----------------End of Script----------------

16:06:18 INFO  : Disconnected from the channel tcfchan#3.
21:32:22 INFO  : Registering command handlers for SDK TCF services
21:32:22 INFO  : Launching XSCT server: xsct.bat -interactive C:\ecg_full_release\project_1\project_1.sdk\temp_xsdb_launch_script.tcl
21:32:25 INFO  : XSCT server has started successfully.
21:32:32 INFO  : Successfully done setting XSCT server connection channel  
21:32:32 INFO  : Successfully done setting SDK workspace  
21:32:32 INFO  : Processing command line option -hwspec C:/ecg_full_release/project_1/project_1.sdk/design_1_wrapper.hdf.
21:32:32 INFO  : Checking for hwspec changes in the project design_1_wrapper_hw_platform_1.
21:56:04 INFO  : Connected to target on host '127.0.0.1' and port '3121'.
21:56:04 INFO  : 'targets -set -filter {jtag_cable_name =~ "Digilent JTAG-HS2 210249854606A" && level==0} -index 1' command is executed.
21:56:07 INFO  : FPGA configured successfully with bitstream "C:/ecg_full_release/project_1/project_1.sdk/design_1_wrapper_hw_platform_0/design_1_wrapper.bit"
21:56:15 INFO  : 'targets -set -filter {jtag_cable_name =~ "Digilent JTAG-HS2 210249854606A" && level==0} -index 1' command is executed.
21:56:15 INFO  : 'fpga -state' command is executed.
21:56:15 INFO  : Connected to target on host '127.0.0.1' and port '3121'.
21:56:15 INFO  : Jtag cable 'Digilent JTAG-HS2 210249854606A' is selected.
21:56:15 INFO  : 'jtag frequency' command is executed.
21:56:15 INFO  : Sourcing of 'C:/ecg_full_release/project_1/project_1.sdk/design_1_wrapper_hw_platform_0/ps7_init.tcl' is done.
21:56:15 INFO  : Context for 'APU' is selected.
21:56:15 INFO  : Hardware design information is loaded from 'C:/ecg_full_release/project_1/project_1.sdk/design_1_wrapper_hw_platform_0/system.hdf'.
21:56:15 INFO  : 'configparams force-mem-access 1' command is executed.
21:56:15 INFO  : Context for 'APU' is selected.
21:56:15 INFO  : 'stop' command is executed.
21:56:15 INFO  : 'ps7_init' command is executed.
21:56:15 INFO  : 'ps7_post_config' command is executed.
21:56:15 INFO  : Context for processor 'ps7_cortexa9_0' is selected.
21:56:15 INFO  : Processor reset is completed for 'ps7_cortexa9_0'.
21:56:15 INFO  : Context for processor 'ps7_cortexa9_0' is selected.
21:56:21 INFO  : The application 'C:/ecg_full_release/project_1/project_1.sdk/2026_3_29/Debug/2026_3_29.elf' is downloaded to processor 'ps7_cortexa9_0'.
21:56:21 INFO  : 'configparams force-mem-access 0' command is executed.
21:56:21 INFO  : ----------------XSDB Script----------------
connect -url tcp:127.0.0.1:3121
source C:/ecg_full_release/project_1/project_1.sdk/design_1_wrapper_hw_platform_0/ps7_init.tcl
targets -set -nocase -filter {name =~"APU*" && jtag_cable_name =~ "Digilent JTAG-HS2 210249854606A"} -index 0
loadhw -hw C:/ecg_full_release/project_1/project_1.sdk/design_1_wrapper_hw_platform_0/system.hdf -mem-ranges [list {0x40000000 0xbfffffff}]
configparams force-mem-access 1
targets -set -nocase -filter {name =~"APU*" && jtag_cable_name =~ "Digilent JTAG-HS2 210249854606A"} -index 0
stop
ps7_init
ps7_post_config
targets -set -nocase -filter {name =~ "ARM*#0" && jtag_cable_name =~ "Digilent JTAG-HS2 210249854606A"} -index 0
rst -processor
targets -set -nocase -filter {name =~ "ARM*#0" && jtag_cable_name =~ "Digilent JTAG-HS2 210249854606A"} -index 0
dow C:/ecg_full_release/project_1/project_1.sdk/2026_3_29/Debug/2026_3_29.elf
configparams force-mem-access 0
----------------End of Script----------------

21:56:21 INFO  : Context for processor 'ps7_cortexa9_0' is selected.
21:56:21 INFO  : 'con' command is executed.
21:56:21 INFO  : ----------------XSDB Script (After Launch)----------------
targets -set -nocase -filter {name =~ "ARM*#0" && jtag_cable_name =~ "Digilent JTAG-HS2 210249854606A"} -index 0
con
----------------End of Script----------------

21:56:21 INFO  : Disconnected from the channel tcfchan#1.
23:09:00 INFO  : Connected to target on host '127.0.0.1' and port '3121'.
23:09:00 INFO  : 'targets -set -filter {jtag_cable_name =~ "Digilent JTAG-HS2 210249854606A" && level==0} -index 1' command is executed.
23:09:04 INFO  : FPGA configured successfully with bitstream "C:/ecg_full_release/project_1/project_1.sdk/design_1_wrapper_hw_platform_0/design_1_wrapper.bit"
23:09:10 INFO  : 'targets -set -filter {jtag_cable_name =~ "Digilent JTAG-HS2 210249854606A" && level==0} -index 1' command is executed.
23:09:10 INFO  : 'fpga -state' command is executed.
23:09:10 INFO  : Connected to target on host '127.0.0.1' and port '3121'.
23:09:10 INFO  : Jtag cable 'Digilent JTAG-HS2 210249854606A' is selected.
23:09:10 INFO  : 'jtag frequency' command is executed.
23:09:10 INFO  : Sourcing of 'C:/ecg_full_release/project_1/project_1.sdk/design_1_wrapper_hw_platform_0/ps7_init.tcl' is done.
23:09:10 INFO  : Context for 'APU' is selected.
23:09:10 INFO  : Hardware design information is loaded from 'C:/ecg_full_release/project_1/project_1.sdk/design_1_wrapper_hw_platform_0/system.hdf'.
23:09:10 INFO  : 'configparams force-mem-access 1' command is executed.
23:09:10 INFO  : Context for 'APU' is selected.
23:09:10 INFO  : 'stop' command is executed.
23:09:10 INFO  : 'ps7_init' command is executed.
23:09:10 INFO  : 'ps7_post_config' command is executed.
23:09:10 INFO  : Context for processor 'ps7_cortexa9_0' is selected.
23:09:10 INFO  : Processor reset is completed for 'ps7_cortexa9_0'.
23:09:10 INFO  : Context for processor 'ps7_cortexa9_0' is selected.
23:09:16 INFO  : The application 'C:/ecg_full_release/project_1/project_1.sdk/2026_3_29/Debug/2026_3_29.elf' is downloaded to processor 'ps7_cortexa9_0'.
23:09:16 INFO  : 'configparams force-mem-access 0' command is executed.
23:09:16 INFO  : ----------------XSDB Script----------------
connect -url tcp:127.0.0.1:3121
source C:/ecg_full_release/project_1/project_1.sdk/design_1_wrapper_hw_platform_0/ps7_init.tcl
targets -set -nocase -filter {name =~"APU*" && jtag_cable_name =~ "Digilent JTAG-HS2 210249854606A"} -index 0
loadhw -hw C:/ecg_full_release/project_1/project_1.sdk/design_1_wrapper_hw_platform_0/system.hdf -mem-ranges [list {0x40000000 0xbfffffff}]
configparams force-mem-access 1
targets -set -nocase -filter {name =~"APU*" && jtag_cable_name =~ "Digilent JTAG-HS2 210249854606A"} -index 0
stop
ps7_init
ps7_post_config
targets -set -nocase -filter {name =~ "ARM*#0" && jtag_cable_name =~ "Digilent JTAG-HS2 210249854606A"} -index 0
rst -processor
targets -set -nocase -filter {name =~ "ARM*#0" && jtag_cable_name =~ "Digilent JTAG-HS2 210249854606A"} -index 0
dow C:/ecg_full_release/project_1/project_1.sdk/2026_3_29/Debug/2026_3_29.elf
configparams force-mem-access 0
----------------End of Script----------------

23:09:16 INFO  : Context for processor 'ps7_cortexa9_0' is selected.
23:09:16 INFO  : 'con' command is executed.
23:09:16 INFO  : ----------------XSDB Script (After Launch)----------------
targets -set -nocase -filter {name =~ "ARM*#0" && jtag_cable_name =~ "Digilent JTAG-HS2 210249854606A"} -index 0
con
----------------End of Script----------------

23:09:16 INFO  : Disconnected from the channel tcfchan#2.
23:14:12 INFO  : Connected to target on host '127.0.0.1' and port '3121'.
23:14:12 INFO  : 'targets -set -filter {jtag_cable_name =~ "Digilent JTAG-HS2 210249854606A" && level==0} -index 1' command is executed.
23:14:16 INFO  : FPGA configured successfully with bitstream "C:/ecg_full_release/project_1/project_1.sdk/design_1_wrapper_hw_platform_0/design_1_wrapper.bit"
23:14:30 INFO  : 'targets -set -filter {jtag_cable_name =~ "Digilent JTAG-HS2 210249854606A" && level==0} -index 1' command is executed.
23:14:30 INFO  : 'fpga -state' command is executed.
23:14:30 INFO  : Connected to target on host '127.0.0.1' and port '3121'.
23:14:30 INFO  : Jtag cable 'Digilent JTAG-HS2 210249854606A' is selected.
23:14:30 INFO  : 'jtag frequency' command is executed.
23:14:30 INFO  : Sourcing of 'C:/ecg_full_release/project_1/project_1.sdk/design_1_wrapper_hw_platform_0/ps7_init.tcl' is done.
23:14:30 INFO  : Context for 'APU' is selected.
23:14:30 INFO  : Hardware design information is loaded from 'C:/ecg_full_release/project_1/project_1.sdk/design_1_wrapper_hw_platform_0/system.hdf'.
23:14:30 INFO  : 'configparams force-mem-access 1' command is executed.
23:14:30 INFO  : Context for 'APU' is selected.
23:14:30 INFO  : 'stop' command is executed.
23:14:31 INFO  : 'ps7_init' command is executed.
23:14:31 INFO  : 'ps7_post_config' command is executed.
23:14:31 INFO  : Context for processor 'ps7_cortexa9_0' is selected.
23:14:31 INFO  : Processor reset is completed for 'ps7_cortexa9_0'.
23:14:31 INFO  : Context for processor 'ps7_cortexa9_0' is selected.
23:14:37 INFO  : The application 'C:/ecg_full_release/project_1/project_1.sdk/2026_3_29/Debug/2026_3_29.elf' is downloaded to processor 'ps7_cortexa9_0'.
23:14:37 INFO  : 'configparams force-mem-access 0' command is executed.
23:14:37 INFO  : ----------------XSDB Script----------------
connect -url tcp:127.0.0.1:3121
source C:/ecg_full_release/project_1/project_1.sdk/design_1_wrapper_hw_platform_0/ps7_init.tcl
targets -set -nocase -filter {name =~"APU*" && jtag_cable_name =~ "Digilent JTAG-HS2 210249854606A"} -index 0
loadhw -hw C:/ecg_full_release/project_1/project_1.sdk/design_1_wrapper_hw_platform_0/system.hdf -mem-ranges [list {0x40000000 0xbfffffff}]
configparams force-mem-access 1
targets -set -nocase -filter {name =~"APU*" && jtag_cable_name =~ "Digilent JTAG-HS2 210249854606A"} -index 0
stop
ps7_init
ps7_post_config
targets -set -nocase -filter {name =~ "ARM*#0" && jtag_cable_name =~ "Digilent JTAG-HS2 210249854606A"} -index 0
rst -processor
targets -set -nocase -filter {name =~ "ARM*#0" && jtag_cable_name =~ "Digilent JTAG-HS2 210249854606A"} -index 0
dow C:/ecg_full_release/project_1/project_1.sdk/2026_3_29/Debug/2026_3_29.elf
configparams force-mem-access 0
----------------End of Script----------------

23:14:37 INFO  : Context for processor 'ps7_cortexa9_0' is selected.
23:14:37 INFO  : 'con' command is executed.
23:14:37 INFO  : ----------------XSDB Script (After Launch)----------------
targets -set -nocase -filter {name =~ "ARM*#0" && jtag_cable_name =~ "Digilent JTAG-HS2 210249854606A"} -index 0
con
----------------End of Script----------------

23:14:37 INFO  : Disconnected from the channel tcfchan#3.
23:18:03 INFO  : Connected to target on host '127.0.0.1' and port '3121'.
23:18:04 INFO  : 'targets -set -filter {jtag_cable_name =~ "Digilent JTAG-HS2 210249854606A" && level==0} -index 1' command is executed.
23:18:07 INFO  : FPGA configured successfully with bitstream "C:/ecg_full_release/project_1/project_1.sdk/design_1_wrapper_hw_platform_0/design_1_wrapper.bit"
23:18:14 INFO  : 'targets -set -filter {jtag_cable_name =~ "Digilent JTAG-HS2 210249854606A" && level==0} -index 1' command is executed.
23:18:14 INFO  : 'fpga -state' command is executed.
23:18:14 INFO  : Connected to target on host '127.0.0.1' and port '3121'.
23:18:14 INFO  : Jtag cable 'Digilent JTAG-HS2 210249854606A' is selected.
23:18:14 INFO  : 'jtag frequency' command is executed.
23:18:14 INFO  : Sourcing of 'C:/ecg_full_release/project_1/project_1.sdk/design_1_wrapper_hw_platform_0/ps7_init.tcl' is done.
23:18:14 INFO  : Context for 'APU' is selected.
23:18:14 INFO  : Hardware design information is loaded from 'C:/ecg_full_release/project_1/project_1.sdk/design_1_wrapper_hw_platform_0/system.hdf'.
23:18:14 INFO  : 'configparams force-mem-access 1' command is executed.
23:18:14 INFO  : Context for 'APU' is selected.
23:18:14 INFO  : 'stop' command is executed.
23:18:14 INFO  : 'ps7_init' command is executed.
23:18:14 INFO  : 'ps7_post_config' command is executed.
23:18:15 INFO  : Context for processor 'ps7_cortexa9_0' is selected.
23:18:15 INFO  : Processor reset is completed for 'ps7_cortexa9_0'.
23:18:15 INFO  : Context for processor 'ps7_cortexa9_0' is selected.
23:18:20 INFO  : The application 'C:/ecg_full_release/project_1/project_1.sdk/2026_3_29/Debug/2026_3_29.elf' is downloaded to processor 'ps7_cortexa9_0'.
23:18:20 INFO  : 'configparams force-mem-access 0' command is executed.
23:18:20 INFO  : ----------------XSDB Script----------------
connect -url tcp:127.0.0.1:3121
source C:/ecg_full_release/project_1/project_1.sdk/design_1_wrapper_hw_platform_0/ps7_init.tcl
targets -set -nocase -filter {name =~"APU*" && jtag_cable_name =~ "Digilent JTAG-HS2 210249854606A"} -index 0
loadhw -hw C:/ecg_full_release/project_1/project_1.sdk/design_1_wrapper_hw_platform_0/system.hdf -mem-ranges [list {0x40000000 0xbfffffff}]
configparams force-mem-access 1
targets -set -nocase -filter {name =~"APU*" && jtag_cable_name =~ "Digilent JTAG-HS2 210249854606A"} -index 0
stop
ps7_init
ps7_post_config
targets -set -nocase -filter {name =~ "ARM*#0" && jtag_cable_name =~ "Digilent JTAG-HS2 210249854606A"} -index 0
rst -processor
targets -set -nocase -filter {name =~ "ARM*#0" && jtag_cable_name =~ "Digilent JTAG-HS2 210249854606A"} -index 0
dow C:/ecg_full_release/project_1/project_1.sdk/2026_3_29/Debug/2026_3_29.elf
configparams force-mem-access 0
----------------End of Script----------------

23:18:20 INFO  : Context for processor 'ps7_cortexa9_0' is selected.
23:18:20 INFO  : 'con' command is executed.
23:18:20 INFO  : ----------------XSDB Script (After Launch)----------------
targets -set -nocase -filter {name =~ "ARM*#0" && jtag_cable_name =~ "Digilent JTAG-HS2 210249854606A"} -index 0
con
----------------End of Script----------------

23:18:20 INFO  : Disconnected from the channel tcfchan#4.
23:21:50 INFO  : Connected to target on host '127.0.0.1' and port '3121'.
23:21:50 INFO  : 'targets -set -filter {jtag_cable_name =~ "Digilent JTAG-HS2 210249854606A" && level==0} -index 1' command is executed.
23:21:54 INFO  : FPGA configured successfully with bitstream "C:/ecg_full_release/project_1/project_1.sdk/design_1_wrapper_hw_platform_0/design_1_wrapper.bit"
23:22:00 INFO  : 'targets -set -filter {jtag_cable_name =~ "Digilent JTAG-HS2 210249854606A" && level==0} -index 1' command is executed.
23:22:00 INFO  : 'fpga -state' command is executed.
23:22:00 INFO  : Connected to target on host '127.0.0.1' and port '3121'.
23:22:00 INFO  : Jtag cable 'Digilent JTAG-HS2 210249854606A' is selected.
23:22:00 INFO  : 'jtag frequency' command is executed.
23:22:00 INFO  : Sourcing of 'C:/ecg_full_release/project_1/project_1.sdk/design_1_wrapper_hw_platform_0/ps7_init.tcl' is done.
23:22:00 INFO  : Context for 'APU' is selected.
23:22:00 INFO  : Hardware design information is loaded from 'C:/ecg_full_release/project_1/project_1.sdk/design_1_wrapper_hw_platform_0/system.hdf'.
23:22:00 INFO  : 'configparams force-mem-access 1' command is executed.
23:22:00 INFO  : Context for 'APU' is selected.
23:22:00 INFO  : 'stop' command is executed.
23:22:00 INFO  : 'ps7_init' command is executed.
23:22:00 INFO  : 'ps7_post_config' command is executed.
23:22:01 INFO  : Context for processor 'ps7_cortexa9_0' is selected.
23:22:01 INFO  : Processor reset is completed for 'ps7_cortexa9_0'.
23:22:01 INFO  : Context for processor 'ps7_cortexa9_0' is selected.
23:22:06 INFO  : The application 'C:/ecg_full_release/project_1/project_1.sdk/2026_3_29/Debug/2026_3_29.elf' is downloaded to processor 'ps7_cortexa9_0'.
23:22:06 INFO  : 'configparams force-mem-access 0' command is executed.
23:22:06 INFO  : ----------------XSDB Script----------------
connect -url tcp:127.0.0.1:3121
source C:/ecg_full_release/project_1/project_1.sdk/design_1_wrapper_hw_platform_0/ps7_init.tcl
targets -set -nocase -filter {name =~"APU*" && jtag_cable_name =~ "Digilent JTAG-HS2 210249854606A"} -index 0
loadhw -hw C:/ecg_full_release/project_1/project_1.sdk/design_1_wrapper_hw_platform_0/system.hdf -mem-ranges [list {0x40000000 0xbfffffff}]
configparams force-mem-access 1
targets -set -nocase -filter {name =~"APU*" && jtag_cable_name =~ "Digilent JTAG-HS2 210249854606A"} -index 0
stop
ps7_init
ps7_post_config
targets -set -nocase -filter {name =~ "ARM*#0" && jtag_cable_name =~ "Digilent JTAG-HS2 210249854606A"} -index 0
rst -processor
targets -set -nocase -filter {name =~ "ARM*#0" && jtag_cable_name =~ "Digilent JTAG-HS2 210249854606A"} -index 0
dow C:/ecg_full_release/project_1/project_1.sdk/2026_3_29/Debug/2026_3_29.elf
configparams force-mem-access 0
----------------End of Script----------------

23:22:06 INFO  : Context for processor 'ps7_cortexa9_0' is selected.
23:22:07 INFO  : 'con' command is executed.
23:22:07 INFO  : ----------------XSDB Script (After Launch)----------------
targets -set -nocase -filter {name =~ "ARM*#0" && jtag_cable_name =~ "Digilent JTAG-HS2 210249854606A"} -index 0
con
----------------End of Script----------------

23:22:07 INFO  : Disconnected from the channel tcfchan#5.
23:29:54 INFO  : Connected to target on host '127.0.0.1' and port '3121'.
23:29:54 INFO  : 'targets -set -filter {jtag_cable_name =~ "Digilent JTAG-HS2 210249854606A" && level==0} -index 1' command is executed.
23:29:57 INFO  : FPGA configured successfully with bitstream "C:/ecg_full_release/project_1/project_1.sdk/design_1_wrapper_hw_platform_0/design_1_wrapper.bit"
23:30:04 INFO  : 'targets -set -filter {jtag_cable_name =~ "Digilent JTAG-HS2 210249854606A" && level==0} -index 1' command is executed.
23:30:04 INFO  : 'fpga -state' command is executed.
23:30:04 INFO  : Connected to target on host '127.0.0.1' and port '3121'.
23:30:04 INFO  : Jtag cable 'Digilent JTAG-HS2 210249854606A' is selected.
23:30:04 INFO  : 'jtag frequency' command is executed.
23:30:04 INFO  : Sourcing of 'C:/ecg_full_release/project_1/project_1.sdk/design_1_wrapper_hw_platform_0/ps7_init.tcl' is done.
23:30:04 INFO  : Context for 'APU' is selected.
23:30:04 INFO  : Hardware design information is loaded from 'C:/ecg_full_release/project_1/project_1.sdk/design_1_wrapper_hw_platform_0/system.hdf'.
23:30:04 INFO  : 'configparams force-mem-access 1' command is executed.
23:30:04 INFO  : Context for 'APU' is selected.
23:30:04 INFO  : 'stop' command is executed.
23:30:04 INFO  : 'ps7_init' command is executed.
23:30:04 INFO  : 'ps7_post_config' command is executed.
23:30:04 INFO  : Context for processor 'ps7_cortexa9_0' is selected.
23:30:04 INFO  : Processor reset is completed for 'ps7_cortexa9_0'.
23:30:04 INFO  : Context for processor 'ps7_cortexa9_0' is selected.
23:30:10 INFO  : The application 'C:/ecg_full_release/project_1/project_1.sdk/2026_3_29/Debug/2026_3_29.elf' is downloaded to processor 'ps7_cortexa9_0'.
23:30:10 INFO  : 'configparams force-mem-access 0' command is executed.
23:30:10 INFO  : ----------------XSDB Script----------------
connect -url tcp:127.0.0.1:3121
source C:/ecg_full_release/project_1/project_1.sdk/design_1_wrapper_hw_platform_0/ps7_init.tcl
targets -set -nocase -filter {name =~"APU*" && jtag_cable_name =~ "Digilent JTAG-HS2 210249854606A"} -index 0
loadhw -hw C:/ecg_full_release/project_1/project_1.sdk/design_1_wrapper_hw_platform_0/system.hdf -mem-ranges [list {0x40000000 0xbfffffff}]
configparams force-mem-access 1
targets -set -nocase -filter {name =~"APU*" && jtag_cable_name =~ "Digilent JTAG-HS2 210249854606A"} -index 0
stop
ps7_init
ps7_post_config
targets -set -nocase -filter {name =~ "ARM*#0" && jtag_cable_name =~ "Digilent JTAG-HS2 210249854606A"} -index 0
rst -processor
targets -set -nocase -filter {name =~ "ARM*#0" && jtag_cable_name =~ "Digilent JTAG-HS2 210249854606A"} -index 0
dow C:/ecg_full_release/project_1/project_1.sdk/2026_3_29/Debug/2026_3_29.elf
configparams force-mem-access 0
----------------End of Script----------------

23:30:10 INFO  : Context for processor 'ps7_cortexa9_0' is selected.
23:30:10 INFO  : 'con' command is executed.
23:30:10 INFO  : ----------------XSDB Script (After Launch)----------------
targets -set -nocase -filter {name =~ "ARM*#0" && jtag_cable_name =~ "Digilent JTAG-HS2 210249854606A"} -index 0
con
----------------End of Script----------------

23:30:10 INFO  : Disconnected from the channel tcfchan#6.
23:31:38 INFO  : Connected to target on host '127.0.0.1' and port '3121'.
23:31:38 INFO  : 'targets -set -filter {jtag_cable_name =~ "Digilent JTAG-HS2 210249854606A" && level==0} -index 1' command is executed.
23:31:41 INFO  : FPGA configured successfully with bitstream "C:/ecg_full_release/project_1/project_1.sdk/design_1_wrapper_hw_platform_0/design_1_wrapper.bit"
23:31:47 INFO  : 'targets -set -filter {jtag_cable_name =~ "Digilent JTAG-HS2 210249854606A" && level==0} -index 1' command is executed.
23:31:47 INFO  : 'fpga -state' command is executed.
23:31:47 INFO  : Connected to target on host '127.0.0.1' and port '3121'.
23:31:47 INFO  : Jtag cable 'Digilent JTAG-HS2 210249854606A' is selected.
23:31:47 INFO  : 'jtag frequency' command is executed.
23:31:47 INFO  : Sourcing of 'C:/ecg_full_release/project_1/project_1.sdk/design_1_wrapper_hw_platform_0/ps7_init.tcl' is done.
23:31:47 INFO  : Context for 'APU' is selected.
23:31:47 INFO  : Hardware design information is loaded from 'C:/ecg_full_release/project_1/project_1.sdk/design_1_wrapper_hw_platform_0/system.hdf'.
23:31:47 INFO  : 'configparams force-mem-access 1' command is executed.
23:31:48 INFO  : Context for 'APU' is selected.
23:31:48 INFO  : 'stop' command is executed.
23:31:48 INFO  : 'ps7_init' command is executed.
23:31:48 INFO  : 'ps7_post_config' command is executed.
23:31:48 INFO  : Context for processor 'ps7_cortexa9_0' is selected.
23:31:48 INFO  : Processor reset is completed for 'ps7_cortexa9_0'.
23:31:48 INFO  : Context for processor 'ps7_cortexa9_0' is selected.
23:31:54 INFO  : The application 'C:/ecg_full_release/project_1/project_1.sdk/2026_3_29/Debug/2026_3_29.elf' is downloaded to processor 'ps7_cortexa9_0'.
23:31:54 INFO  : 'configparams force-mem-access 0' command is executed.
23:31:54 INFO  : ----------------XSDB Script----------------
connect -url tcp:127.0.0.1:3121
source C:/ecg_full_release/project_1/project_1.sdk/design_1_wrapper_hw_platform_0/ps7_init.tcl
targets -set -nocase -filter {name =~"APU*" && jtag_cable_name =~ "Digilent JTAG-HS2 210249854606A"} -index 0
loadhw -hw C:/ecg_full_release/project_1/project_1.sdk/design_1_wrapper_hw_platform_0/system.hdf -mem-ranges [list {0x40000000 0xbfffffff}]
configparams force-mem-access 1
targets -set -nocase -filter {name =~"APU*" && jtag_cable_name =~ "Digilent JTAG-HS2 210249854606A"} -index 0
stop
ps7_init
ps7_post_config
targets -set -nocase -filter {name =~ "ARM*#0" && jtag_cable_name =~ "Digilent JTAG-HS2 210249854606A"} -index 0
rst -processor
targets -set -nocase -filter {name =~ "ARM*#0" && jtag_cable_name =~ "Digilent JTAG-HS2 210249854606A"} -index 0
dow C:/ecg_full_release/project_1/project_1.sdk/2026_3_29/Debug/2026_3_29.elf
configparams force-mem-access 0
----------------End of Script----------------

23:31:54 INFO  : Context for processor 'ps7_cortexa9_0' is selected.
23:31:54 INFO  : 'con' command is executed.
23:31:54 INFO  : ----------------XSDB Script (After Launch)----------------
targets -set -nocase -filter {name =~ "ARM*#0" && jtag_cable_name =~ "Digilent JTAG-HS2 210249854606A"} -index 0
con
----------------End of Script----------------

23:31:54 INFO  : Disconnected from the channel tcfchan#7.
23:34:28 INFO  : Connected to target on host '127.0.0.1' and port '3121'.
23:34:29 INFO  : 'targets -set -filter {jtag_cable_name =~ "Digilent JTAG-HS2 210249854606A" && level==0} -index 1' command is executed.
23:34:32 INFO  : FPGA configured successfully with bitstream "C:/ecg_full_release/project_1/project_1.sdk/design_1_wrapper_hw_platform_0/design_1_wrapper.bit"
23:34:38 INFO  : 'targets -set -filter {jtag_cable_name =~ "Digilent JTAG-HS2 210249854606A" && level==0} -index 1' command is executed.
23:34:38 INFO  : 'fpga -state' command is executed.
23:34:38 INFO  : Connected to target on host '127.0.0.1' and port '3121'.
23:34:39 INFO  : Jtag cable 'Digilent JTAG-HS2 210249854606A' is selected.
23:34:39 INFO  : 'jtag frequency' command is executed.
23:34:39 INFO  : Sourcing of 'C:/ecg_full_release/project_1/project_1.sdk/design_1_wrapper_hw_platform_0/ps7_init.tcl' is done.
23:34:39 INFO  : Context for 'APU' is selected.
23:34:39 INFO  : Hardware design information is loaded from 'C:/ecg_full_release/project_1/project_1.sdk/design_1_wrapper_hw_platform_0/system.hdf'.
23:34:39 INFO  : 'configparams force-mem-access 1' command is executed.
23:34:39 INFO  : Context for 'APU' is selected.
23:34:39 INFO  : 'stop' command is executed.
23:34:39 INFO  : 'ps7_init' command is executed.
23:34:39 INFO  : 'ps7_post_config' command is executed.
23:34:39 INFO  : Context for processor 'ps7_cortexa9_0' is selected.
23:34:39 INFO  : Processor reset is completed for 'ps7_cortexa9_0'.
23:34:39 INFO  : Context for processor 'ps7_cortexa9_0' is selected.
23:34:45 INFO  : The application 'C:/ecg_full_release/project_1/project_1.sdk/2026_3_29/Debug/2026_3_29.elf' is downloaded to processor 'ps7_cortexa9_0'.
23:34:45 INFO  : 'configparams force-mem-access 0' command is executed.
23:34:45 INFO  : ----------------XSDB Script----------------
connect -url tcp:127.0.0.1:3121
source C:/ecg_full_release/project_1/project_1.sdk/design_1_wrapper_hw_platform_0/ps7_init.tcl
targets -set -nocase -filter {name =~"APU*" && jtag_cable_name =~ "Digilent JTAG-HS2 210249854606A"} -index 0
loadhw -hw C:/ecg_full_release/project_1/project_1.sdk/design_1_wrapper_hw_platform_0/system.hdf -mem-ranges [list {0x40000000 0xbfffffff}]
configparams force-mem-access 1
targets -set -nocase -filter {name =~"APU*" && jtag_cable_name =~ "Digilent JTAG-HS2 210249854606A"} -index 0
stop
ps7_init
ps7_post_config
targets -set -nocase -filter {name =~ "ARM*#0" && jtag_cable_name =~ "Digilent JTAG-HS2 210249854606A"} -index 0
rst -processor
targets -set -nocase -filter {name =~ "ARM*#0" && jtag_cable_name =~ "Digilent JTAG-HS2 210249854606A"} -index 0
dow C:/ecg_full_release/project_1/project_1.sdk/2026_3_29/Debug/2026_3_29.elf
configparams force-mem-access 0
----------------End of Script----------------

23:34:45 INFO  : Context for processor 'ps7_cortexa9_0' is selected.
23:34:45 INFO  : 'con' command is executed.
23:34:45 INFO  : ----------------XSDB Script (After Launch)----------------
targets -set -nocase -filter {name =~ "ARM*#0" && jtag_cable_name =~ "Digilent JTAG-HS2 210249854606A"} -index 0
con
----------------End of Script----------------

23:34:45 INFO  : Disconnected from the channel tcfchan#8.
23:41:06 INFO  : Connected to target on host '127.0.0.1' and port '3121'.
23:41:06 INFO  : 'targets -set -filter {jtag_cable_name =~ "Digilent JTAG-HS2 210249854606A" && level==0} -index 1' command is executed.
23:41:10 INFO  : FPGA configured successfully with bitstream "C:/ecg_full_release/project_1/project_1.sdk/design_1_wrapper_hw_platform_0/design_1_wrapper.bit"
23:41:18 INFO  : 'targets -set -filter {jtag_cable_name =~ "Digilent JTAG-HS2 210249854606A" && level==0} -index 1' command is executed.
23:41:18 INFO  : 'fpga -state' command is executed.
23:41:18 INFO  : Connected to target on host '127.0.0.1' and port '3121'.
23:41:18 INFO  : Jtag cable 'Digilent JTAG-HS2 210249854606A' is selected.
23:41:18 INFO  : 'jtag frequency' command is executed.
23:41:18 INFO  : Sourcing of 'C:/ecg_full_release/project_1/project_1.sdk/design_1_wrapper_hw_platform_0/ps7_init.tcl' is done.
23:41:18 INFO  : Context for 'APU' is selected.
23:41:18 INFO  : Hardware design information is loaded from 'C:/ecg_full_release/project_1/project_1.sdk/design_1_wrapper_hw_platform_0/system.hdf'.
23:41:18 INFO  : 'configparams force-mem-access 1' command is executed.
23:41:18 INFO  : Context for 'APU' is selected.
23:41:18 INFO  : 'stop' command is executed.
23:41:18 INFO  : 'ps7_init' command is executed.
23:41:18 INFO  : 'ps7_post_config' command is executed.
23:41:18 INFO  : Context for processor 'ps7_cortexa9_0' is selected.
23:41:18 INFO  : Processor reset is completed for 'ps7_cortexa9_0'.
23:41:18 INFO  : Context for processor 'ps7_cortexa9_0' is selected.
23:41:24 INFO  : The application 'C:/ecg_full_release/project_1/project_1.sdk/2026_3_29/Debug/2026_3_29.elf' is downloaded to processor 'ps7_cortexa9_0'.
23:41:24 INFO  : 'configparams force-mem-access 0' command is executed.
23:41:24 INFO  : ----------------XSDB Script----------------
connect -url tcp:127.0.0.1:3121
source C:/ecg_full_release/project_1/project_1.sdk/design_1_wrapper_hw_platform_0/ps7_init.tcl
targets -set -nocase -filter {name =~"APU*" && jtag_cable_name =~ "Digilent JTAG-HS2 210249854606A"} -index 0
loadhw -hw C:/ecg_full_release/project_1/project_1.sdk/design_1_wrapper_hw_platform_0/system.hdf -mem-ranges [list {0x40000000 0xbfffffff}]
configparams force-mem-access 1
targets -set -nocase -filter {name =~"APU*" && jtag_cable_name =~ "Digilent JTAG-HS2 210249854606A"} -index 0
stop
ps7_init
ps7_post_config
targets -set -nocase -filter {name =~ "ARM*#0" && jtag_cable_name =~ "Digilent JTAG-HS2 210249854606A"} -index 0
rst -processor
targets -set -nocase -filter {name =~ "ARM*#0" && jtag_cable_name =~ "Digilent JTAG-HS2 210249854606A"} -index 0
dow C:/ecg_full_release/project_1/project_1.sdk/2026_3_29/Debug/2026_3_29.elf
configparams force-mem-access 0
----------------End of Script----------------

23:41:24 INFO  : Context for processor 'ps7_cortexa9_0' is selected.
23:41:24 INFO  : 'con' command is executed.
23:41:24 INFO  : ----------------XSDB Script (After Launch)----------------
targets -set -nocase -filter {name =~ "ARM*#0" && jtag_cable_name =~ "Digilent JTAG-HS2 210249854606A"} -index 0
con
----------------End of Script----------------

23:41:24 INFO  : Disconnected from the channel tcfchan#9.
23:43:08 INFO  : Connected to target on host '127.0.0.1' and port '3121'.
23:43:08 INFO  : 'targets -set -filter {jtag_cable_name =~ "Digilent JTAG-HS2 210249854606A" && level==0} -index 1' command is executed.
23:43:12 INFO  : FPGA configured successfully with bitstream "C:/ecg_full_release/project_1/project_1.sdk/design_1_wrapper_hw_platform_0/design_1_wrapper.bit"
23:43:22 INFO  : 'targets -set -filter {jtag_cable_name =~ "Digilent JTAG-HS2 210249854606A" && level==0} -index 1' command is executed.
23:43:22 INFO  : 'fpga -state' command is executed.
23:43:22 INFO  : Connected to target on host '127.0.0.1' and port '3121'.
23:43:22 INFO  : Jtag cable 'Digilent JTAG-HS2 210249854606A' is selected.
23:43:22 INFO  : 'jtag frequency' command is executed.
23:43:22 INFO  : Sourcing of 'C:/ecg_full_release/project_1/project_1.sdk/design_1_wrapper_hw_platform_0/ps7_init.tcl' is done.
23:43:22 INFO  : Context for 'APU' is selected.
23:43:22 INFO  : Hardware design information is loaded from 'C:/ecg_full_release/project_1/project_1.sdk/design_1_wrapper_hw_platform_0/system.hdf'.
23:43:22 INFO  : 'configparams force-mem-access 1' command is executed.
23:43:22 INFO  : Context for 'APU' is selected.
23:43:22 INFO  : 'stop' command is executed.
23:43:22 INFO  : 'ps7_init' command is executed.
23:43:22 INFO  : 'ps7_post_config' command is executed.
23:43:22 INFO  : Context for processor 'ps7_cortexa9_0' is selected.
23:43:22 INFO  : Processor reset is completed for 'ps7_cortexa9_0'.
23:43:22 INFO  : Context for processor 'ps7_cortexa9_0' is selected.
23:43:28 INFO  : The application 'C:/ecg_full_release/project_1/project_1.sdk/2026_3_29/Debug/2026_3_29.elf' is downloaded to processor 'ps7_cortexa9_0'.
23:43:28 INFO  : 'configparams force-mem-access 0' command is executed.
23:43:28 INFO  : ----------------XSDB Script----------------
connect -url tcp:127.0.0.1:3121
source C:/ecg_full_release/project_1/project_1.sdk/design_1_wrapper_hw_platform_0/ps7_init.tcl
targets -set -nocase -filter {name =~"APU*" && jtag_cable_name =~ "Digilent JTAG-HS2 210249854606A"} -index 0
loadhw -hw C:/ecg_full_release/project_1/project_1.sdk/design_1_wrapper_hw_platform_0/system.hdf -mem-ranges [list {0x40000000 0xbfffffff}]
configparams force-mem-access 1
targets -set -nocase -filter {name =~"APU*" && jtag_cable_name =~ "Digilent JTAG-HS2 210249854606A"} -index 0
stop
ps7_init
ps7_post_config
targets -set -nocase -filter {name =~ "ARM*#0" && jtag_cable_name =~ "Digilent JTAG-HS2 210249854606A"} -index 0
rst -processor
targets -set -nocase -filter {name =~ "ARM*#0" && jtag_cable_name =~ "Digilent JTAG-HS2 210249854606A"} -index 0
dow C:/ecg_full_release/project_1/project_1.sdk/2026_3_29/Debug/2026_3_29.elf
configparams force-mem-access 0
----------------End of Script----------------

23:43:28 INFO  : Context for processor 'ps7_cortexa9_0' is selected.
23:43:28 INFO  : 'con' command is executed.
23:43:28 INFO  : ----------------XSDB Script (After Launch)----------------
targets -set -nocase -filter {name =~ "ARM*#0" && jtag_cable_name =~ "Digilent JTAG-HS2 210249854606A"} -index 0
con
----------------End of Script----------------

23:43:28 INFO  : Disconnected from the channel tcfchan#10.
23:44:09 INFO  : Connected to target on host '127.0.0.1' and port '3121'.
23:44:12 INFO  : 'targets -set -filter {jtag_cable_name =~ "Digilent JTAG-HS2 210249854606A" && level==0} -index 1' command is executed.
23:44:16 INFO  : FPGA configured successfully with bitstream "C:/ecg_full_release/project_1/project_1.sdk/design_1_wrapper_hw_platform_0/design_1_wrapper.bit"
23:44:27 INFO  : Connected to target on host '127.0.0.1' and port '3121'.
23:44:30 INFO  : 'targets -set -filter {jtag_cable_name =~ "Digilent JTAG-HS2 210249854606A" && level==0} -index 1' command is executed.
23:44:33 INFO  : FPGA configured successfully with bitstream "C:/ecg_full_release/project_1/project_1.sdk/design_1_wrapper_hw_platform_0/design_1_wrapper.bit"
23:45:07 INFO  : Registering command handlers for SDK TCF services
23:45:07 INFO  : Launching XSCT server: xsct.bat -interactive C:\ecg_full_release\project_1\project_1.sdk\temp_xsdb_launch_script.tcl
23:45:09 INFO  : XSCT server has started successfully.
23:45:09 INFO  : Successfully done setting XSCT server connection channel  
23:45:09 INFO  : Successfully done setting SDK workspace  
23:45:09 INFO  : Processing command line option -hwspec C:/ecg_full_release/project_1/project_1.sdk/design_1_wrapper.hdf.
23:45:09 INFO  : Checking for hwspec changes in the project design_1_wrapper_hw_platform_1.
23:45:29 INFO  : Connected to target on host '127.0.0.1' and port '3121'.
23:45:29 INFO  : 'targets -set -filter {jtag_cable_name =~ "Digilent JTAG-HS2 210249854606A" && level==0} -index 1' command is executed.
23:45:32 INFO  : FPGA configured successfully with bitstream "C:/ecg_full_release/project_1/project_1.sdk/design_1_wrapper_hw_platform_0/design_1_wrapper.bit"
23:45:42 INFO  : 'targets -set -filter {jtag_cable_name =~ "Digilent JTAG-HS2 210249854606A" && level==0} -index 1' command is executed.
23:45:42 INFO  : 'fpga -state' command is executed.
23:45:42 INFO  : Connected to target on host '127.0.0.1' and port '3121'.
23:45:42 INFO  : Jtag cable 'Digilent JTAG-HS2 210249854606A' is selected.
23:45:42 INFO  : 'jtag frequency' command is executed.
23:45:42 INFO  : Sourcing of 'C:/ecg_full_release/project_1/project_1.sdk/design_1_wrapper_hw_platform_0/ps7_init.tcl' is done.
23:45:42 INFO  : Context for 'APU' is selected.
23:45:42 INFO  : Hardware design information is loaded from 'C:/ecg_full_release/project_1/project_1.sdk/design_1_wrapper_hw_platform_0/system.hdf'.
23:45:42 INFO  : 'configparams force-mem-access 1' command is executed.
23:45:42 INFO  : Context for 'APU' is selected.
23:45:42 INFO  : 'stop' command is executed.
23:45:43 INFO  : 'ps7_init' command is executed.
23:45:43 INFO  : 'ps7_post_config' command is executed.
23:45:43 INFO  : Context for processor 'ps7_cortexa9_0' is selected.
23:45:43 INFO  : Processor reset is completed for 'ps7_cortexa9_0'.
23:45:43 INFO  : Context for processor 'ps7_cortexa9_0' is selected.
23:45:49 INFO  : The application 'C:/ecg_full_release/project_1/project_1.sdk/2026_3_29/Debug/2026_3_29.elf' is downloaded to processor 'ps7_cortexa9_0'.
23:45:49 INFO  : 'configparams force-mem-access 0' command is executed.
23:45:49 INFO  : ----------------XSDB Script----------------
connect -url tcp:127.0.0.1:3121
source C:/ecg_full_release/project_1/project_1.sdk/design_1_wrapper_hw_platform_0/ps7_init.tcl
targets -set -nocase -filter {name =~"APU*" && jtag_cable_name =~ "Digilent JTAG-HS2 210249854606A"} -index 0
loadhw -hw C:/ecg_full_release/project_1/project_1.sdk/design_1_wrapper_hw_platform_0/system.hdf -mem-ranges [list {0x40000000 0xbfffffff}]
configparams force-mem-access 1
targets -set -nocase -filter {name =~"APU*" && jtag_cable_name =~ "Digilent JTAG-HS2 210249854606A"} -index 0
stop
ps7_init
ps7_post_config
targets -set -nocase -filter {name =~ "ARM*#0" && jtag_cable_name =~ "Digilent JTAG-HS2 210249854606A"} -index 0
rst -processor
targets -set -nocase -filter {name =~ "ARM*#0" && jtag_cable_name =~ "Digilent JTAG-HS2 210249854606A"} -index 0
dow C:/ecg_full_release/project_1/project_1.sdk/2026_3_29/Debug/2026_3_29.elf
configparams force-mem-access 0
----------------End of Script----------------

23:45:49 INFO  : Context for processor 'ps7_cortexa9_0' is selected.
23:45:49 INFO  : 'con' command is executed.
23:45:49 INFO  : ----------------XSDB Script (After Launch)----------------
targets -set -nocase -filter {name =~ "ARM*#0" && jtag_cable_name =~ "Digilent JTAG-HS2 210249854606A"} -index 0
con
----------------End of Script----------------

23:45:49 INFO  : Disconnected from the channel tcfchan#1.
23:46:22 INFO  : Connected to target on host '127.0.0.1' and port '3121'.
23:46:22 INFO  : 'targets -set -filter {jtag_cable_name =~ "Digilent JTAG-HS2 210249854606A" && level==0} -index 1' command is executed.
23:46:25 INFO  : FPGA configured successfully with bitstream "C:/ecg_full_release/project_1/project_1.sdk/design_1_wrapper_hw_platform_0/design_1_wrapper.bit"
23:46:39 INFO  : 'targets -set -filter {jtag_cable_name =~ "Digilent JTAG-HS2 210249854606A" && level==0} -index 1' command is executed.
23:46:39 INFO  : 'fpga -state' command is executed.
23:46:39 INFO  : Connected to target on host '127.0.0.1' and port '3121'.
23:46:39 INFO  : Jtag cable 'Digilent JTAG-HS2 210249854606A' is selected.
23:46:39 INFO  : 'jtag frequency' command is executed.
23:46:39 INFO  : Sourcing of 'C:/ecg_full_release/project_1/project_1.sdk/design_1_wrapper_hw_platform_0/ps7_init.tcl' is done.
23:46:39 INFO  : Context for 'APU' is selected.
23:46:39 INFO  : Hardware design information is loaded from 'C:/ecg_full_release/project_1/project_1.sdk/design_1_wrapper_hw_platform_0/system.hdf'.
23:46:39 INFO  : 'configparams force-mem-access 1' command is executed.
23:46:39 INFO  : Context for 'APU' is selected.
23:46:39 INFO  : 'stop' command is executed.
23:46:40 INFO  : 'ps7_init' command is executed.
23:46:40 INFO  : 'ps7_post_config' command is executed.
23:46:40 INFO  : Context for processor 'ps7_cortexa9_0' is selected.
23:46:40 INFO  : Processor reset is completed for 'ps7_cortexa9_0'.
23:46:40 INFO  : Context for processor 'ps7_cortexa9_0' is selected.
23:46:46 INFO  : The application 'C:/ecg_full_release/project_1/project_1.sdk/2026_3_29/Debug/2026_3_29.elf' is downloaded to processor 'ps7_cortexa9_0'.
23:46:46 INFO  : 'configparams force-mem-access 0' command is executed.
23:46:46 INFO  : ----------------XSDB Script----------------
connect -url tcp:127.0.0.1:3121
source C:/ecg_full_release/project_1/project_1.sdk/design_1_wrapper_hw_platform_0/ps7_init.tcl
targets -set -nocase -filter {name =~"APU*" && jtag_cable_name =~ "Digilent JTAG-HS2 210249854606A"} -index 0
loadhw -hw C:/ecg_full_release/project_1/project_1.sdk/design_1_wrapper_hw_platform_0/system.hdf -mem-ranges [list {0x40000000 0xbfffffff}]
configparams force-mem-access 1
targets -set -nocase -filter {name =~"APU*" && jtag_cable_name =~ "Digilent JTAG-HS2 210249854606A"} -index 0
stop
ps7_init
ps7_post_config
targets -set -nocase -filter {name =~ "ARM*#0" && jtag_cable_name =~ "Digilent JTAG-HS2 210249854606A"} -index 0
rst -processor
targets -set -nocase -filter {name =~ "ARM*#0" && jtag_cable_name =~ "Digilent JTAG-HS2 210249854606A"} -index 0
dow C:/ecg_full_release/project_1/project_1.sdk/2026_3_29/Debug/2026_3_29.elf
configparams force-mem-access 0
----------------End of Script----------------

23:46:46 INFO  : Context for processor 'ps7_cortexa9_0' is selected.
23:46:46 INFO  : 'con' command is executed.
23:46:46 INFO  : ----------------XSDB Script (After Launch)----------------
targets -set -nocase -filter {name =~ "ARM*#0" && jtag_cable_name =~ "Digilent JTAG-HS2 210249854606A"} -index 0
con
----------------End of Script----------------

23:46:46 INFO  : Disconnected from the channel tcfchan#2.
23:47:17 INFO  : Connected to target on host '127.0.0.1' and port '3121'.
23:47:17 INFO  : 'targets -set -filter {jtag_cable_name =~ "Digilent JTAG-HS2 210249854606A" && level==0} -index 1' command is executed.
23:47:20 INFO  : FPGA configured successfully with bitstream "C:/ecg_full_release/project_1/project_1.sdk/design_1_wrapper_hw_platform_0/design_1_wrapper.bit"
23:47:30 INFO  : 'targets -set -filter {jtag_cable_name =~ "Digilent JTAG-HS2 210249854606A" && level==0} -index 1' command is executed.
23:47:30 INFO  : 'fpga -state' command is executed.
23:47:30 INFO  : Connected to target on host '127.0.0.1' and port '3121'.
23:47:30 INFO  : Jtag cable 'Digilent JTAG-HS2 210249854606A' is selected.
23:47:30 INFO  : 'jtag frequency' command is executed.
23:47:30 INFO  : Sourcing of 'C:/ecg_full_release/project_1/project_1.sdk/design_1_wrapper_hw_platform_0/ps7_init.tcl' is done.
23:47:30 INFO  : Context for 'APU' is selected.
23:47:30 INFO  : Hardware design information is loaded from 'C:/ecg_full_release/project_1/project_1.sdk/design_1_wrapper_hw_platform_0/system.hdf'.
23:47:30 INFO  : 'configparams force-mem-access 1' command is executed.
23:47:30 INFO  : Context for 'APU' is selected.
23:47:30 INFO  : 'stop' command is executed.
23:47:31 INFO  : 'ps7_init' command is executed.
23:47:31 INFO  : 'ps7_post_config' command is executed.
23:47:31 INFO  : Context for processor 'ps7_cortexa9_0' is selected.
23:47:31 INFO  : Processor reset is completed for 'ps7_cortexa9_0'.
23:47:31 INFO  : Context for processor 'ps7_cortexa9_0' is selected.
23:47:36 INFO  : The application 'C:/ecg_full_release/project_1/project_1.sdk/2026_3_29/Debug/2026_3_29.elf' is downloaded to processor 'ps7_cortexa9_0'.
23:47:36 INFO  : 'configparams force-mem-access 0' command is executed.
23:47:36 INFO  : ----------------XSDB Script----------------
connect -url tcp:127.0.0.1:3121
source C:/ecg_full_release/project_1/project_1.sdk/design_1_wrapper_hw_platform_0/ps7_init.tcl
targets -set -nocase -filter {name =~"APU*" && jtag_cable_name =~ "Digilent JTAG-HS2 210249854606A"} -index 0
loadhw -hw C:/ecg_full_release/project_1/project_1.sdk/design_1_wrapper_hw_platform_0/system.hdf -mem-ranges [list {0x40000000 0xbfffffff}]
configparams force-mem-access 1
targets -set -nocase -filter {name =~"APU*" && jtag_cable_name =~ "Digilent JTAG-HS2 210249854606A"} -index 0
stop
ps7_init
ps7_post_config
targets -set -nocase -filter {name =~ "ARM*#0" && jtag_cable_name =~ "Digilent JTAG-HS2 210249854606A"} -index 0
rst -processor
targets -set -nocase -filter {name =~ "ARM*#0" && jtag_cable_name =~ "Digilent JTAG-HS2 210249854606A"} -index 0
dow C:/ecg_full_release/project_1/project_1.sdk/2026_3_29/Debug/2026_3_29.elf
configparams force-mem-access 0
----------------End of Script----------------

23:47:36 INFO  : Context for processor 'ps7_cortexa9_0' is selected.
23:47:36 INFO  : 'con' command is executed.
23:47:36 INFO  : ----------------XSDB Script (After Launch)----------------
targets -set -nocase -filter {name =~ "ARM*#0" && jtag_cable_name =~ "Digilent JTAG-HS2 210249854606A"} -index 0
con
----------------End of Script----------------

23:47:36 INFO  : Disconnected from the channel tcfchan#3.
00:00:39 INFO  : Connected to target on host '127.0.0.1' and port '3121'.
00:00:39 INFO  : 'targets -set -filter {jtag_cable_name =~ "Digilent JTAG-HS2 210249854606A" && level==0} -index 1' command is executed.
00:00:42 INFO  : FPGA configured successfully with bitstream "C:/ecg_full_release/project_1/project_1.sdk/design_1_wrapper_hw_platform_0/design_1_wrapper.bit"
00:00:51 INFO  : 'targets -set -filter {jtag_cable_name =~ "Digilent JTAG-HS2 210249854606A" && level==0} -index 1' command is executed.
00:00:51 INFO  : 'fpga -state' command is executed.
00:00:51 INFO  : Connected to target on host '127.0.0.1' and port '3121'.
00:00:52 INFO  : Jtag cable 'Digilent JTAG-HS2 210249854606A' is selected.
00:00:52 INFO  : 'jtag frequency' command is executed.
00:00:52 INFO  : Sourcing of 'C:/ecg_full_release/project_1/project_1.sdk/design_1_wrapper_hw_platform_0/ps7_init.tcl' is done.
00:00:52 INFO  : Context for 'APU' is selected.
00:00:52 INFO  : Hardware design information is loaded from 'C:/ecg_full_release/project_1/project_1.sdk/design_1_wrapper_hw_platform_0/system.hdf'.
00:00:52 INFO  : 'configparams force-mem-access 1' command is executed.
00:00:52 INFO  : Context for 'APU' is selected.
00:00:52 INFO  : 'stop' command is executed.
00:00:52 INFO  : 'ps7_init' command is executed.
00:00:52 INFO  : 'ps7_post_config' command is executed.
00:00:52 INFO  : Context for processor 'ps7_cortexa9_0' is selected.
00:00:52 INFO  : Processor reset is completed for 'ps7_cortexa9_0'.
00:00:52 INFO  : Context for processor 'ps7_cortexa9_0' is selected.
00:00:58 INFO  : The application 'C:/ecg_full_release/project_1/project_1.sdk/2026_3_29/Debug/2026_3_29.elf' is downloaded to processor 'ps7_cortexa9_0'.
00:00:58 INFO  : 'configparams force-mem-access 0' command is executed.
00:00:58 INFO  : ----------------XSDB Script----------------
connect -url tcp:127.0.0.1:3121
source C:/ecg_full_release/project_1/project_1.sdk/design_1_wrapper_hw_platform_0/ps7_init.tcl
targets -set -nocase -filter {name =~"APU*" && jtag_cable_name =~ "Digilent JTAG-HS2 210249854606A"} -index 0
loadhw -hw C:/ecg_full_release/project_1/project_1.sdk/design_1_wrapper_hw_platform_0/system.hdf -mem-ranges [list {0x40000000 0xbfffffff}]
configparams force-mem-access 1
targets -set -nocase -filter {name =~"APU*" && jtag_cable_name =~ "Digilent JTAG-HS2 210249854606A"} -index 0
stop
ps7_init
ps7_post_config
targets -set -nocase -filter {name =~ "ARM*#0" && jtag_cable_name =~ "Digilent JTAG-HS2 210249854606A"} -index 0
rst -processor
targets -set -nocase -filter {name =~ "ARM*#0" && jtag_cable_name =~ "Digilent JTAG-HS2 210249854606A"} -index 0
dow C:/ecg_full_release/project_1/project_1.sdk/2026_3_29/Debug/2026_3_29.elf
configparams force-mem-access 0
----------------End of Script----------------

00:00:58 INFO  : Context for processor 'ps7_cortexa9_0' is selected.
00:00:58 INFO  : 'con' command is executed.
00:00:58 INFO  : ----------------XSDB Script (After Launch)----------------
targets -set -nocase -filter {name =~ "ARM*#0" && jtag_cable_name =~ "Digilent JTAG-HS2 210249854606A"} -index 0
con
----------------End of Script----------------

00:00:58 INFO  : Disconnected from the channel tcfchan#4.
21:01:55 INFO  : Registering command handlers for SDK TCF services
21:01:56 INFO  : Launching XSCT server: xsct.bat -interactive C:\ecg_full_release\project_1\project_1.sdk\temp_xsdb_launch_script.tcl
21:01:59 INFO  : XSCT server has started successfully.
21:02:06 INFO  : Successfully done setting XSCT server connection channel  
21:02:06 INFO  : Successfully done setting SDK workspace  
21:02:06 INFO  : Processing command line option -hwspec C:/ecg_full_release/project_1/project_1.sdk/design_1_wrapper.hdf.
21:02:06 INFO  : Checking for hwspec changes in the project design_1_wrapper_hw_platform_1.
21:10:55 INFO  : Connected to target on host '127.0.0.1' and port '3121'.
21:10:55 INFO  : 'targets -set -filter {jtag_cable_name =~ "Digilent JTAG-HS2 210249854606A" && level==0} -index 1' command is executed.
21:10:59 INFO  : FPGA configured successfully with bitstream "C:/ecg_full_release/project_1/project_1.sdk/design_1_wrapper_hw_platform_0/design_1_wrapper.bit"
21:11:07 INFO  : 'targets -set -filter {jtag_cable_name =~ "Digilent JTAG-HS2 210249854606A" && level==0} -index 1' command is executed.
21:11:07 INFO  : 'fpga -state' command is executed.
21:11:07 INFO  : Connected to target on host '127.0.0.1' and port '3121'.
21:11:07 INFO  : Jtag cable 'Digilent JTAG-HS2 210249854606A' is selected.
21:11:07 INFO  : 'jtag frequency' command is executed.
21:11:07 INFO  : Sourcing of 'C:/ecg_full_release/project_1/project_1.sdk/design_1_wrapper_hw_platform_0/ps7_init.tcl' is done.
21:11:07 INFO  : Context for 'APU' is selected.
21:11:07 INFO  : Hardware design information is loaded from 'C:/ecg_full_release/project_1/project_1.sdk/design_1_wrapper_hw_platform_0/system.hdf'.
21:11:07 INFO  : 'configparams force-mem-access 1' command is executed.
21:11:07 INFO  : Context for 'APU' is selected.
21:11:07 INFO  : 'stop' command is executed.
21:11:08 INFO  : 'ps7_init' command is executed.
21:11:08 INFO  : 'ps7_post_config' command is executed.
21:11:08 INFO  : Context for processor 'ps7_cortexa9_0' is selected.
21:11:08 INFO  : Processor reset is completed for 'ps7_cortexa9_0'.
21:11:08 INFO  : Context for processor 'ps7_cortexa9_0' is selected.
21:11:16 INFO  : The application 'C:/ecg_full_release/project_1/project_1.sdk/2026_3_29/Debug/2026_3_29.elf' is downloaded to processor 'ps7_cortexa9_0'.
21:11:16 INFO  : 'configparams force-mem-access 0' command is executed.
21:11:16 INFO  : ----------------XSDB Script----------------
connect -url tcp:127.0.0.1:3121
source C:/ecg_full_release/project_1/project_1.sdk/design_1_wrapper_hw_platform_0/ps7_init.tcl
targets -set -nocase -filter {name =~"APU*" && jtag_cable_name =~ "Digilent JTAG-HS2 210249854606A"} -index 0
loadhw -hw C:/ecg_full_release/project_1/project_1.sdk/design_1_wrapper_hw_platform_0/system.hdf -mem-ranges [list {0x40000000 0xbfffffff}]
configparams force-mem-access 1
targets -set -nocase -filter {name =~"APU*" && jtag_cable_name =~ "Digilent JTAG-HS2 210249854606A"} -index 0
stop
ps7_init
ps7_post_config
targets -set -nocase -filter {name =~ "ARM*#0" && jtag_cable_name =~ "Digilent JTAG-HS2 210249854606A"} -index 0
rst -processor
targets -set -nocase -filter {name =~ "ARM*#0" && jtag_cable_name =~ "Digilent JTAG-HS2 210249854606A"} -index 0
dow C:/ecg_full_release/project_1/project_1.sdk/2026_3_29/Debug/2026_3_29.elf
configparams force-mem-access 0
----------------End of Script----------------

21:11:16 INFO  : Context for processor 'ps7_cortexa9_0' is selected.
21:11:16 INFO  : 'con' command is executed.
21:11:16 INFO  : ----------------XSDB Script (After Launch)----------------
targets -set -nocase -filter {name =~ "ARM*#0" && jtag_cable_name =~ "Digilent JTAG-HS2 210249854606A"} -index 0
con
----------------End of Script----------------

21:11:16 INFO  : Disconnected from the channel tcfchan#1.
14:28:32 INFO  : Registering command handlers for SDK TCF services
14:28:33 INFO  : Launching XSCT server: xsct.bat -interactive C:\ecg_full_release\project_1\project_1.sdk\temp_xsdb_launch_script.tcl
14:28:36 INFO  : XSCT server has started successfully.
14:28:41 INFO  : Successfully done setting XSCT server connection channel  
14:28:41 INFO  : Successfully done setting SDK workspace  
14:28:41 INFO  : Processing command line option -hwspec C:/ecg_full_release/project_1/project_1.sdk/design_1_wrapper.hdf.
14:28:41 INFO  : Checking for hwspec changes in the project design_1_wrapper_hw_platform_1.
15:01:59 INFO  : Registering command handlers for SDK TCF services
15:01:59 INFO  : Launching XSCT server: xsct.bat -interactive C:\ecg_full_release\project_1\project_1.sdk\temp_xsdb_launch_script.tcl
15:02:02 INFO  : XSCT server has started successfully.
15:02:06 INFO  : Successfully done setting XSCT server connection channel  
15:02:06 INFO  : Successfully done setting SDK workspace  
15:02:06 INFO  : Processing command line option -hwspec C:/ecg_full_release/project_1/project_1.sdk/design_1_wrapper.hdf.
15:02:06 INFO  : Checking for hwspec changes in the project design_1_wrapper_hw_platform_1.
15:36:58 INFO  : Connected to target on host '127.0.0.1' and port '3121'.
15:36:58 INFO  : 'targets -set -filter {jtag_cable_name =~ "Digilent JTAG-HS2 210249854606A" && level==0} -index 1' command is executed.
15:37:02 INFO  : FPGA configured successfully with bitstream "C:/ecg_full_release/project_1/project_1.sdk/design_1_wrapper_hw_platform_0/design_1_wrapper.bit"
15:37:09 INFO  : 'targets -set -filter {jtag_cable_name =~ "Digilent JTAG-HS2 210249854606A" && level==0} -index 1' command is executed.
15:37:09 INFO  : 'fpga -state' command is executed.
15:37:09 INFO  : Connected to target on host '127.0.0.1' and port '3121'.
15:37:09 INFO  : Jtag cable 'Digilent JTAG-HS2 210249854606A' is selected.
15:37:09 INFO  : 'jtag frequency' command is executed.
15:37:09 INFO  : Sourcing of 'C:/ecg_full_release/project_1/project_1.sdk/design_1_wrapper_hw_platform_0/ps7_init.tcl' is done.
15:37:09 INFO  : Context for 'APU' is selected.
15:37:09 INFO  : Hardware design information is loaded from 'C:/ecg_full_release/project_1/project_1.sdk/design_1_wrapper_hw_platform_0/system.hdf'.
15:37:09 INFO  : 'configparams force-mem-access 1' command is executed.
15:37:09 INFO  : Context for 'APU' is selected.
15:37:09 INFO  : 'stop' command is executed.
15:37:09 INFO  : 'ps7_init' command is executed.
15:37:09 INFO  : 'ps7_post_config' command is executed.
15:37:09 INFO  : Context for processor 'ps7_cortexa9_0' is selected.
15:37:09 INFO  : Processor reset is completed for 'ps7_cortexa9_0'.
15:37:09 INFO  : Context for processor 'ps7_cortexa9_0' is selected.
15:37:17 INFO  : The application 'C:/ecg_full_release/project_1/project_1.sdk/2026_3_29/Debug/2026_3_29.elf' is downloaded to processor 'ps7_cortexa9_0'.
15:37:17 INFO  : 'configparams force-mem-access 0' command is executed.
15:37:17 INFO  : ----------------XSDB Script----------------
connect -url tcp:127.0.0.1:3121
source C:/ecg_full_release/project_1/project_1.sdk/design_1_wrapper_hw_platform_0/ps7_init.tcl
targets -set -nocase -filter {name =~"APU*" && jtag_cable_name =~ "Digilent JTAG-HS2 210249854606A"} -index 0
loadhw -hw C:/ecg_full_release/project_1/project_1.sdk/design_1_wrapper_hw_platform_0/system.hdf -mem-ranges [list {0x40000000 0xbfffffff}]
configparams force-mem-access 1
targets -set -nocase -filter {name =~"APU*" && jtag_cable_name =~ "Digilent JTAG-HS2 210249854606A"} -index 0
stop
ps7_init
ps7_post_config
targets -set -nocase -filter {name =~ "ARM*#0" && jtag_cable_name =~ "Digilent JTAG-HS2 210249854606A"} -index 0
rst -processor
targets -set -nocase -filter {name =~ "ARM*#0" && jtag_cable_name =~ "Digilent JTAG-HS2 210249854606A"} -index 0
dow C:/ecg_full_release/project_1/project_1.sdk/2026_3_29/Debug/2026_3_29.elf
configparams force-mem-access 0
----------------End of Script----------------

15:37:17 INFO  : Context for processor 'ps7_cortexa9_0' is selected.
15:37:17 INFO  : 'con' command is executed.
15:37:17 INFO  : ----------------XSDB Script (After Launch)----------------
targets -set -nocase -filter {name =~ "ARM*#0" && jtag_cable_name =~ "Digilent JTAG-HS2 210249854606A"} -index 0
con
----------------End of Script----------------

15:37:17 INFO  : Disconnected from the channel tcfchan#1.
16:23:59 INFO  : Connected to target on host '127.0.0.1' and port '3121'.
16:23:59 INFO  : 'targets -set -filter {jtag_cable_name =~ "Digilent JTAG-HS2 210249854606A" && level==0} -index 1' command is executed.
16:24:03 INFO  : FPGA configured successfully with bitstream "C:/ecg_full_release/project_1/project_1.sdk/design_1_wrapper_hw_platform_0/design_1_wrapper.bit"
16:24:11 INFO  : 'targets -set -filter {jtag_cable_name =~ "Digilent JTAG-HS2 210249854606A" && level==0} -index 1' command is executed.
16:24:11 INFO  : 'fpga -state' command is executed.
16:24:11 INFO  : Connected to target on host '127.0.0.1' and port '3121'.
16:24:11 INFO  : Jtag cable 'Digilent JTAG-HS2 210249854606A' is selected.
16:24:11 INFO  : 'jtag frequency' command is executed.
16:24:11 INFO  : Sourcing of 'C:/ecg_full_release/project_1/project_1.sdk/design_1_wrapper_hw_platform_0/ps7_init.tcl' is done.
16:24:11 INFO  : Context for 'APU' is selected.
16:24:11 INFO  : Hardware design information is loaded from 'C:/ecg_full_release/project_1/project_1.sdk/design_1_wrapper_hw_platform_0/system.hdf'.
16:24:11 INFO  : 'configparams force-mem-access 1' command is executed.
16:24:11 INFO  : Context for 'APU' is selected.
16:24:11 INFO  : 'stop' command is executed.
16:24:11 INFO  : 'ps7_init' command is executed.
16:24:11 INFO  : 'ps7_post_config' command is executed.
16:24:11 INFO  : Context for processor 'ps7_cortexa9_0' is selected.
16:24:11 INFO  : Processor reset is completed for 'ps7_cortexa9_0'.
16:24:11 INFO  : Context for processor 'ps7_cortexa9_0' is selected.
16:24:14 INFO  : The application 'C:/ecg_full_release/project_1/project_1.sdk/2026_3_29/Debug/2026_3_29.elf' is downloaded to processor 'ps7_cortexa9_0'.
16:24:14 INFO  : 'configparams force-mem-access 0' command is executed.
16:24:14 INFO  : ----------------XSDB Script----------------
connect -url tcp:127.0.0.1:3121
source C:/ecg_full_release/project_1/project_1.sdk/design_1_wrapper_hw_platform_0/ps7_init.tcl
targets -set -nocase -filter {name =~"APU*" && jtag_cable_name =~ "Digilent JTAG-HS2 210249854606A"} -index 0
loadhw -hw C:/ecg_full_release/project_1/project_1.sdk/design_1_wrapper_hw_platform_0/system.hdf -mem-ranges [list {0x40000000 0xbfffffff}]
configparams force-mem-access 1
targets -set -nocase -filter {name =~"APU*" && jtag_cable_name =~ "Digilent JTAG-HS2 210249854606A"} -index 0
stop
ps7_init
ps7_post_config
targets -set -nocase -filter {name =~ "ARM*#0" && jtag_cable_name =~ "Digilent JTAG-HS2 210249854606A"} -index 0
rst -processor
targets -set -nocase -filter {name =~ "ARM*#0" && jtag_cable_name =~ "Digilent JTAG-HS2 210249854606A"} -index 0
dow C:/ecg_full_release/project_1/project_1.sdk/2026_3_29/Debug/2026_3_29.elf
configparams force-mem-access 0
----------------End of Script----------------

16:24:14 INFO  : Context for processor 'ps7_cortexa9_0' is selected.
16:24:14 INFO  : 'con' command is executed.
16:24:14 INFO  : ----------------XSDB Script (After Launch)----------------
targets -set -nocase -filter {name =~ "ARM*#0" && jtag_cable_name =~ "Digilent JTAG-HS2 210249854606A"} -index 0
con
----------------End of Script----------------

16:24:14 INFO  : Disconnected from the channel tcfchan#2.
16:36:32 INFO  : Connected to target on host '127.0.0.1' and port '3121'.
16:36:33 INFO  : 'targets -set -filter {jtag_cable_name =~ "Digilent JTAG-HS2 210249854606A" && level==0} -index 1' command is executed.
16:36:36 INFO  : FPGA configured successfully with bitstream "C:/ecg_full_release/project_1/project_1.sdk/design_1_wrapper_hw_platform_0/design_1_wrapper.bit"
16:36:49 INFO  : 'targets -set -filter {jtag_cable_name =~ "Digilent JTAG-HS2 210249854606A" && level==0} -index 1' command is executed.
16:36:49 INFO  : 'fpga -state' command is executed.
16:36:49 INFO  : Connected to target on host '127.0.0.1' and port '3121'.
16:36:49 INFO  : Jtag cable 'Digilent JTAG-HS2 210249854606A' is selected.
16:36:49 INFO  : 'jtag frequency' command is executed.
16:36:49 INFO  : Sourcing of 'C:/ecg_full_release/project_1/project_1.sdk/design_1_wrapper_hw_platform_0/ps7_init.tcl' is done.
16:36:49 INFO  : Context for 'APU' is selected.
16:36:49 INFO  : Hardware design information is loaded from 'C:/ecg_full_release/project_1/project_1.sdk/design_1_wrapper_hw_platform_0/system.hdf'.
16:36:49 INFO  : 'configparams force-mem-access 1' command is executed.
16:36:49 INFO  : Context for 'APU' is selected.
16:36:49 INFO  : 'stop' command is executed.
16:36:49 INFO  : 'ps7_init' command is executed.
16:36:49 INFO  : 'ps7_post_config' command is executed.
16:36:49 INFO  : Context for processor 'ps7_cortexa9_0' is selected.
16:36:49 INFO  : Processor reset is completed for 'ps7_cortexa9_0'.
16:36:49 INFO  : Context for processor 'ps7_cortexa9_0' is selected.
16:36:52 INFO  : The application 'C:/ecg_full_release/project_1/project_1.sdk/2026_3_29/Debug/2026_3_29.elf' is downloaded to processor 'ps7_cortexa9_0'.
16:36:52 INFO  : 'configparams force-mem-access 0' command is executed.
16:36:52 INFO  : ----------------XSDB Script----------------
connect -url tcp:127.0.0.1:3121
source C:/ecg_full_release/project_1/project_1.sdk/design_1_wrapper_hw_platform_0/ps7_init.tcl
targets -set -nocase -filter {name =~"APU*" && jtag_cable_name =~ "Digilent JTAG-HS2 210249854606A"} -index 0
loadhw -hw C:/ecg_full_release/project_1/project_1.sdk/design_1_wrapper_hw_platform_0/system.hdf -mem-ranges [list {0x40000000 0xbfffffff}]
configparams force-mem-access 1
targets -set -nocase -filter {name =~"APU*" && jtag_cable_name =~ "Digilent JTAG-HS2 210249854606A"} -index 0
stop
ps7_init
ps7_post_config
targets -set -nocase -filter {name =~ "ARM*#0" && jtag_cable_name =~ "Digilent JTAG-HS2 210249854606A"} -index 0
rst -processor
targets -set -nocase -filter {name =~ "ARM*#0" && jtag_cable_name =~ "Digilent JTAG-HS2 210249854606A"} -index 0
dow C:/ecg_full_release/project_1/project_1.sdk/2026_3_29/Debug/2026_3_29.elf
configparams force-mem-access 0
----------------End of Script----------------

16:36:52 INFO  : Context for processor 'ps7_cortexa9_0' is selected.
16:36:52 INFO  : 'con' command is executed.
16:36:52 INFO  : ----------------XSDB Script (After Launch)----------------
targets -set -nocase -filter {name =~ "ARM*#0" && jtag_cable_name =~ "Digilent JTAG-HS2 210249854606A"} -index 0
con
----------------End of Script----------------

16:36:52 INFO  : Disconnected from the channel tcfchan#3.
16:37:49 INFO  : Connected to target on host '127.0.0.1' and port '3121'.
16:37:49 INFO  : 'targets -set -filter {jtag_cable_name =~ "Digilent JTAG-HS2 210249854606A" && level==0} -index 1' command is executed.
16:37:52 INFO  : FPGA configured successfully with bitstream "C:/ecg_full_release/project_1/project_1.sdk/design_1_wrapper_hw_platform_0/design_1_wrapper.bit"
16:38:03 INFO  : 'targets -set -filter {jtag_cable_name =~ "Digilent JTAG-HS2 210249854606A" && level==0} -index 1' command is executed.
16:38:03 INFO  : 'fpga -state' command is executed.
16:38:03 INFO  : Connected to target on host '127.0.0.1' and port '3121'.
16:38:03 INFO  : Jtag cable 'Digilent JTAG-HS2 210249854606A' is selected.
16:38:03 INFO  : 'jtag frequency' command is executed.
16:38:03 INFO  : Sourcing of 'C:/ecg_full_release/project_1/project_1.sdk/design_1_wrapper_hw_platform_0/ps7_init.tcl' is done.
16:38:03 INFO  : Context for 'APU' is selected.
16:38:03 INFO  : Hardware design information is loaded from 'C:/ecg_full_release/project_1/project_1.sdk/design_1_wrapper_hw_platform_0/system.hdf'.
16:38:03 INFO  : 'configparams force-mem-access 1' command is executed.
16:38:03 INFO  : Context for 'APU' is selected.
16:38:03 INFO  : 'stop' command is executed.
16:38:04 INFO  : 'ps7_init' command is executed.
16:38:04 INFO  : 'ps7_post_config' command is executed.
16:38:04 INFO  : Context for processor 'ps7_cortexa9_0' is selected.
16:38:04 INFO  : Processor reset is completed for 'ps7_cortexa9_0'.
16:38:04 INFO  : Context for processor 'ps7_cortexa9_0' is selected.
16:38:07 INFO  : The application 'C:/ecg_full_release/project_1/project_1.sdk/2026_3_29/Debug/2026_3_29.elf' is downloaded to processor 'ps7_cortexa9_0'.
16:38:07 INFO  : 'configparams force-mem-access 0' command is executed.
16:38:07 INFO  : ----------------XSDB Script----------------
connect -url tcp:127.0.0.1:3121
source C:/ecg_full_release/project_1/project_1.sdk/design_1_wrapper_hw_platform_0/ps7_init.tcl
targets -set -nocase -filter {name =~"APU*" && jtag_cable_name =~ "Digilent JTAG-HS2 210249854606A"} -index 0
loadhw -hw C:/ecg_full_release/project_1/project_1.sdk/design_1_wrapper_hw_platform_0/system.hdf -mem-ranges [list {0x40000000 0xbfffffff}]
configparams force-mem-access 1
targets -set -nocase -filter {name =~"APU*" && jtag_cable_name =~ "Digilent JTAG-HS2 210249854606A"} -index 0
stop
ps7_init
ps7_post_config
targets -set -nocase -filter {name =~ "ARM*#0" && jtag_cable_name =~ "Digilent JTAG-HS2 210249854606A"} -index 0
rst -processor
targets -set -nocase -filter {name =~ "ARM*#0" && jtag_cable_name =~ "Digilent JTAG-HS2 210249854606A"} -index 0
dow C:/ecg_full_release/project_1/project_1.sdk/2026_3_29/Debug/2026_3_29.elf
configparams force-mem-access 0
----------------End of Script----------------

16:38:07 INFO  : Context for processor 'ps7_cortexa9_0' is selected.
16:38:07 INFO  : 'con' command is executed.
16:38:07 INFO  : ----------------XSDB Script (After Launch)----------------
targets -set -nocase -filter {name =~ "ARM*#0" && jtag_cable_name =~ "Digilent JTAG-HS2 210249854606A"} -index 0
con
----------------End of Script----------------

16:38:07 INFO  : Disconnected from the channel tcfchan#4.
17:26:54 INFO  : Connected to target on host '127.0.0.1' and port '3121'.
17:26:55 INFO  : 'targets -set -filter {jtag_cable_name =~ "Digilent JTAG-HS2 210249854606A" && level==0} -index 1' command is executed.
17:26:58 INFO  : FPGA configured successfully with bitstream "C:/ecg_full_release/project_1/project_1.sdk/design_1_wrapper_hw_platform_0/design_1_wrapper.bit"
17:27:11 INFO  : 'targets -set -filter {jtag_cable_name =~ "Digilent JTAG-HS2 210249854606A" && level==0} -index 1' command is executed.
17:27:11 INFO  : 'fpga -state' command is executed.
17:27:11 INFO  : Connected to target on host '127.0.0.1' and port '3121'.
17:27:11 INFO  : Jtag cable 'Digilent JTAG-HS2 210249854606A' is selected.
17:27:11 INFO  : 'jtag frequency' command is executed.
17:27:11 INFO  : Sourcing of 'C:/ecg_full_release/project_1/project_1.sdk/design_1_wrapper_hw_platform_0/ps7_init.tcl' is done.
17:27:11 INFO  : Context for 'APU' is selected.
17:27:11 INFO  : Hardware design information is loaded from 'C:/ecg_full_release/project_1/project_1.sdk/design_1_wrapper_hw_platform_0/system.hdf'.
17:27:11 INFO  : 'configparams force-mem-access 1' command is executed.
17:27:11 INFO  : Context for 'APU' is selected.
17:27:11 INFO  : 'stop' command is executed.
17:27:11 INFO  : 'ps7_init' command is executed.
17:27:11 INFO  : 'ps7_post_config' command is executed.
17:27:11 INFO  : Context for processor 'ps7_cortexa9_0' is selected.
17:27:11 INFO  : Processor reset is completed for 'ps7_cortexa9_0'.
17:27:11 INFO  : Context for processor 'ps7_cortexa9_0' is selected.
17:27:14 INFO  : The application 'C:/ecg_full_release/project_1/project_1.sdk/2026_3_29/Debug/2026_3_29.elf' is downloaded to processor 'ps7_cortexa9_0'.
17:27:14 INFO  : 'configparams force-mem-access 0' command is executed.
17:27:14 INFO  : ----------------XSDB Script----------------
connect -url tcp:127.0.0.1:3121
source C:/ecg_full_release/project_1/project_1.sdk/design_1_wrapper_hw_platform_0/ps7_init.tcl
targets -set -nocase -filter {name =~"APU*" && jtag_cable_name =~ "Digilent JTAG-HS2 210249854606A"} -index 0
loadhw -hw C:/ecg_full_release/project_1/project_1.sdk/design_1_wrapper_hw_platform_0/system.hdf -mem-ranges [list {0x40000000 0xbfffffff}]
configparams force-mem-access 1
targets -set -nocase -filter {name =~"APU*" && jtag_cable_name =~ "Digilent JTAG-HS2 210249854606A"} -index 0
stop
ps7_init
ps7_post_config
targets -set -nocase -filter {name =~ "ARM*#0" && jtag_cable_name =~ "Digilent JTAG-HS2 210249854606A"} -index 0
rst -processor
targets -set -nocase -filter {name =~ "ARM*#0" && jtag_cable_name =~ "Digilent JTAG-HS2 210249854606A"} -index 0
dow C:/ecg_full_release/project_1/project_1.sdk/2026_3_29/Debug/2026_3_29.elf
configparams force-mem-access 0
----------------End of Script----------------

17:27:14 INFO  : Context for processor 'ps7_cortexa9_0' is selected.
17:27:14 INFO  : 'con' command is executed.
17:27:14 INFO  : ----------------XSDB Script (After Launch)----------------
targets -set -nocase -filter {name =~ "ARM*#0" && jtag_cable_name =~ "Digilent JTAG-HS2 210249854606A"} -index 0
con
----------------End of Script----------------

17:27:14 INFO  : Disconnected from the channel tcfchan#5.
18:12:22 INFO  : Connected to target on host '127.0.0.1' and port '3121'.
18:12:23 INFO  : 'targets -set -filter {jtag_cable_name =~ "Digilent JTAG-HS2 210249854606A" && level==0} -index 1' command is executed.
18:12:26 INFO  : FPGA configured successfully with bitstream "C:/ecg_full_release/project_1/project_1.sdk/design_1_wrapper_hw_platform_0/design_1_wrapper.bit"
18:12:34 INFO  : 'targets -set -filter {jtag_cable_name =~ "Digilent JTAG-HS2 210249854606A" && level==0} -index 1' command is executed.
18:12:34 INFO  : 'fpga -state' command is executed.
18:12:34 INFO  : Connected to target on host '127.0.0.1' and port '3121'.
18:12:34 INFO  : Jtag cable 'Digilent JTAG-HS2 210249854606A' is selected.
18:12:34 INFO  : 'jtag frequency' command is executed.
18:12:34 INFO  : Sourcing of 'C:/ecg_full_release/project_1/project_1.sdk/design_1_wrapper_hw_platform_0/ps7_init.tcl' is done.
18:12:34 INFO  : Context for 'APU' is selected.
18:12:34 INFO  : Hardware design information is loaded from 'C:/ecg_full_release/project_1/project_1.sdk/design_1_wrapper_hw_platform_0/system.hdf'.
18:12:34 INFO  : 'configparams force-mem-access 1' command is executed.
18:12:34 INFO  : Context for 'APU' is selected.
18:12:34 INFO  : 'stop' command is executed.
18:12:35 INFO  : 'ps7_init' command is executed.
18:12:35 INFO  : 'ps7_post_config' command is executed.
18:12:35 INFO  : Context for processor 'ps7_cortexa9_0' is selected.
18:12:35 INFO  : Processor reset is completed for 'ps7_cortexa9_0'.
18:12:35 INFO  : Context for processor 'ps7_cortexa9_0' is selected.
18:12:40 INFO  : The application 'C:/ecg_full_release/project_1/project_1.sdk/2026_3_29/Debug/2026_3_29.elf' is downloaded to processor 'ps7_cortexa9_0'.
18:12:40 INFO  : 'configparams force-mem-access 0' command is executed.
18:12:40 INFO  : ----------------XSDB Script----------------
connect -url tcp:127.0.0.1:3121
source C:/ecg_full_release/project_1/project_1.sdk/design_1_wrapper_hw_platform_0/ps7_init.tcl
targets -set -nocase -filter {name =~"APU*" && jtag_cable_name =~ "Digilent JTAG-HS2 210249854606A"} -index 0
loadhw -hw C:/ecg_full_release/project_1/project_1.sdk/design_1_wrapper_hw_platform_0/system.hdf -mem-ranges [list {0x40000000 0xbfffffff}]
configparams force-mem-access 1
targets -set -nocase -filter {name =~"APU*" && jtag_cable_name =~ "Digilent JTAG-HS2 210249854606A"} -index 0
stop
ps7_init
ps7_post_config
targets -set -nocase -filter {name =~ "ARM*#0" && jtag_cable_name =~ "Digilent JTAG-HS2 210249854606A"} -index 0
rst -processor
targets -set -nocase -filter {name =~ "ARM*#0" && jtag_cable_name =~ "Digilent JTAG-HS2 210249854606A"} -index 0
dow C:/ecg_full_release/project_1/project_1.sdk/2026_3_29/Debug/2026_3_29.elf
configparams force-mem-access 0
----------------End of Script----------------

18:12:40 INFO  : Context for processor 'ps7_cortexa9_0' is selected.
18:12:40 INFO  : 'con' command is executed.
18:12:40 INFO  : ----------------XSDB Script (After Launch)----------------
targets -set -nocase -filter {name =~ "ARM*#0" && jtag_cable_name =~ "Digilent JTAG-HS2 210249854606A"} -index 0
con
----------------End of Script----------------

18:12:40 INFO  : Disconnected from the channel tcfchan#6.
18:17:46 INFO  : Connected to target on host '127.0.0.1' and port '3121'.
18:17:47 INFO  : 'targets -set -filter {jtag_cable_name =~ "Digilent JTAG-HS2 210249854606A" && level==0} -index 1' command is executed.
18:17:50 INFO  : FPGA configured successfully with bitstream "C:/ecg_full_release/project_1/project_1.sdk/design_1_wrapper_hw_platform_0/design_1_wrapper.bit"
18:17:56 INFO  : 'targets -set -filter {jtag_cable_name =~ "Digilent JTAG-HS2 210249854606A" && level==0} -index 1' command is executed.
18:17:56 INFO  : 'fpga -state' command is executed.
18:17:56 INFO  : Connected to target on host '127.0.0.1' and port '3121'.
18:17:56 INFO  : Jtag cable 'Digilent JTAG-HS2 210249854606A' is selected.
18:17:56 INFO  : 'jtag frequency' command is executed.
18:17:56 INFO  : Sourcing of 'C:/ecg_full_release/project_1/project_1.sdk/design_1_wrapper_hw_platform_0/ps7_init.tcl' is done.
18:17:56 INFO  : Context for 'APU' is selected.
18:17:56 INFO  : Hardware design information is loaded from 'C:/ecg_full_release/project_1/project_1.sdk/design_1_wrapper_hw_platform_0/system.hdf'.
18:17:56 INFO  : 'configparams force-mem-access 1' command is executed.
18:17:56 INFO  : Context for 'APU' is selected.
18:17:56 INFO  : 'stop' command is executed.
18:17:57 INFO  : 'ps7_init' command is executed.
18:17:57 INFO  : 'ps7_post_config' command is executed.
18:17:57 INFO  : Context for processor 'ps7_cortexa9_0' is selected.
18:17:57 INFO  : Processor reset is completed for 'ps7_cortexa9_0'.
18:17:57 INFO  : Context for processor 'ps7_cortexa9_0' is selected.
18:18:02 INFO  : The application 'C:/ecg_full_release/project_1/project_1.sdk/2026_3_29/Debug/2026_3_29.elf' is downloaded to processor 'ps7_cortexa9_0'.
18:18:02 INFO  : 'configparams force-mem-access 0' command is executed.
18:18:02 INFO  : ----------------XSDB Script----------------
connect -url tcp:127.0.0.1:3121
source C:/ecg_full_release/project_1/project_1.sdk/design_1_wrapper_hw_platform_0/ps7_init.tcl
targets -set -nocase -filter {name =~"APU*" && jtag_cable_name =~ "Digilent JTAG-HS2 210249854606A"} -index 0
loadhw -hw C:/ecg_full_release/project_1/project_1.sdk/design_1_wrapper_hw_platform_0/system.hdf -mem-ranges [list {0x40000000 0xbfffffff}]
configparams force-mem-access 1
targets -set -nocase -filter {name =~"APU*" && jtag_cable_name =~ "Digilent JTAG-HS2 210249854606A"} -index 0
stop
ps7_init
ps7_post_config
targets -set -nocase -filter {name =~ "ARM*#0" && jtag_cable_name =~ "Digilent JTAG-HS2 210249854606A"} -index 0
rst -processor
targets -set -nocase -filter {name =~ "ARM*#0" && jtag_cable_name =~ "Digilent JTAG-HS2 210249854606A"} -index 0
dow C:/ecg_full_release/project_1/project_1.sdk/2026_3_29/Debug/2026_3_29.elf
configparams force-mem-access 0
----------------End of Script----------------

18:18:02 INFO  : Context for processor 'ps7_cortexa9_0' is selected.
18:18:02 INFO  : 'con' command is executed.
18:18:02 INFO  : ----------------XSDB Script (After Launch)----------------
targets -set -nocase -filter {name =~ "ARM*#0" && jtag_cable_name =~ "Digilent JTAG-HS2 210249854606A"} -index 0
con
----------------End of Script----------------

18:18:02 INFO  : Disconnected from the channel tcfchan#7.
18:57:04 INFO  : Registering command handlers for SDK TCF services
18:57:04 INFO  : Launching XSCT server: xsct.bat -interactive C:\ecg_full_release\project_1\project_1.sdk\temp_xsdb_launch_script.tcl
18:57:05 INFO  : XSCT server has started successfully.
18:57:05 INFO  : Successfully done setting XSCT server connection channel  
18:57:05 INFO  : Successfully done setting SDK workspace  
18:57:05 INFO  : Processing command line option -hwspec C:/ecg_full_release/project_1/project_1.sdk/design_1_wrapper.hdf.
18:57:05 INFO  : Checking for hwspec changes in the project design_1_wrapper_hw_platform_1.
18:57:37 INFO  : Connected to target on host '127.0.0.1' and port '3121'.
18:57:37 INFO  : 'targets -set -filter {jtag_cable_name =~ "Digilent JTAG-HS2 210249854606A" && level==0} -index 1' command is executed.
18:57:41 INFO  : FPGA configured successfully with bitstream "C:/ecg_full_release/project_1/project_1.sdk/design_1_wrapper_hw_platform_0/design_1_wrapper.bit"
18:57:53 INFO  : 'targets -set -filter {jtag_cable_name =~ "Digilent JTAG-HS2 210249854606A" && level==0} -index 1' command is executed.
18:57:53 INFO  : 'fpga -state' command is executed.
18:57:53 INFO  : Connected to target on host '127.0.0.1' and port '3121'.
18:57:53 INFO  : Jtag cable 'Digilent JTAG-HS2 210249854606A' is selected.
18:57:53 INFO  : 'jtag frequency' command is executed.
18:57:53 INFO  : Sourcing of 'C:/ecg_full_release/project_1/project_1.sdk/design_1_wrapper_hw_platform_0/ps7_init.tcl' is done.
18:57:53 INFO  : Context for 'APU' is selected.
18:57:53 INFO  : Hardware design information is loaded from 'C:/ecg_full_release/project_1/project_1.sdk/design_1_wrapper_hw_platform_0/system.hdf'.
18:57:53 INFO  : 'configparams force-mem-access 1' command is executed.
18:57:53 INFO  : Context for 'APU' is selected.
18:57:53 INFO  : 'stop' command is executed.
18:57:54 INFO  : 'ps7_init' command is executed.
18:57:54 INFO  : 'ps7_post_config' command is executed.
18:57:54 INFO  : Context for processor 'ps7_cortexa9_0' is selected.
18:57:54 INFO  : Processor reset is completed for 'ps7_cortexa9_0'.
18:57:54 INFO  : Context for processor 'ps7_cortexa9_0' is selected.
18:57:59 INFO  : The application 'C:/ecg_full_release/project_1/project_1.sdk/2026_3_29/Debug/2026_3_29.elf' is downloaded to processor 'ps7_cortexa9_0'.
18:57:59 INFO  : 'configparams force-mem-access 0' command is executed.
18:57:59 INFO  : ----------------XSDB Script----------------
connect -url tcp:127.0.0.1:3121
source C:/ecg_full_release/project_1/project_1.sdk/design_1_wrapper_hw_platform_0/ps7_init.tcl
targets -set -nocase -filter {name =~"APU*" && jtag_cable_name =~ "Digilent JTAG-HS2 210249854606A"} -index 0
loadhw -hw C:/ecg_full_release/project_1/project_1.sdk/design_1_wrapper_hw_platform_0/system.hdf -mem-ranges [list {0x40000000 0xbfffffff}]
configparams force-mem-access 1
targets -set -nocase -filter {name =~"APU*" && jtag_cable_name =~ "Digilent JTAG-HS2 210249854606A"} -index 0
stop
ps7_init
ps7_post_config
targets -set -nocase -filter {name =~ "ARM*#0" && jtag_cable_name =~ "Digilent JTAG-HS2 210249854606A"} -index 0
rst -processor
targets -set -nocase -filter {name =~ "ARM*#0" && jtag_cable_name =~ "Digilent JTAG-HS2 210249854606A"} -index 0
dow C:/ecg_full_release/project_1/project_1.sdk/2026_3_29/Debug/2026_3_29.elf
configparams force-mem-access 0
----------------End of Script----------------

18:57:59 INFO  : Context for processor 'ps7_cortexa9_0' is selected.
18:57:59 INFO  : 'con' command is executed.
18:57:59 INFO  : ----------------XSDB Script (After Launch)----------------
targets -set -nocase -filter {name =~ "ARM*#0" && jtag_cable_name =~ "Digilent JTAG-HS2 210249854606A"} -index 0
con
----------------End of Script----------------

18:57:59 INFO  : Disconnected from the channel tcfchan#1.
21:07:38 INFO  : Registering command handlers for SDK TCF services
21:07:38 INFO  : Launching XSCT server: xsct.bat -interactive C:\ecg_full_release\project_1\project_1.sdk\temp_xsdb_launch_script.tcl
21:07:40 INFO  : XSCT server has started successfully.
21:07:40 INFO  : Successfully done setting XSCT server connection channel  
21:07:40 INFO  : Successfully done setting SDK workspace  
21:07:40 INFO  : Processing command line option -hwspec C:/ecg_full_release/project_1/project_1.sdk/design_1_wrapper.hdf.
21:07:40 INFO  : Checking for hwspec changes in the project design_1_wrapper_hw_platform_1.
21:14:15 INFO  : Connected to target on host '127.0.0.1' and port '3121'.
21:14:15 INFO  : 'targets -set -filter {jtag_cable_name =~ "Digilent JTAG-HS2 210249854606A" && level==0} -index 1' command is executed.
21:14:19 INFO  : FPGA configured successfully with bitstream "C:/ecg_full_release/project_1/project_1.sdk/design_1_wrapper_hw_platform_0/design_1_wrapper.bit"
21:14:31 INFO  : 'targets -set -filter {jtag_cable_name =~ "Digilent JTAG-HS2 210249854606A" && level==0} -index 1' command is executed.
21:14:31 INFO  : 'fpga -state' command is executed.
21:14:31 INFO  : Connected to target on host '127.0.0.1' and port '3121'.
21:14:31 INFO  : Jtag cable 'Digilent JTAG-HS2 210249854606A' is selected.
21:14:31 INFO  : 'jtag frequency' command is executed.
21:14:31 INFO  : Sourcing of 'C:/ecg_full_release/project_1/project_1.sdk/design_1_wrapper_hw_platform_0/ps7_init.tcl' is done.
21:14:31 INFO  : Context for 'APU' is selected.
21:14:31 INFO  : Hardware design information is loaded from 'C:/ecg_full_release/project_1/project_1.sdk/design_1_wrapper_hw_platform_0/system.hdf'.
21:14:31 INFO  : 'configparams force-mem-access 1' command is executed.
21:14:31 INFO  : Context for 'APU' is selected.
21:14:31 INFO  : 'stop' command is executed.
21:14:31 INFO  : 'ps7_init' command is executed.
21:14:31 INFO  : 'ps7_post_config' command is executed.
21:14:31 INFO  : Context for processor 'ps7_cortexa9_0' is selected.
21:14:31 INFO  : Processor reset is completed for 'ps7_cortexa9_0'.
21:14:31 INFO  : Context for processor 'ps7_cortexa9_0' is selected.
21:14:36 INFO  : The application 'C:/ecg_full_release/project_1/project_1.sdk/2026_3_29/Debug/2026_3_29.elf' is downloaded to processor 'ps7_cortexa9_0'.
21:14:36 INFO  : 'configparams force-mem-access 0' command is executed.
21:14:36 INFO  : ----------------XSDB Script----------------
connect -url tcp:127.0.0.1:3121
source C:/ecg_full_release/project_1/project_1.sdk/design_1_wrapper_hw_platform_0/ps7_init.tcl
targets -set -nocase -filter {name =~"APU*" && jtag_cable_name =~ "Digilent JTAG-HS2 210249854606A"} -index 0
loadhw -hw C:/ecg_full_release/project_1/project_1.sdk/design_1_wrapper_hw_platform_0/system.hdf -mem-ranges [list {0x40000000 0xbfffffff}]
configparams force-mem-access 1
targets -set -nocase -filter {name =~"APU*" && jtag_cable_name =~ "Digilent JTAG-HS2 210249854606A"} -index 0
stop
ps7_init
ps7_post_config
targets -set -nocase -filter {name =~ "ARM*#0" && jtag_cable_name =~ "Digilent JTAG-HS2 210249854606A"} -index 0
rst -processor
targets -set -nocase -filter {name =~ "ARM*#0" && jtag_cable_name =~ "Digilent JTAG-HS2 210249854606A"} -index 0
dow C:/ecg_full_release/project_1/project_1.sdk/2026_3_29/Debug/2026_3_29.elf
configparams force-mem-access 0
----------------End of Script----------------

21:14:37 INFO  : Context for processor 'ps7_cortexa9_0' is selected.
21:14:37 INFO  : 'con' command is executed.
21:14:37 INFO  : ----------------XSDB Script (After Launch)----------------
targets -set -nocase -filter {name =~ "ARM*#0" && jtag_cable_name =~ "Digilent JTAG-HS2 210249854606A"} -index 0
con
----------------End of Script----------------

21:14:37 INFO  : Disconnected from the channel tcfchan#1.
21:39:54 INFO  : Connected to target on host '127.0.0.1' and port '3121'.
21:39:54 INFO  : 'targets -set -filter {jtag_cable_name =~ "Digilent JTAG-HS2 210249854606A" && level==0} -index 1' command is executed.
21:39:57 INFO  : FPGA configured successfully with bitstream "C:/ecg_full_release/project_1/project_1.sdk/design_1_wrapper_hw_platform_0/design_1_wrapper.bit"
21:41:08 INFO  : Connected to target on host '127.0.0.1' and port '3121'.
21:41:08 INFO  : 'targets -set -filter {jtag_cable_name =~ "Digilent JTAG-HS2 210249854606A" && level==0} -index 1' command is executed.
21:41:12 INFO  : FPGA configured successfully with bitstream "C:/ecg_full_release/project_1/project_1.sdk/design_1_wrapper_hw_platform_0/design_1_wrapper.bit"
21:41:18 INFO  : 'targets -set -filter {jtag_cable_name =~ "Digilent JTAG-HS2 210249854606A" && level==0} -index 1' command is executed.
21:41:18 INFO  : 'fpga -state' command is executed.
21:41:18 INFO  : Connected to target on host '127.0.0.1' and port '3121'.
21:41:18 INFO  : Jtag cable 'Digilent JTAG-HS2 210249854606A' is selected.
21:41:18 INFO  : 'jtag frequency' command is executed.
21:41:18 INFO  : Sourcing of 'C:/ecg_full_release/project_1/project_1.sdk/design_1_wrapper_hw_platform_0/ps7_init.tcl' is done.
21:41:18 INFO  : Context for 'APU' is selected.
21:41:18 INFO  : Hardware design information is loaded from 'C:/ecg_full_release/project_1/project_1.sdk/design_1_wrapper_hw_platform_0/system.hdf'.
21:41:18 INFO  : 'configparams force-mem-access 1' command is executed.
21:41:18 INFO  : Context for 'APU' is selected.
21:41:18 INFO  : 'stop' command is executed.
21:41:19 INFO  : 'ps7_init' command is executed.
21:41:19 INFO  : 'ps7_post_config' command is executed.
21:41:19 INFO  : Context for processor 'ps7_cortexa9_0' is selected.
21:41:19 INFO  : Processor reset is completed for 'ps7_cortexa9_0'.
21:41:19 INFO  : Context for processor 'ps7_cortexa9_0' is selected.
21:41:21 INFO  : The application 'C:/ecg_full_release/project_1/project_1.sdk/2026_3_29/Debug/2026_3_29.elf' is downloaded to processor 'ps7_cortexa9_0'.
21:41:21 INFO  : 'configparams force-mem-access 0' command is executed.
21:41:21 INFO  : ----------------XSDB Script----------------
connect -url tcp:127.0.0.1:3121
source C:/ecg_full_release/project_1/project_1.sdk/design_1_wrapper_hw_platform_0/ps7_init.tcl
targets -set -nocase -filter {name =~"APU*" && jtag_cable_name =~ "Digilent JTAG-HS2 210249854606A"} -index 0
loadhw -hw C:/ecg_full_release/project_1/project_1.sdk/design_1_wrapper_hw_platform_0/system.hdf -mem-ranges [list {0x40000000 0xbfffffff}]
configparams force-mem-access 1
targets -set -nocase -filter {name =~"APU*" && jtag_cable_name =~ "Digilent JTAG-HS2 210249854606A"} -index 0
stop
ps7_init
ps7_post_config
targets -set -nocase -filter {name =~ "ARM*#0" && jtag_cable_name =~ "Digilent JTAG-HS2 210249854606A"} -index 0
rst -processor
targets -set -nocase -filter {name =~ "ARM*#0" && jtag_cable_name =~ "Digilent JTAG-HS2 210249854606A"} -index 0
dow C:/ecg_full_release/project_1/project_1.sdk/2026_3_29/Debug/2026_3_29.elf
configparams force-mem-access 0
----------------End of Script----------------

21:41:22 INFO  : Context for processor 'ps7_cortexa9_0' is selected.
21:41:22 INFO  : 'con' command is executed.
21:41:22 INFO  : ----------------XSDB Script (After Launch)----------------
targets -set -nocase -filter {name =~ "ARM*#0" && jtag_cable_name =~ "Digilent JTAG-HS2 210249854606A"} -index 0
con
----------------End of Script----------------

21:41:22 INFO  : Disconnected from the channel tcfchan#2.
21:58:11 INFO  : Registering command handlers for SDK TCF services
21:58:12 INFO  : Launching XSCT server: xsct.bat -interactive C:\ecg_full_release\project_1\project_1.sdk\temp_xsdb_launch_script.tcl
21:58:13 INFO  : XSCT server has started successfully.
21:58:13 INFO  : Successfully done setting XSCT server connection channel  
21:58:13 INFO  : Successfully done setting SDK workspace  
21:58:13 INFO  : Processing command line option -hwspec C:/ecg_full_release/project_1/project_1.sdk/design_1_wrapper.hdf.
21:58:13 INFO  : Checking for hwspec changes in the project design_1_wrapper_hw_platform_1.
21:58:47 INFO  : Connected to target on host '127.0.0.1' and port '3121'.
21:58:47 INFO  : 'targets -set -filter {jtag_cable_name =~ "Digilent JTAG-HS2 210249854606A" && level==0} -index 1' command is executed.
21:58:51 INFO  : FPGA configured successfully with bitstream "C:/ecg_full_release/project_1/project_1.sdk/design_1_wrapper_hw_platform_0/design_1_wrapper.bit"
21:59:37 INFO  : 'targets -set -filter {jtag_cable_name =~ "Digilent JTAG-HS2 210249854606A" && level==0} -index 1' command is executed.
21:59:37 INFO  : 'fpga -state' command is executed.
21:59:37 INFO  : Connected to target on host '127.0.0.1' and port '3121'.
21:59:37 INFO  : Jtag cable 'Digilent JTAG-HS2 210249854606A' is selected.
21:59:37 INFO  : 'jtag frequency' command is executed.
21:59:37 INFO  : Sourcing of 'C:/ecg_full_release/project_1/project_1.sdk/design_1_wrapper_hw_platform_0/ps7_init.tcl' is done.
21:59:37 INFO  : Context for 'APU' is selected.
21:59:37 INFO  : Hardware design information is loaded from 'C:/ecg_full_release/project_1/project_1.sdk/design_1_wrapper_hw_platform_0/system.hdf'.
21:59:37 INFO  : 'configparams force-mem-access 1' command is executed.
21:59:37 INFO  : Context for 'APU' is selected.
21:59:38 INFO  : 'stop' command is executed.
21:59:38 INFO  : 'ps7_init' command is executed.
21:59:38 INFO  : 'ps7_post_config' command is executed.
21:59:38 INFO  : Context for processor 'ps7_cortexa9_0' is selected.
21:59:38 INFO  : Processor reset is completed for 'ps7_cortexa9_0'.
21:59:38 INFO  : Context for processor 'ps7_cortexa9_0' is selected.
21:59:41 INFO  : The application 'C:/ecg_full_release/project_1/project_1.sdk/2026_3_29/Debug/2026_3_29.elf' is downloaded to processor 'ps7_cortexa9_0'.
21:59:41 INFO  : 'configparams force-mem-access 0' command is executed.
21:59:41 INFO  : ----------------XSDB Script----------------
connect -url tcp:127.0.0.1:3121
source C:/ecg_full_release/project_1/project_1.sdk/design_1_wrapper_hw_platform_0/ps7_init.tcl
targets -set -nocase -filter {name =~"APU*" && jtag_cable_name =~ "Digilent JTAG-HS2 210249854606A"} -index 0
loadhw -hw C:/ecg_full_release/project_1/project_1.sdk/design_1_wrapper_hw_platform_0/system.hdf -mem-ranges [list {0x40000000 0xbfffffff}]
configparams force-mem-access 1
targets -set -nocase -filter {name =~"APU*" && jtag_cable_name =~ "Digilent JTAG-HS2 210249854606A"} -index 0
stop
ps7_init
ps7_post_config
targets -set -nocase -filter {name =~ "ARM*#0" && jtag_cable_name =~ "Digilent JTAG-HS2 210249854606A"} -index 0
rst -processor
targets -set -nocase -filter {name =~ "ARM*#0" && jtag_cable_name =~ "Digilent JTAG-HS2 210249854606A"} -index 0
dow C:/ecg_full_release/project_1/project_1.sdk/2026_3_29/Debug/2026_3_29.elf
configparams force-mem-access 0
----------------End of Script----------------

21:59:41 INFO  : Context for processor 'ps7_cortexa9_0' is selected.
21:59:41 INFO  : 'con' command is executed.
21:59:41 INFO  : ----------------XSDB Script (After Launch)----------------
targets -set -nocase -filter {name =~ "ARM*#0" && jtag_cable_name =~ "Digilent JTAG-HS2 210249854606A"} -index 0
con
----------------End of Script----------------

21:59:41 INFO  : Disconnected from the channel tcfchan#1.
23:48:32 INFO  : Registering command handlers for SDK TCF services
23:48:32 INFO  : Launching XSCT server: xsct.bat -interactive C:\ecg_full_release\project_1\project_1.sdk\temp_xsdb_launch_script.tcl
23:48:34 INFO  : XSCT server has started successfully.
23:48:34 INFO  : Successfully done setting XSCT server connection channel  
23:48:34 INFO  : Successfully done setting SDK workspace  
23:48:34 INFO  : Processing command line option -hwspec C:/ecg_full_release/project_1/project_1.sdk/design_1_wrapper.hdf.
23:48:34 INFO  : Checking for hwspec changes in the project design_1_wrapper_hw_platform_1.
23:52:32 INFO  : Connected to target on host '127.0.0.1' and port '3121'.
23:52:32 INFO  : 'targets -set -filter {jtag_cable_name =~ "Digilent JTAG-HS2 210249854606A" && level==0} -index 1' command is executed.
23:52:35 INFO  : FPGA configured successfully with bitstream "C:/ecg_full_release/project_1/project_1.sdk/design_1_wrapper_hw_platform_0/design_1_wrapper.bit"
23:52:43 INFO  : 'targets -set -filter {jtag_cable_name =~ "Digilent JTAG-HS2 210249854606A" && level==0} -index 1' command is executed.
23:52:43 INFO  : 'fpga -state' command is executed.
23:52:43 INFO  : Connected to target on host '127.0.0.1' and port '3121'.
23:52:43 INFO  : Jtag cable 'Digilent JTAG-HS2 210249854606A' is selected.
23:52:43 INFO  : 'jtag frequency' command is executed.
23:52:43 INFO  : Sourcing of 'C:/ecg_full_release/project_1/project_1.sdk/design_1_wrapper_hw_platform_0/ps7_init.tcl' is done.
23:52:43 INFO  : Context for 'APU' is selected.
23:52:43 INFO  : Hardware design information is loaded from 'C:/ecg_full_release/project_1/project_1.sdk/design_1_wrapper_hw_platform_0/system.hdf'.
23:52:43 INFO  : 'configparams force-mem-access 1' command is executed.
23:52:43 INFO  : Context for 'APU' is selected.
23:52:43 INFO  : 'stop' command is executed.
23:52:43 INFO  : 'ps7_init' command is executed.
23:52:43 INFO  : 'ps7_post_config' command is executed.
23:52:43 INFO  : Context for processor 'ps7_cortexa9_0' is selected.
23:52:43 INFO  : Processor reset is completed for 'ps7_cortexa9_0'.
23:52:43 INFO  : Context for processor 'ps7_cortexa9_0' is selected.
23:52:48 INFO  : The application 'C:/ecg_full_release/project_1/project_1.sdk/2026_3_29/Debug/2026_3_29.elf' is downloaded to processor 'ps7_cortexa9_0'.
23:52:48 INFO  : 'configparams force-mem-access 0' command is executed.
23:52:48 INFO  : ----------------XSDB Script----------------
connect -url tcp:127.0.0.1:3121
source C:/ecg_full_release/project_1/project_1.sdk/design_1_wrapper_hw_platform_0/ps7_init.tcl
targets -set -nocase -filter {name =~"APU*" && jtag_cable_name =~ "Digilent JTAG-HS2 210249854606A"} -index 0
loadhw -hw C:/ecg_full_release/project_1/project_1.sdk/design_1_wrapper_hw_platform_0/system.hdf -mem-ranges [list {0x40000000 0xbfffffff}]
configparams force-mem-access 1
targets -set -nocase -filter {name =~"APU*" && jtag_cable_name =~ "Digilent JTAG-HS2 210249854606A"} -index 0
stop
ps7_init
ps7_post_config
targets -set -nocase -filter {name =~ "ARM*#0" && jtag_cable_name =~ "Digilent JTAG-HS2 210249854606A"} -index 0
rst -processor
targets -set -nocase -filter {name =~ "ARM*#0" && jtag_cable_name =~ "Digilent JTAG-HS2 210249854606A"} -index 0
dow C:/ecg_full_release/project_1/project_1.sdk/2026_3_29/Debug/2026_3_29.elf
configparams force-mem-access 0
----------------End of Script----------------

23:52:48 INFO  : Context for processor 'ps7_cortexa9_0' is selected.
23:52:48 INFO  : 'con' command is executed.
23:52:48 INFO  : ----------------XSDB Script (After Launch)----------------
targets -set -nocase -filter {name =~ "ARM*#0" && jtag_cable_name =~ "Digilent JTAG-HS2 210249854606A"} -index 0
con
----------------End of Script----------------

23:52:48 INFO  : Disconnected from the channel tcfchan#1.
00:37:58 INFO  : Registering command handlers for SDK TCF services
00:37:58 INFO  : Launching XSCT server: xsct.bat -interactive C:\ecg_full_release\project_1\project_1.sdk\temp_xsdb_launch_script.tcl
00:38:00 INFO  : XSCT server has started successfully.
00:38:00 INFO  : Successfully done setting XSCT server connection channel  
00:38:00 INFO  : Successfully done setting SDK workspace  
00:38:00 INFO  : Processing command line option -hwspec C:/ecg_full_release/project_1/project_1.sdk/design_1_wrapper.hdf.
00:38:00 INFO  : Checking for hwspec changes in the project design_1_wrapper_hw_platform_1.
00:42:57 INFO  : Connected to target on host '127.0.0.1' and port '3121'.
00:42:57 INFO  : 'targets -set -filter {jtag_cable_name =~ "Digilent JTAG-HS2 210249854606A" && level==0} -index 1' command is executed.
00:43:01 INFO  : FPGA configured successfully with bitstream "C:/ecg_full_release/project_1/project_1.sdk/design_1_wrapper_hw_platform_0/design_1_wrapper.bit"
00:43:06 INFO  : 'targets -set -filter {jtag_cable_name =~ "Digilent JTAG-HS2 210249854606A" && level==0} -index 1' command is executed.
00:43:06 INFO  : 'fpga -state' command is executed.
00:43:06 INFO  : Connected to target on host '127.0.0.1' and port '3121'.
00:43:07 INFO  : Jtag cable 'Digilent JTAG-HS2 210249854606A' is selected.
00:43:07 INFO  : 'jtag frequency' command is executed.
00:43:07 INFO  : Sourcing of 'C:/ecg_full_release/project_1/project_1.sdk/design_1_wrapper_hw_platform_0/ps7_init.tcl' is done.
00:43:07 INFO  : Context for 'APU' is selected.
00:43:07 INFO  : Hardware design information is loaded from 'C:/ecg_full_release/project_1/project_1.sdk/design_1_wrapper_hw_platform_0/system.hdf'.
00:43:07 INFO  : 'configparams force-mem-access 1' command is executed.
00:43:07 INFO  : Context for 'APU' is selected.
00:43:07 INFO  : 'stop' command is executed.
00:43:07 INFO  : 'ps7_init' command is executed.
00:43:07 INFO  : 'ps7_post_config' command is executed.
00:43:07 INFO  : Context for processor 'ps7_cortexa9_0' is selected.
00:43:07 INFO  : Processor reset is completed for 'ps7_cortexa9_0'.
00:43:07 INFO  : Context for processor 'ps7_cortexa9_0' is selected.
00:43:12 INFO  : The application 'C:/ecg_full_release/project_1/project_1.sdk/2026_3_29/Debug/2026_3_29.elf' is downloaded to processor 'ps7_cortexa9_0'.
00:43:12 INFO  : 'configparams force-mem-access 0' command is executed.
00:43:12 INFO  : ----------------XSDB Script----------------
connect -url tcp:127.0.0.1:3121
source C:/ecg_full_release/project_1/project_1.sdk/design_1_wrapper_hw_platform_0/ps7_init.tcl
targets -set -nocase -filter {name =~"APU*" && jtag_cable_name =~ "Digilent JTAG-HS2 210249854606A"} -index 0
loadhw -hw C:/ecg_full_release/project_1/project_1.sdk/design_1_wrapper_hw_platform_0/system.hdf -mem-ranges [list {0x40000000 0xbfffffff}]
configparams force-mem-access 1
targets -set -nocase -filter {name =~"APU*" && jtag_cable_name =~ "Digilent JTAG-HS2 210249854606A"} -index 0
stop
ps7_init
ps7_post_config
targets -set -nocase -filter {name =~ "ARM*#0" && jtag_cable_name =~ "Digilent JTAG-HS2 210249854606A"} -index 0
rst -processor
targets -set -nocase -filter {name =~ "ARM*#0" && jtag_cable_name =~ "Digilent JTAG-HS2 210249854606A"} -index 0
dow C:/ecg_full_release/project_1/project_1.sdk/2026_3_29/Debug/2026_3_29.elf
configparams force-mem-access 0
----------------End of Script----------------

00:43:12 INFO  : Context for processor 'ps7_cortexa9_0' is selected.
00:43:12 INFO  : 'con' command is executed.
00:43:12 INFO  : ----------------XSDB Script (After Launch)----------------
targets -set -nocase -filter {name =~ "ARM*#0" && jtag_cable_name =~ "Digilent JTAG-HS2 210249854606A"} -index 0
con
----------------End of Script----------------

00:43:12 INFO  : Disconnected from the channel tcfchan#1.
00:44:21 INFO  : Connected to target on host '127.0.0.1' and port '3121'.
00:44:21 INFO  : 'targets -set -filter {jtag_cable_name =~ "Digilent JTAG-HS2 210249854606A" && level==0} -index 1' command is executed.
00:44:25 INFO  : FPGA configured successfully with bitstream "C:/ecg_full_release/project_1/project_1.sdk/design_1_wrapper_hw_platform_0/design_1_wrapper.bit"
00:44:30 INFO  : 'targets -set -filter {jtag_cable_name =~ "Digilent JTAG-HS2 210249854606A" && level==0} -index 1' command is executed.
00:44:30 INFO  : 'fpga -state' command is executed.
00:44:30 INFO  : Connected to target on host '127.0.0.1' and port '3121'.
00:44:31 INFO  : Jtag cable 'Digilent JTAG-HS2 210249854606A' is selected.
00:44:31 INFO  : 'jtag frequency' command is executed.
00:44:31 INFO  : Sourcing of 'C:/ecg_full_release/project_1/project_1.sdk/design_1_wrapper_hw_platform_0/ps7_init.tcl' is done.
00:44:31 INFO  : Context for 'APU' is selected.
00:44:31 INFO  : Hardware design information is loaded from 'C:/ecg_full_release/project_1/project_1.sdk/design_1_wrapper_hw_platform_0/system.hdf'.
00:44:31 INFO  : 'configparams force-mem-access 1' command is executed.
00:44:31 INFO  : Context for 'APU' is selected.
00:44:31 INFO  : 'stop' command is executed.
00:44:31 INFO  : 'ps7_init' command is executed.
00:44:31 INFO  : 'ps7_post_config' command is executed.
00:44:31 INFO  : Context for processor 'ps7_cortexa9_0' is selected.
00:44:31 INFO  : Processor reset is completed for 'ps7_cortexa9_0'.
00:44:31 INFO  : Context for processor 'ps7_cortexa9_0' is selected.
00:44:36 INFO  : The application 'C:/ecg_full_release/project_1/project_1.sdk/2026_3_29/Debug/2026_3_29.elf' is downloaded to processor 'ps7_cortexa9_0'.
00:44:36 INFO  : 'configparams force-mem-access 0' command is executed.
00:44:36 INFO  : ----------------XSDB Script----------------
connect -url tcp:127.0.0.1:3121
source C:/ecg_full_release/project_1/project_1.sdk/design_1_wrapper_hw_platform_0/ps7_init.tcl
targets -set -nocase -filter {name =~"APU*" && jtag_cable_name =~ "Digilent JTAG-HS2 210249854606A"} -index 0
loadhw -hw C:/ecg_full_release/project_1/project_1.sdk/design_1_wrapper_hw_platform_0/system.hdf -mem-ranges [list {0x40000000 0xbfffffff}]
configparams force-mem-access 1
targets -set -nocase -filter {name =~"APU*" && jtag_cable_name =~ "Digilent JTAG-HS2 210249854606A"} -index 0
stop
ps7_init
ps7_post_config
targets -set -nocase -filter {name =~ "ARM*#0" && jtag_cable_name =~ "Digilent JTAG-HS2 210249854606A"} -index 0
rst -processor
targets -set -nocase -filter {name =~ "ARM*#0" && jtag_cable_name =~ "Digilent JTAG-HS2 210249854606A"} -index 0
dow C:/ecg_full_release/project_1/project_1.sdk/2026_3_29/Debug/2026_3_29.elf
configparams force-mem-access 0
----------------End of Script----------------

00:44:36 INFO  : Context for processor 'ps7_cortexa9_0' is selected.
00:44:36 INFO  : 'con' command is executed.
00:44:36 INFO  : ----------------XSDB Script (After Launch)----------------
targets -set -nocase -filter {name =~ "ARM*#0" && jtag_cable_name =~ "Digilent JTAG-HS2 210249854606A"} -index 0
con
----------------End of Script----------------

00:44:36 INFO  : Disconnected from the channel tcfchan#2.
00:45:15 INFO  : Connected to target on host '127.0.0.1' and port '3121'.
00:45:16 INFO  : 'targets -set -filter {jtag_cable_name =~ "Digilent JTAG-HS2 210249854606A" && level==0} -index 1' command is executed.
00:45:19 INFO  : FPGA configured successfully with bitstream "C:/ecg_full_release/project_1/project_1.sdk/design_1_wrapper_hw_platform_0/design_1_wrapper.bit"
00:45:37 INFO  : 'targets -set -filter {jtag_cable_name =~ "Digilent JTAG-HS2 210249854606A" && level==0} -index 1' command is executed.
00:45:37 INFO  : 'fpga -state' command is executed.
00:45:37 INFO  : Connected to target on host '127.0.0.1' and port '3121'.
00:45:37 INFO  : Jtag cable 'Digilent JTAG-HS2 210249854606A' is selected.
00:45:37 INFO  : 'jtag frequency' command is executed.
00:45:37 INFO  : Sourcing of 'C:/ecg_full_release/project_1/project_1.sdk/design_1_wrapper_hw_platform_0/ps7_init.tcl' is done.
00:45:37 INFO  : Context for 'APU' is selected.
00:45:37 INFO  : Hardware design information is loaded from 'C:/ecg_full_release/project_1/project_1.sdk/design_1_wrapper_hw_platform_0/system.hdf'.
00:45:37 INFO  : 'configparams force-mem-access 1' command is executed.
00:45:37 INFO  : Context for 'APU' is selected.
00:45:37 INFO  : 'stop' command is executed.
00:45:38 INFO  : 'ps7_init' command is executed.
00:45:38 INFO  : 'ps7_post_config' command is executed.
00:45:38 INFO  : Context for processor 'ps7_cortexa9_0' is selected.
00:45:38 INFO  : Processor reset is completed for 'ps7_cortexa9_0'.
00:45:38 INFO  : Context for processor 'ps7_cortexa9_0' is selected.
00:45:43 INFO  : The application 'C:/ecg_full_release/project_1/project_1.sdk/2026_3_29/Debug/2026_3_29.elf' is downloaded to processor 'ps7_cortexa9_0'.
00:45:43 INFO  : 'configparams force-mem-access 0' command is executed.
00:45:43 INFO  : ----------------XSDB Script----------------
connect -url tcp:127.0.0.1:3121
source C:/ecg_full_release/project_1/project_1.sdk/design_1_wrapper_hw_platform_0/ps7_init.tcl
targets -set -nocase -filter {name =~"APU*" && jtag_cable_name =~ "Digilent JTAG-HS2 210249854606A"} -index 0
loadhw -hw C:/ecg_full_release/project_1/project_1.sdk/design_1_wrapper_hw_platform_0/system.hdf -mem-ranges [list {0x40000000 0xbfffffff}]
configparams force-mem-access 1
targets -set -nocase -filter {name =~"APU*" && jtag_cable_name =~ "Digilent JTAG-HS2 210249854606A"} -index 0
stop
ps7_init
ps7_post_config
targets -set -nocase -filter {name =~ "ARM*#0" && jtag_cable_name =~ "Digilent JTAG-HS2 210249854606A"} -index 0
rst -processor
targets -set -nocase -filter {name =~ "ARM*#0" && jtag_cable_name =~ "Digilent JTAG-HS2 210249854606A"} -index 0
dow C:/ecg_full_release/project_1/project_1.sdk/2026_3_29/Debug/2026_3_29.elf
configparams force-mem-access 0
----------------End of Script----------------

00:45:43 INFO  : Context for processor 'ps7_cortexa9_0' is selected.
00:45:43 INFO  : 'con' command is executed.
00:45:43 INFO  : ----------------XSDB Script (After Launch)----------------
targets -set -nocase -filter {name =~ "ARM*#0" && jtag_cable_name =~ "Digilent JTAG-HS2 210249854606A"} -index 0
con
----------------End of Script----------------

00:45:43 INFO  : Disconnected from the channel tcfchan#3.
00:52:33 INFO  : Connected to target on host '127.0.0.1' and port '3121'.
00:52:33 INFO  : 'targets -set -filter {jtag_cable_name =~ "Digilent JTAG-HS2 210249854606A" && level==0} -index 1' command is executed.
00:52:37 INFO  : FPGA configured successfully with bitstream "C:/ecg_full_release/project_1/project_1.sdk/design_1_wrapper_hw_platform_0/design_1_wrapper.bit"
00:52:45 INFO  : 'targets -set -filter {jtag_cable_name =~ "Digilent JTAG-HS2 210249854606A" && level==0} -index 1' command is executed.
00:52:45 INFO  : 'fpga -state' command is executed.
00:52:45 INFO  : Connected to target on host '127.0.0.1' and port '3121'.
00:52:46 INFO  : Jtag cable 'Digilent JTAG-HS2 210249854606A' is selected.
00:52:46 INFO  : 'jtag frequency' command is executed.
00:52:46 INFO  : Sourcing of 'C:/ecg_full_release/project_1/project_1.sdk/design_1_wrapper_hw_platform_0/ps7_init.tcl' is done.
00:52:46 INFO  : Context for 'APU' is selected.
00:52:46 INFO  : Hardware design information is loaded from 'C:/ecg_full_release/project_1/project_1.sdk/design_1_wrapper_hw_platform_0/system.hdf'.
00:52:46 INFO  : 'configparams force-mem-access 1' command is executed.
00:52:46 INFO  : Context for 'APU' is selected.
00:52:46 INFO  : 'stop' command is executed.
00:52:46 INFO  : 'ps7_init' command is executed.
00:52:46 INFO  : 'ps7_post_config' command is executed.
00:52:46 INFO  : Context for processor 'ps7_cortexa9_0' is selected.
00:52:46 INFO  : Processor reset is completed for 'ps7_cortexa9_0'.
00:52:46 INFO  : Context for processor 'ps7_cortexa9_0' is selected.
00:52:51 INFO  : The application 'C:/ecg_full_release/project_1/project_1.sdk/2026_3_29/Debug/2026_3_29.elf' is downloaded to processor 'ps7_cortexa9_0'.
00:52:51 INFO  : 'configparams force-mem-access 0' command is executed.
00:52:51 INFO  : ----------------XSDB Script----------------
connect -url tcp:127.0.0.1:3121
source C:/ecg_full_release/project_1/project_1.sdk/design_1_wrapper_hw_platform_0/ps7_init.tcl
targets -set -nocase -filter {name =~"APU*" && jtag_cable_name =~ "Digilent JTAG-HS2 210249854606A"} -index 0
loadhw -hw C:/ecg_full_release/project_1/project_1.sdk/design_1_wrapper_hw_platform_0/system.hdf -mem-ranges [list {0x40000000 0xbfffffff}]
configparams force-mem-access 1
targets -set -nocase -filter {name =~"APU*" && jtag_cable_name =~ "Digilent JTAG-HS2 210249854606A"} -index 0
stop
ps7_init
ps7_post_config
targets -set -nocase -filter {name =~ "ARM*#0" && jtag_cable_name =~ "Digilent JTAG-HS2 210249854606A"} -index 0
rst -processor
targets -set -nocase -filter {name =~ "ARM*#0" && jtag_cable_name =~ "Digilent JTAG-HS2 210249854606A"} -index 0
dow C:/ecg_full_release/project_1/project_1.sdk/2026_3_29/Debug/2026_3_29.elf
configparams force-mem-access 0
----------------End of Script----------------

00:52:51 INFO  : Context for processor 'ps7_cortexa9_0' is selected.
00:52:51 INFO  : 'con' command is executed.
00:52:51 INFO  : ----------------XSDB Script (After Launch)----------------
targets -set -nocase -filter {name =~ "ARM*#0" && jtag_cable_name =~ "Digilent JTAG-HS2 210249854606A"} -index 0
con
----------------End of Script----------------

00:52:51 INFO  : Disconnected from the channel tcfchan#4.
02:22:36 INFO  : Connected to target on host '127.0.0.1' and port '3121'.
02:22:36 INFO  : 'targets -set -filter {jtag_cable_name =~ "Digilent JTAG-HS2 210249854606A" && level==0} -index 1' command is executed.
02:22:39 INFO  : FPGA configured successfully with bitstream "C:/ecg_full_release/project_1/project_1.sdk/design_1_wrapper_hw_platform_0/design_1_wrapper.bit"
02:22:46 INFO  : 'targets -set -filter {jtag_cable_name =~ "Digilent JTAG-HS2 210249854606A" && level==0} -index 1' command is executed.
02:22:46 INFO  : 'fpga -state' command is executed.
02:22:46 INFO  : Connected to target on host '127.0.0.1' and port '3121'.
02:22:46 INFO  : Jtag cable 'Digilent JTAG-HS2 210249854606A' is selected.
02:22:46 INFO  : 'jtag frequency' command is executed.
02:22:47 INFO  : Sourcing of 'C:/ecg_full_release/project_1/project_1.sdk/design_1_wrapper_hw_platform_0/ps7_init.tcl' is done.
02:22:47 INFO  : Context for 'APU' is selected.
02:22:47 INFO  : Hardware design information is loaded from 'C:/ecg_full_release/project_1/project_1.sdk/design_1_wrapper_hw_platform_0/system.hdf'.
02:22:47 INFO  : 'configparams force-mem-access 1' command is executed.
02:22:47 INFO  : Context for 'APU' is selected.
02:22:47 INFO  : 'stop' command is executed.
02:22:47 INFO  : 'ps7_init' command is executed.
02:22:47 INFO  : 'ps7_post_config' command is executed.
02:22:47 INFO  : Context for processor 'ps7_cortexa9_0' is selected.
02:22:47 INFO  : Processor reset is completed for 'ps7_cortexa9_0'.
02:22:47 INFO  : Context for processor 'ps7_cortexa9_0' is selected.
02:22:52 INFO  : The application 'C:/ecg_full_release/project_1/project_1.sdk/2026_3_29/Debug/2026_3_29.elf' is downloaded to processor 'ps7_cortexa9_0'.
02:22:52 INFO  : 'configparams force-mem-access 0' command is executed.
02:22:52 INFO  : ----------------XSDB Script----------------
connect -url tcp:127.0.0.1:3121
source C:/ecg_full_release/project_1/project_1.sdk/design_1_wrapper_hw_platform_0/ps7_init.tcl
targets -set -nocase -filter {name =~"APU*" && jtag_cable_name =~ "Digilent JTAG-HS2 210249854606A"} -index 0
loadhw -hw C:/ecg_full_release/project_1/project_1.sdk/design_1_wrapper_hw_platform_0/system.hdf -mem-ranges [list {0x40000000 0xbfffffff}]
configparams force-mem-access 1
targets -set -nocase -filter {name =~"APU*" && jtag_cable_name =~ "Digilent JTAG-HS2 210249854606A"} -index 0
stop
ps7_init
ps7_post_config
targets -set -nocase -filter {name =~ "ARM*#0" && jtag_cable_name =~ "Digilent JTAG-HS2 210249854606A"} -index 0
rst -processor
targets -set -nocase -filter {name =~ "ARM*#0" && jtag_cable_name =~ "Digilent JTAG-HS2 210249854606A"} -index 0
dow C:/ecg_full_release/project_1/project_1.sdk/2026_3_29/Debug/2026_3_29.elf
configparams force-mem-access 0
----------------End of Script----------------

02:22:52 INFO  : Context for processor 'ps7_cortexa9_0' is selected.
02:22:52 INFO  : 'con' command is executed.
02:22:52 INFO  : ----------------XSDB Script (After Launch)----------------
targets -set -nocase -filter {name =~ "ARM*#0" && jtag_cable_name =~ "Digilent JTAG-HS2 210249854606A"} -index 0
con
----------------End of Script----------------

02:22:52 INFO  : Disconnected from the channel tcfchan#5.
02:27:57 INFO  : Connected to target on host '127.0.0.1' and port '3121'.
02:27:58 INFO  : 'targets -set -filter {jtag_cable_name =~ "Digilent JTAG-HS2 210249854606A" && level==0} -index 1' command is executed.
02:28:01 INFO  : FPGA configured successfully with bitstream "C:/ecg_full_release/project_1/project_1.sdk/design_1_wrapper_hw_platform_0/design_1_wrapper.bit"
02:28:08 INFO  : 'targets -set -filter {jtag_cable_name =~ "Digilent JTAG-HS2 210249854606A" && level==0} -index 1' command is executed.
02:28:08 INFO  : 'fpga -state' command is executed.
02:28:08 INFO  : Connected to target on host '127.0.0.1' and port '3121'.
02:28:09 INFO  : Jtag cable 'Digilent JTAG-HS2 210249854606A' is selected.
02:28:09 INFO  : 'jtag frequency' command is executed.
02:28:09 INFO  : Sourcing of 'C:/ecg_full_release/project_1/project_1.sdk/design_1_wrapper_hw_platform_0/ps7_init.tcl' is done.
02:28:09 INFO  : Context for 'APU' is selected.
02:28:09 INFO  : Hardware design information is loaded from 'C:/ecg_full_release/project_1/project_1.sdk/design_1_wrapper_hw_platform_0/system.hdf'.
02:28:09 INFO  : 'configparams force-mem-access 1' command is executed.
02:28:09 INFO  : Context for 'APU' is selected.
02:28:09 INFO  : 'stop' command is executed.
02:28:09 INFO  : 'ps7_init' command is executed.
02:28:09 INFO  : 'ps7_post_config' command is executed.
02:28:09 INFO  : Context for processor 'ps7_cortexa9_0' is selected.
02:28:09 INFO  : Processor reset is completed for 'ps7_cortexa9_0'.
02:28:09 INFO  : Context for processor 'ps7_cortexa9_0' is selected.
02:28:14 INFO  : The application 'C:/ecg_full_release/project_1/project_1.sdk/2026_3_29/Debug/2026_3_29.elf' is downloaded to processor 'ps7_cortexa9_0'.
02:28:14 INFO  : 'configparams force-mem-access 0' command is executed.
02:28:14 INFO  : ----------------XSDB Script----------------
connect -url tcp:127.0.0.1:3121
source C:/ecg_full_release/project_1/project_1.sdk/design_1_wrapper_hw_platform_0/ps7_init.tcl
targets -set -nocase -filter {name =~"APU*" && jtag_cable_name =~ "Digilent JTAG-HS2 210249854606A"} -index 0
loadhw -hw C:/ecg_full_release/project_1/project_1.sdk/design_1_wrapper_hw_platform_0/system.hdf -mem-ranges [list {0x40000000 0xbfffffff}]
configparams force-mem-access 1
targets -set -nocase -filter {name =~"APU*" && jtag_cable_name =~ "Digilent JTAG-HS2 210249854606A"} -index 0
stop
ps7_init
ps7_post_config
targets -set -nocase -filter {name =~ "ARM*#0" && jtag_cable_name =~ "Digilent JTAG-HS2 210249854606A"} -index 0
rst -processor
targets -set -nocase -filter {name =~ "ARM*#0" && jtag_cable_name =~ "Digilent JTAG-HS2 210249854606A"} -index 0
dow C:/ecg_full_release/project_1/project_1.sdk/2026_3_29/Debug/2026_3_29.elf
configparams force-mem-access 0
----------------End of Script----------------

02:28:14 INFO  : Context for processor 'ps7_cortexa9_0' is selected.
02:28:14 INFO  : 'con' command is executed.
02:28:14 INFO  : ----------------XSDB Script (After Launch)----------------
targets -set -nocase -filter {name =~ "ARM*#0" && jtag_cable_name =~ "Digilent JTAG-HS2 210249854606A"} -index 0
con
----------------End of Script----------------

02:28:14 INFO  : Disconnected from the channel tcfchan#6.
02:49:32 INFO  : Connected to target on host '127.0.0.1' and port '3121'.
02:49:32 INFO  : 'targets -set -filter {jtag_cable_name =~ "Digilent JTAG-HS2 210249854606A" && level==0} -index 1' command is executed.
02:49:35 INFO  : FPGA configured successfully with bitstream "C:/ecg_full_release/project_1/project_1.sdk/design_1_wrapper_hw_platform_0/design_1_wrapper.bit"
02:49:47 INFO  : 'targets -set -filter {jtag_cable_name =~ "Digilent JTAG-HS2 210249854606A" && level==0} -index 1' command is executed.
02:49:47 INFO  : 'fpga -state' command is executed.
02:49:47 INFO  : Connected to target on host '127.0.0.1' and port '3121'.
02:49:47 INFO  : Jtag cable 'Digilent JTAG-HS2 210249854606A' is selected.
02:49:47 INFO  : 'jtag frequency' command is executed.
02:49:47 INFO  : Sourcing of 'C:/ecg_full_release/project_1/project_1.sdk/design_1_wrapper_hw_platform_0/ps7_init.tcl' is done.
02:49:48 INFO  : Context for 'APU' is selected.
02:49:48 INFO  : Hardware design information is loaded from 'C:/ecg_full_release/project_1/project_1.sdk/design_1_wrapper_hw_platform_0/system.hdf'.
02:49:48 INFO  : 'configparams force-mem-access 1' command is executed.
02:49:48 INFO  : Context for 'APU' is selected.
02:49:48 INFO  : 'stop' command is executed.
02:49:48 INFO  : 'ps7_init' command is executed.
02:49:48 INFO  : 'ps7_post_config' command is executed.
02:49:48 INFO  : Context for processor 'ps7_cortexa9_0' is selected.
02:49:48 INFO  : Processor reset is completed for 'ps7_cortexa9_0'.
02:49:48 INFO  : Context for processor 'ps7_cortexa9_0' is selected.
02:49:53 INFO  : The application 'C:/ecg_full_release/project_1/project_1.sdk/2026_3_29/Debug/2026_3_29.elf' is downloaded to processor 'ps7_cortexa9_0'.
02:49:53 INFO  : 'configparams force-mem-access 0' command is executed.
02:49:53 INFO  : ----------------XSDB Script----------------
connect -url tcp:127.0.0.1:3121
source C:/ecg_full_release/project_1/project_1.sdk/design_1_wrapper_hw_platform_0/ps7_init.tcl
targets -set -nocase -filter {name =~"APU*" && jtag_cable_name =~ "Digilent JTAG-HS2 210249854606A"} -index 0
loadhw -hw C:/ecg_full_release/project_1/project_1.sdk/design_1_wrapper_hw_platform_0/system.hdf -mem-ranges [list {0x40000000 0xbfffffff}]
configparams force-mem-access 1
targets -set -nocase -filter {name =~"APU*" && jtag_cable_name =~ "Digilent JTAG-HS2 210249854606A"} -index 0
stop
ps7_init
ps7_post_config
targets -set -nocase -filter {name =~ "ARM*#0" && jtag_cable_name =~ "Digilent JTAG-HS2 210249854606A"} -index 0
rst -processor
targets -set -nocase -filter {name =~ "ARM*#0" && jtag_cable_name =~ "Digilent JTAG-HS2 210249854606A"} -index 0
dow C:/ecg_full_release/project_1/project_1.sdk/2026_3_29/Debug/2026_3_29.elf
configparams force-mem-access 0
----------------End of Script----------------

02:49:53 INFO  : Context for processor 'ps7_cortexa9_0' is selected.
02:49:53 INFO  : 'con' command is executed.
02:49:53 INFO  : ----------------XSDB Script (After Launch)----------------
targets -set -nocase -filter {name =~ "ARM*#0" && jtag_cable_name =~ "Digilent JTAG-HS2 210249854606A"} -index 0
con
----------------End of Script----------------

02:49:53 INFO  : Disconnected from the channel tcfchan#7.
03:19:37 INFO  : Connected to target on host '127.0.0.1' and port '3121'.
03:19:37 INFO  : 'targets -set -filter {jtag_cable_name =~ "Digilent JTAG-HS2 210249854606A" && level==0} -index 1' command is executed.
03:19:41 INFO  : FPGA configured successfully with bitstream "C:/ecg_full_release/project_1/project_1.sdk/design_1_wrapper_hw_platform_0/design_1_wrapper.bit"
03:19:49 INFO  : 'targets -set -filter {jtag_cable_name =~ "Digilent JTAG-HS2 210249854606A" && level==0} -index 1' command is executed.
03:19:49 INFO  : 'fpga -state' command is executed.
03:19:49 INFO  : Connected to target on host '127.0.0.1' and port '3121'.
03:19:50 INFO  : Jtag cable 'Digilent JTAG-HS2 210249854606A' is selected.
03:19:50 INFO  : 'jtag frequency' command is executed.
03:19:50 INFO  : Sourcing of 'C:/ecg_full_release/project_1/project_1.sdk/design_1_wrapper_hw_platform_0/ps7_init.tcl' is done.
03:19:50 INFO  : Context for 'APU' is selected.
03:19:50 INFO  : Hardware design information is loaded from 'C:/ecg_full_release/project_1/project_1.sdk/design_1_wrapper_hw_platform_0/system.hdf'.
03:19:50 INFO  : 'configparams force-mem-access 1' command is executed.
03:19:50 INFO  : Context for 'APU' is selected.
03:19:50 INFO  : 'stop' command is executed.
03:19:50 INFO  : 'ps7_init' command is executed.
03:19:50 INFO  : 'ps7_post_config' command is executed.
03:19:50 INFO  : Context for processor 'ps7_cortexa9_0' is selected.
03:19:50 INFO  : Processor reset is completed for 'ps7_cortexa9_0'.
03:19:50 INFO  : Context for processor 'ps7_cortexa9_0' is selected.
03:19:55 INFO  : The application 'C:/ecg_full_release/project_1/project_1.sdk/2026_3_29/Debug/2026_3_29.elf' is downloaded to processor 'ps7_cortexa9_0'.
03:19:55 INFO  : 'configparams force-mem-access 0' command is executed.
03:19:55 INFO  : ----------------XSDB Script----------------
connect -url tcp:127.0.0.1:3121
source C:/ecg_full_release/project_1/project_1.sdk/design_1_wrapper_hw_platform_0/ps7_init.tcl
targets -set -nocase -filter {name =~"APU*" && jtag_cable_name =~ "Digilent JTAG-HS2 210249854606A"} -index 0
loadhw -hw C:/ecg_full_release/project_1/project_1.sdk/design_1_wrapper_hw_platform_0/system.hdf -mem-ranges [list {0x40000000 0xbfffffff}]
configparams force-mem-access 1
targets -set -nocase -filter {name =~"APU*" && jtag_cable_name =~ "Digilent JTAG-HS2 210249854606A"} -index 0
stop
ps7_init
ps7_post_config
targets -set -nocase -filter {name =~ "ARM*#0" && jtag_cable_name =~ "Digilent JTAG-HS2 210249854606A"} -index 0
rst -processor
targets -set -nocase -filter {name =~ "ARM*#0" && jtag_cable_name =~ "Digilent JTAG-HS2 210249854606A"} -index 0
dow C:/ecg_full_release/project_1/project_1.sdk/2026_3_29/Debug/2026_3_29.elf
configparams force-mem-access 0
----------------End of Script----------------

03:19:55 INFO  : Context for processor 'ps7_cortexa9_0' is selected.
03:19:55 INFO  : 'con' command is executed.
03:19:55 INFO  : ----------------XSDB Script (After Launch)----------------
targets -set -nocase -filter {name =~ "ARM*#0" && jtag_cable_name =~ "Digilent JTAG-HS2 210249854606A"} -index 0
con
----------------End of Script----------------

03:19:55 INFO  : Disconnected from the channel tcfchan#8.
03:20:39 INFO  : Connected to target on host '127.0.0.1' and port '3121'.
03:20:39 INFO  : 'targets -set -filter {jtag_cable_name =~ "Digilent JTAG-HS2 210249854606A" && level==0} -index 1' command is executed.
03:20:43 INFO  : FPGA configured successfully with bitstream "C:/ecg_full_release/project_1/project_1.sdk/design_1_wrapper_hw_platform_0/design_1_wrapper.bit"
03:20:50 INFO  : 'targets -set -filter {jtag_cable_name =~ "Digilent JTAG-HS2 210249854606A" && level==0} -index 1' command is executed.
03:20:50 INFO  : 'fpga -state' command is executed.
03:20:50 INFO  : Connected to target on host '127.0.0.1' and port '3121'.
03:20:50 INFO  : Jtag cable 'Digilent JTAG-HS2 210249854606A' is selected.
03:20:50 INFO  : 'jtag frequency' command is executed.
03:20:50 INFO  : Sourcing of 'C:/ecg_full_release/project_1/project_1.sdk/design_1_wrapper_hw_platform_0/ps7_init.tcl' is done.
03:20:50 INFO  : Context for 'APU' is selected.
03:20:50 INFO  : Hardware design information is loaded from 'C:/ecg_full_release/project_1/project_1.sdk/design_1_wrapper_hw_platform_0/system.hdf'.
03:20:50 INFO  : 'configparams force-mem-access 1' command is executed.
03:20:50 INFO  : Context for 'APU' is selected.
03:20:51 INFO  : 'stop' command is executed.
03:20:51 INFO  : 'ps7_init' command is executed.
03:20:51 INFO  : 'ps7_post_config' command is executed.
03:20:51 INFO  : Context for processor 'ps7_cortexa9_0' is selected.
03:20:51 INFO  : Processor reset is completed for 'ps7_cortexa9_0'.
03:20:51 INFO  : Context for processor 'ps7_cortexa9_0' is selected.
03:20:56 INFO  : The application 'C:/ecg_full_release/project_1/project_1.sdk/2026_3_29/Debug/2026_3_29.elf' is downloaded to processor 'ps7_cortexa9_0'.
03:20:56 INFO  : 'configparams force-mem-access 0' command is executed.
03:20:56 INFO  : ----------------XSDB Script----------------
connect -url tcp:127.0.0.1:3121
source C:/ecg_full_release/project_1/project_1.sdk/design_1_wrapper_hw_platform_0/ps7_init.tcl
targets -set -nocase -filter {name =~"APU*" && jtag_cable_name =~ "Digilent JTAG-HS2 210249854606A"} -index 0
loadhw -hw C:/ecg_full_release/project_1/project_1.sdk/design_1_wrapper_hw_platform_0/system.hdf -mem-ranges [list {0x40000000 0xbfffffff}]
configparams force-mem-access 1
targets -set -nocase -filter {name =~"APU*" && jtag_cable_name =~ "Digilent JTAG-HS2 210249854606A"} -index 0
stop
ps7_init
ps7_post_config
targets -set -nocase -filter {name =~ "ARM*#0" && jtag_cable_name =~ "Digilent JTAG-HS2 210249854606A"} -index 0
rst -processor
targets -set -nocase -filter {name =~ "ARM*#0" && jtag_cable_name =~ "Digilent JTAG-HS2 210249854606A"} -index 0
dow C:/ecg_full_release/project_1/project_1.sdk/2026_3_29/Debug/2026_3_29.elf
configparams force-mem-access 0
----------------End of Script----------------

03:20:56 INFO  : Context for processor 'ps7_cortexa9_0' is selected.
03:20:56 INFO  : 'con' command is executed.
03:20:56 INFO  : ----------------XSDB Script (After Launch)----------------
targets -set -nocase -filter {name =~ "ARM*#0" && jtag_cable_name =~ "Digilent JTAG-HS2 210249854606A"} -index 0
con
----------------End of Script----------------

03:20:56 INFO  : Disconnected from the channel tcfchan#9.
13:49:26 INFO  : Registering command handlers for SDK TCF services
13:49:27 INFO  : Launching XSCT server: xsct.bat -interactive C:\ecg_full_release\project_1\project_1.sdk\temp_xsdb_launch_script.tcl
13:49:30 INFO  : XSCT server has started successfully.
13:49:30 INFO  : Successfully done setting XSCT server connection channel  
13:49:38 INFO  : Successfully done setting SDK workspace  
13:49:38 INFO  : Processing command line option -hwspec C:/ecg_full_release/project_1/project_1.sdk/design_1_wrapper.hdf.
13:49:38 INFO  : Checking for hwspec changes in the project design_1_wrapper_hw_platform_1.
14:04:11 INFO  : Connected to target on host '127.0.0.1' and port '3121'.
14:04:11 INFO  : 'targets -set -filter {jtag_cable_name =~ "Digilent JTAG-HS2 210249854606A" && level==0} -index 1' command is executed.
14:04:14 INFO  : FPGA configured successfully with bitstream "C:/ecg_full_release/project_1/project_1.sdk/design_1_wrapper_hw_platform_0/design_1_wrapper.bit"
14:04:28 INFO  : 'targets -set -filter {jtag_cable_name =~ "Digilent JTAG-HS2 210249854606A" && level==0} -index 1' command is executed.
14:04:28 INFO  : 'fpga -state' command is executed.
14:04:28 INFO  : Connected to target on host '127.0.0.1' and port '3121'.
14:04:28 INFO  : Jtag cable 'Digilent JTAG-HS2 210249854606A' is selected.
14:04:28 INFO  : 'jtag frequency' command is executed.
14:04:28 INFO  : Sourcing of 'C:/ecg_full_release/project_1/project_1.sdk/design_1_wrapper_hw_platform_0/ps7_init.tcl' is done.
14:04:28 INFO  : Context for 'APU' is selected.
14:04:28 INFO  : Hardware design information is loaded from 'C:/ecg_full_release/project_1/project_1.sdk/design_1_wrapper_hw_platform_0/system.hdf'.
14:04:28 INFO  : 'configparams force-mem-access 1' command is executed.
14:04:28 INFO  : Context for 'APU' is selected.
14:04:28 INFO  : 'stop' command is executed.
14:04:28 INFO  : 'ps7_init' command is executed.
14:04:28 INFO  : 'ps7_post_config' command is executed.
14:04:28 INFO  : Context for processor 'ps7_cortexa9_0' is selected.
14:04:28 INFO  : Processor reset is completed for 'ps7_cortexa9_0'.
14:04:28 INFO  : Context for processor 'ps7_cortexa9_0' is selected.
14:04:34 INFO  : The application 'C:/ecg_full_release/project_1/project_1.sdk/2026_3_29/Debug/2026_3_29.elf' is downloaded to processor 'ps7_cortexa9_0'.
14:04:34 INFO  : 'configparams force-mem-access 0' command is executed.
14:04:34 INFO  : ----------------XSDB Script----------------
connect -url tcp:127.0.0.1:3121
source C:/ecg_full_release/project_1/project_1.sdk/design_1_wrapper_hw_platform_0/ps7_init.tcl
targets -set -nocase -filter {name =~"APU*" && jtag_cable_name =~ "Digilent JTAG-HS2 210249854606A"} -index 0
loadhw -hw C:/ecg_full_release/project_1/project_1.sdk/design_1_wrapper_hw_platform_0/system.hdf -mem-ranges [list {0x40000000 0xbfffffff}]
configparams force-mem-access 1
targets -set -nocase -filter {name =~"APU*" && jtag_cable_name =~ "Digilent JTAG-HS2 210249854606A"} -index 0
stop
ps7_init
ps7_post_config
targets -set -nocase -filter {name =~ "ARM*#0" && jtag_cable_name =~ "Digilent JTAG-HS2 210249854606A"} -index 0
rst -processor
targets -set -nocase -filter {name =~ "ARM*#0" && jtag_cable_name =~ "Digilent JTAG-HS2 210249854606A"} -index 0
dow C:/ecg_full_release/project_1/project_1.sdk/2026_3_29/Debug/2026_3_29.elf
configparams force-mem-access 0
----------------End of Script----------------

14:04:34 INFO  : Context for processor 'ps7_cortexa9_0' is selected.
14:04:34 INFO  : 'con' command is executed.
14:04:34 INFO  : ----------------XSDB Script (After Launch)----------------
targets -set -nocase -filter {name =~ "ARM*#0" && jtag_cable_name =~ "Digilent JTAG-HS2 210249854606A"} -index 0
con
----------------End of Script----------------

14:04:34 INFO  : Disconnected from the channel tcfchan#1.
14:17:44 INFO  : Registering command handlers for SDK TCF services
14:17:44 INFO  : Launching XSCT server: xsct.bat -interactive C:\ecg_full_release\project_1\project_1.sdk\temp_xsdb_launch_script.tcl
14:17:45 INFO  : XSCT server has started successfully.
14:17:45 INFO  : Successfully done setting XSCT server connection channel  
14:17:45 INFO  : Successfully done setting SDK workspace  
14:17:45 INFO  : Processing command line option -hwspec C:/ecg_full_release/project_1/project_1.sdk/design_1_wrapper.hdf.
14:17:45 INFO  : Checking for hwspec changes in the project design_1_wrapper_hw_platform_1.
14:26:03 INFO  : Connected to target on host '127.0.0.1' and port '3121'.
14:26:03 INFO  : 'targets -set -filter {jtag_cable_name =~ "Digilent JTAG-HS2 210249854606A" && level==0} -index 1' command is executed.
14:26:07 INFO  : FPGA configured successfully with bitstream "C:/ecg_full_release/project_1/project_1.sdk/design_1_wrapper_hw_platform_0/design_1_wrapper.bit"
14:26:18 INFO  : 'targets -set -filter {jtag_cable_name =~ "Digilent JTAG-HS2 210249854606A" && level==0} -index 1' command is executed.
14:26:18 INFO  : 'fpga -state' command is executed.
14:26:18 INFO  : Connected to target on host '127.0.0.1' and port '3121'.
14:26:19 INFO  : Jtag cable 'Digilent JTAG-HS2 210249854606A' is selected.
14:26:19 INFO  : 'jtag frequency' command is executed.
14:26:19 INFO  : Sourcing of 'C:/ecg_full_release/project_1/project_1.sdk/design_1_wrapper_hw_platform_0/ps7_init.tcl' is done.
14:26:19 INFO  : Context for 'APU' is selected.
14:26:19 INFO  : Hardware design information is loaded from 'C:/ecg_full_release/project_1/project_1.sdk/design_1_wrapper_hw_platform_0/system.hdf'.
14:26:19 INFO  : 'configparams force-mem-access 1' command is executed.
14:26:19 INFO  : Context for 'APU' is selected.
14:26:19 INFO  : 'stop' command is executed.
14:26:19 INFO  : 'ps7_init' command is executed.
14:26:19 INFO  : 'ps7_post_config' command is executed.
14:26:19 INFO  : Context for processor 'ps7_cortexa9_0' is selected.
14:26:19 INFO  : Processor reset is completed for 'ps7_cortexa9_0'.
14:26:19 INFO  : Context for processor 'ps7_cortexa9_0' is selected.
14:26:24 INFO  : The application 'C:/ecg_full_release/project_1/project_1.sdk/2026_3_29/Debug/2026_3_29.elf' is downloaded to processor 'ps7_cortexa9_0'.
14:26:24 INFO  : 'configparams force-mem-access 0' command is executed.
14:26:24 INFO  : ----------------XSDB Script----------------
connect -url tcp:127.0.0.1:3121
source C:/ecg_full_release/project_1/project_1.sdk/design_1_wrapper_hw_platform_0/ps7_init.tcl
targets -set -nocase -filter {name =~"APU*" && jtag_cable_name =~ "Digilent JTAG-HS2 210249854606A"} -index 0
loadhw -hw C:/ecg_full_release/project_1/project_1.sdk/design_1_wrapper_hw_platform_0/system.hdf -mem-ranges [list {0x40000000 0xbfffffff}]
configparams force-mem-access 1
targets -set -nocase -filter {name =~"APU*" && jtag_cable_name =~ "Digilent JTAG-HS2 210249854606A"} -index 0
stop
ps7_init
ps7_post_config
targets -set -nocase -filter {name =~ "ARM*#0" && jtag_cable_name =~ "Digilent JTAG-HS2 210249854606A"} -index 0
rst -processor
targets -set -nocase -filter {name =~ "ARM*#0" && jtag_cable_name =~ "Digilent JTAG-HS2 210249854606A"} -index 0
dow C:/ecg_full_release/project_1/project_1.sdk/2026_3_29/Debug/2026_3_29.elf
configparams force-mem-access 0
----------------End of Script----------------

14:26:24 INFO  : Context for processor 'ps7_cortexa9_0' is selected.
14:26:24 INFO  : 'con' command is executed.
14:26:24 INFO  : ----------------XSDB Script (After Launch)----------------
targets -set -nocase -filter {name =~ "ARM*#0" && jtag_cable_name =~ "Digilent JTAG-HS2 210249854606A"} -index 0
con
----------------End of Script----------------

14:26:24 INFO  : Disconnected from the channel tcfchan#1.
23:47:18 INFO  : Registering command handlers for SDK TCF services
23:47:19 INFO  : Launching XSCT server: xsct.bat -interactive C:\ecg_full_release\project_1\project_1.sdk\temp_xsdb_launch_script.tcl
23:47:22 INFO  : XSCT server has started successfully.
23:47:25 INFO  : Successfully done setting XSCT server connection channel  
23:47:25 INFO  : Successfully done setting SDK workspace  
23:47:25 INFO  : Processing command line option -hwspec C:/ecg_full_release/project_1/project_1.sdk/design_1_wrapper.hdf.
23:47:25 INFO  : Checking for hwspec changes in the project design_1_wrapper_hw_platform_1.
23:48:31 INFO  : Connected to target on host '127.0.0.1' and port '3121'.
23:48:32 INFO  : 'targets -set -filter {jtag_cable_name =~ "Digilent JTAG-HS2 210249854606A" && level==0} -index 1' command is executed.
23:48:35 INFO  : FPGA configured successfully with bitstream "C:/ecg_full_release/project_1/project_1.sdk/design_1_wrapper_hw_platform_0/design_1_wrapper.bit"
23:48:53 INFO  : 'targets -set -filter {jtag_cable_name =~ "Digilent JTAG-HS2 210249854606A" && level==0} -index 1' command is executed.
23:48:53 INFO  : 'fpga -state' command is executed.
23:48:53 INFO  : Connected to target on host '127.0.0.1' and port '3121'.
23:48:53 INFO  : Jtag cable 'Digilent JTAG-HS2 210249854606A' is selected.
23:48:53 INFO  : 'jtag frequency' command is executed.
23:48:53 INFO  : Sourcing of 'C:/ecg_full_release/project_1/project_1.sdk/design_1_wrapper_hw_platform_0/ps7_init.tcl' is done.
23:48:53 INFO  : Context for 'APU' is selected.
23:48:53 INFO  : Hardware design information is loaded from 'C:/ecg_full_release/project_1/project_1.sdk/design_1_wrapper_hw_platform_0/system.hdf'.
23:48:53 INFO  : 'configparams force-mem-access 1' command is executed.
23:48:53 INFO  : Context for 'APU' is selected.
23:48:53 INFO  : 'stop' command is executed.
23:48:54 INFO  : 'ps7_init' command is executed.
23:48:54 INFO  : 'ps7_post_config' command is executed.
23:48:54 INFO  : Context for processor 'ps7_cortexa9_0' is selected.
23:48:54 INFO  : Processor reset is completed for 'ps7_cortexa9_0'.
23:48:54 INFO  : Context for processor 'ps7_cortexa9_0' is selected.
23:48:59 INFO  : The application 'C:/ecg_full_release/project_1/project_1.sdk/2026_3_29/Debug/2026_3_29.elf' is downloaded to processor 'ps7_cortexa9_0'.
23:48:59 INFO  : 'configparams force-mem-access 0' command is executed.
23:48:59 INFO  : ----------------XSDB Script----------------
connect -url tcp:127.0.0.1:3121
source C:/ecg_full_release/project_1/project_1.sdk/design_1_wrapper_hw_platform_0/ps7_init.tcl
targets -set -nocase -filter {name =~"APU*" && jtag_cable_name =~ "Digilent JTAG-HS2 210249854606A"} -index 0
loadhw -hw C:/ecg_full_release/project_1/project_1.sdk/design_1_wrapper_hw_platform_0/system.hdf -mem-ranges [list {0x40000000 0xbfffffff}]
configparams force-mem-access 1
targets -set -nocase -filter {name =~"APU*" && jtag_cable_name =~ "Digilent JTAG-HS2 210249854606A"} -index 0
stop
ps7_init
ps7_post_config
targets -set -nocase -filter {name =~ "ARM*#0" && jtag_cable_name =~ "Digilent JTAG-HS2 210249854606A"} -index 0
rst -processor
targets -set -nocase -filter {name =~ "ARM*#0" && jtag_cable_name =~ "Digilent JTAG-HS2 210249854606A"} -index 0
dow C:/ecg_full_release/project_1/project_1.sdk/2026_3_29/Debug/2026_3_29.elf
configparams force-mem-access 0
----------------End of Script----------------

23:49:00 INFO  : Context for processor 'ps7_cortexa9_0' is selected.
23:49:00 INFO  : 'con' command is executed.
23:49:00 INFO  : ----------------XSDB Script (After Launch)----------------
targets -set -nocase -filter {name =~ "ARM*#0" && jtag_cable_name =~ "Digilent JTAG-HS2 210249854606A"} -index 0
con
----------------End of Script----------------

23:49:00 INFO  : Disconnected from the channel tcfchan#1.
23:56:00 INFO  : Connected to target on host '127.0.0.1' and port '3121'.
23:56:00 INFO  : 'targets -set -filter {jtag_cable_name =~ "Digilent JTAG-HS2 210249854606A" && level==0} -index 1' command is executed.
23:56:03 INFO  : FPGA configured successfully with bitstream "C:/ecg_full_release/project_1/project_1.sdk/design_1_wrapper_hw_platform_0/design_1_wrapper.bit"
23:56:14 INFO  : 'targets -set -filter {jtag_cable_name =~ "Digilent JTAG-HS2 210249854606A" && level==0} -index 1' command is executed.
23:56:14 INFO  : 'fpga -state' command is executed.
23:56:14 INFO  : Connected to target on host '127.0.0.1' and port '3121'.
23:56:14 INFO  : Jtag cable 'Digilent JTAG-HS2 210249854606A' is selected.
23:56:14 INFO  : 'jtag frequency' command is executed.
23:56:14 INFO  : Sourcing of 'C:/ecg_full_release/project_1/project_1.sdk/design_1_wrapper_hw_platform_0/ps7_init.tcl' is done.
23:56:14 INFO  : Context for 'APU' is selected.
23:56:14 INFO  : Hardware design information is loaded from 'C:/ecg_full_release/project_1/project_1.sdk/design_1_wrapper_hw_platform_0/system.hdf'.
23:56:14 INFO  : 'configparams force-mem-access 1' command is executed.
23:56:14 INFO  : Context for 'APU' is selected.
23:56:14 INFO  : 'stop' command is executed.
23:56:14 INFO  : 'ps7_init' command is executed.
23:56:14 INFO  : 'ps7_post_config' command is executed.
23:56:14 INFO  : Context for processor 'ps7_cortexa9_0' is selected.
23:56:14 INFO  : Processor reset is completed for 'ps7_cortexa9_0'.
23:56:14 INFO  : Context for processor 'ps7_cortexa9_0' is selected.
23:56:20 INFO  : The application 'C:/ecg_full_release/project_1/project_1.sdk/2026_3_29/Debug/2026_3_29.elf' is downloaded to processor 'ps7_cortexa9_0'.
23:56:20 INFO  : 'configparams force-mem-access 0' command is executed.
23:56:20 INFO  : ----------------XSDB Script----------------
connect -url tcp:127.0.0.1:3121
source C:/ecg_full_release/project_1/project_1.sdk/design_1_wrapper_hw_platform_0/ps7_init.tcl
targets -set -nocase -filter {name =~"APU*" && jtag_cable_name =~ "Digilent JTAG-HS2 210249854606A"} -index 0
loadhw -hw C:/ecg_full_release/project_1/project_1.sdk/design_1_wrapper_hw_platform_0/system.hdf -mem-ranges [list {0x40000000 0xbfffffff}]
configparams force-mem-access 1
targets -set -nocase -filter {name =~"APU*" && jtag_cable_name =~ "Digilent JTAG-HS2 210249854606A"} -index 0
stop
ps7_init
ps7_post_config
targets -set -nocase -filter {name =~ "ARM*#0" && jtag_cable_name =~ "Digilent JTAG-HS2 210249854606A"} -index 0
rst -processor
targets -set -nocase -filter {name =~ "ARM*#0" && jtag_cable_name =~ "Digilent JTAG-HS2 210249854606A"} -index 0
dow C:/ecg_full_release/project_1/project_1.sdk/2026_3_29/Debug/2026_3_29.elf
configparams force-mem-access 0
----------------End of Script----------------

23:56:20 INFO  : Context for processor 'ps7_cortexa9_0' is selected.
23:56:20 INFO  : 'con' command is executed.
23:56:20 INFO  : ----------------XSDB Script (After Launch)----------------
targets -set -nocase -filter {name =~ "ARM*#0" && jtag_cable_name =~ "Digilent JTAG-HS2 210249854606A"} -index 0
con
----------------End of Script----------------

23:56:20 INFO  : Disconnected from the channel tcfchan#2.
23:56:40 INFO  : Connected to target on host '127.0.0.1' and port '3121'.
23:56:41 INFO  : 'targets -set -filter {jtag_cable_name =~ "Digilent JTAG-HS2 210249854606A" && level==0} -index 1' command is executed.
23:56:44 INFO  : FPGA configured successfully with bitstream "C:/ecg_full_release/project_1/project_1.sdk/design_1_wrapper_hw_platform_0/design_1_wrapper.bit"
23:56:57 INFO  : 'targets -set -filter {jtag_cable_name =~ "Digilent JTAG-HS2 210249854606A" && level==0} -index 1' command is executed.
23:56:57 INFO  : 'fpga -state' command is executed.
23:56:57 INFO  : Connected to target on host '127.0.0.1' and port '3121'.
23:56:57 INFO  : Jtag cable 'Digilent JTAG-HS2 210249854606A' is selected.
23:56:57 INFO  : 'jtag frequency' command is executed.
23:56:57 INFO  : Sourcing of 'C:/ecg_full_release/project_1/project_1.sdk/design_1_wrapper_hw_platform_0/ps7_init.tcl' is done.
23:56:57 INFO  : Context for 'APU' is selected.
23:56:57 INFO  : Hardware design information is loaded from 'C:/ecg_full_release/project_1/project_1.sdk/design_1_wrapper_hw_platform_0/system.hdf'.
23:56:57 INFO  : 'configparams force-mem-access 1' command is executed.
23:56:57 INFO  : Context for 'APU' is selected.
23:56:57 INFO  : 'stop' command is executed.
23:56:58 INFO  : 'ps7_init' command is executed.
23:56:58 INFO  : 'ps7_post_config' command is executed.
23:56:58 INFO  : Context for processor 'ps7_cortexa9_0' is selected.
23:56:58 INFO  : Processor reset is completed for 'ps7_cortexa9_0'.
23:56:58 INFO  : Context for processor 'ps7_cortexa9_0' is selected.
23:57:03 INFO  : The application 'C:/ecg_full_release/project_1/project_1.sdk/2026_3_29/Debug/2026_3_29.elf' is downloaded to processor 'ps7_cortexa9_0'.
23:57:03 INFO  : 'configparams force-mem-access 0' command is executed.
23:57:03 INFO  : ----------------XSDB Script----------------
connect -url tcp:127.0.0.1:3121
source C:/ecg_full_release/project_1/project_1.sdk/design_1_wrapper_hw_platform_0/ps7_init.tcl
targets -set -nocase -filter {name =~"APU*" && jtag_cable_name =~ "Digilent JTAG-HS2 210249854606A"} -index 0
loadhw -hw C:/ecg_full_release/project_1/project_1.sdk/design_1_wrapper_hw_platform_0/system.hdf -mem-ranges [list {0x40000000 0xbfffffff}]
configparams force-mem-access 1
targets -set -nocase -filter {name =~"APU*" && jtag_cable_name =~ "Digilent JTAG-HS2 210249854606A"} -index 0
stop
ps7_init
ps7_post_config
targets -set -nocase -filter {name =~ "ARM*#0" && jtag_cable_name =~ "Digilent JTAG-HS2 210249854606A"} -index 0
rst -processor
targets -set -nocase -filter {name =~ "ARM*#0" && jtag_cable_name =~ "Digilent JTAG-HS2 210249854606A"} -index 0
dow C:/ecg_full_release/project_1/project_1.sdk/2026_3_29/Debug/2026_3_29.elf
configparams force-mem-access 0
----------------End of Script----------------

23:57:03 INFO  : Context for processor 'ps7_cortexa9_0' is selected.
23:57:03 INFO  : 'con' command is executed.
23:57:03 INFO  : ----------------XSDB Script (After Launch)----------------
targets -set -nocase -filter {name =~ "ARM*#0" && jtag_cable_name =~ "Digilent JTAG-HS2 210249854606A"} -index 0
con
----------------End of Script----------------

23:57:03 INFO  : Disconnected from the channel tcfchan#3.
00:01:50 INFO  : Connected to target on host '127.0.0.1' and port '3121'.
00:01:50 INFO  : 'targets -set -filter {jtag_cable_name =~ "Digilent JTAG-HS2 210249854606A" && level==0} -index 1' command is executed.
00:01:53 INFO  : FPGA configured successfully with bitstream "C:/ecg_full_release/project_1/project_1.sdk/design_1_wrapper_hw_platform_0/design_1_wrapper.bit"
00:02:05 INFO  : 'targets -set -filter {jtag_cable_name =~ "Digilent JTAG-HS2 210249854606A" && level==0} -index 1' command is executed.
00:02:05 INFO  : 'fpga -state' command is executed.
00:02:05 INFO  : Connected to target on host '127.0.0.1' and port '3121'.
00:02:05 INFO  : Jtag cable 'Digilent JTAG-HS2 210249854606A' is selected.
00:02:05 INFO  : 'jtag frequency' command is executed.
00:02:05 INFO  : Sourcing of 'C:/ecg_full_release/project_1/project_1.sdk/design_1_wrapper_hw_platform_0/ps7_init.tcl' is done.
00:02:05 INFO  : Context for 'APU' is selected.
00:02:05 INFO  : Hardware design information is loaded from 'C:/ecg_full_release/project_1/project_1.sdk/design_1_wrapper_hw_platform_0/system.hdf'.
00:02:05 INFO  : 'configparams force-mem-access 1' command is executed.
00:02:05 INFO  : Context for 'APU' is selected.
00:02:05 INFO  : 'stop' command is executed.
00:02:05 INFO  : 'ps7_init' command is executed.
00:02:05 INFO  : 'ps7_post_config' command is executed.
00:02:05 INFO  : Context for processor 'ps7_cortexa9_0' is selected.
00:02:05 INFO  : Processor reset is completed for 'ps7_cortexa9_0'.
00:02:05 INFO  : Context for processor 'ps7_cortexa9_0' is selected.
00:02:11 INFO  : The application 'C:/ecg_full_release/project_1/project_1.sdk/2026_3_29/Debug/2026_3_29.elf' is downloaded to processor 'ps7_cortexa9_0'.
00:02:11 INFO  : 'configparams force-mem-access 0' command is executed.
00:02:11 INFO  : ----------------XSDB Script----------------
connect -url tcp:127.0.0.1:3121
source C:/ecg_full_release/project_1/project_1.sdk/design_1_wrapper_hw_platform_0/ps7_init.tcl
targets -set -nocase -filter {name =~"APU*" && jtag_cable_name =~ "Digilent JTAG-HS2 210249854606A"} -index 0
loadhw -hw C:/ecg_full_release/project_1/project_1.sdk/design_1_wrapper_hw_platform_0/system.hdf -mem-ranges [list {0x40000000 0xbfffffff}]
configparams force-mem-access 1
targets -set -nocase -filter {name =~"APU*" && jtag_cable_name =~ "Digilent JTAG-HS2 210249854606A"} -index 0
stop
ps7_init
ps7_post_config
targets -set -nocase -filter {name =~ "ARM*#0" && jtag_cable_name =~ "Digilent JTAG-HS2 210249854606A"} -index 0
rst -processor
targets -set -nocase -filter {name =~ "ARM*#0" && jtag_cable_name =~ "Digilent JTAG-HS2 210249854606A"} -index 0
dow C:/ecg_full_release/project_1/project_1.sdk/2026_3_29/Debug/2026_3_29.elf
configparams force-mem-access 0
----------------End of Script----------------

00:02:11 INFO  : Context for processor 'ps7_cortexa9_0' is selected.
00:02:11 INFO  : 'con' command is executed.
00:02:11 INFO  : ----------------XSDB Script (After Launch)----------------
targets -set -nocase -filter {name =~ "ARM*#0" && jtag_cable_name =~ "Digilent JTAG-HS2 210249854606A"} -index 0
con
----------------End of Script----------------

00:02:11 INFO  : Disconnected from the channel tcfchan#4.
00:29:45 INFO  : Connected to target on host '127.0.0.1' and port '3121'.
00:29:45 INFO  : 'targets -set -filter {jtag_cable_name =~ "Digilent JTAG-HS2 210249854606A" && level==0} -index 1' command is executed.
00:29:48 INFO  : FPGA configured successfully with bitstream "C:/ecg_full_release/project_1/project_1.sdk/design_1_wrapper_hw_platform_0/design_1_wrapper.bit"
00:30:52 INFO  : 'targets -set -filter {jtag_cable_name =~ "Digilent JTAG-HS2 210249854606A" && level==0} -index 1' command is executed.
00:30:52 INFO  : 'fpga -state' command is executed.
00:30:52 INFO  : Connected to target on host '127.0.0.1' and port '3121'.
00:30:52 INFO  : Jtag cable 'Digilent JTAG-HS2 210249854606A' is selected.
00:30:52 INFO  : 'jtag frequency' command is executed.
00:30:52 INFO  : Sourcing of 'C:/ecg_full_release/project_1/project_1.sdk/design_1_wrapper_hw_platform_0/ps7_init.tcl' is done.
00:30:52 INFO  : Context for 'APU' is selected.
00:30:52 INFO  : Hardware design information is loaded from 'C:/ecg_full_release/project_1/project_1.sdk/design_1_wrapper_hw_platform_0/system.hdf'.
00:30:52 INFO  : 'configparams force-mem-access 1' command is executed.
00:30:52 INFO  : Context for 'APU' is selected.
00:30:52 INFO  : 'stop' command is executed.
00:30:52 INFO  : 'ps7_init' command is executed.
00:30:52 INFO  : 'ps7_post_config' command is executed.
00:30:52 INFO  : Context for processor 'ps7_cortexa9_0' is selected.
00:30:52 INFO  : Processor reset is completed for 'ps7_cortexa9_0'.
00:30:52 INFO  : Context for processor 'ps7_cortexa9_0' is selected.
00:30:58 INFO  : The application 'C:/ecg_full_release/project_1/project_1.sdk/2026_3_29/Debug/2026_3_29.elf' is downloaded to processor 'ps7_cortexa9_0'.
00:30:58 INFO  : 'configparams force-mem-access 0' command is executed.
00:30:58 INFO  : ----------------XSDB Script----------------
connect -url tcp:127.0.0.1:3121
source C:/ecg_full_release/project_1/project_1.sdk/design_1_wrapper_hw_platform_0/ps7_init.tcl
targets -set -nocase -filter {name =~"APU*" && jtag_cable_name =~ "Digilent JTAG-HS2 210249854606A"} -index 0
loadhw -hw C:/ecg_full_release/project_1/project_1.sdk/design_1_wrapper_hw_platform_0/system.hdf -mem-ranges [list {0x40000000 0xbfffffff}]
configparams force-mem-access 1
targets -set -nocase -filter {name =~"APU*" && jtag_cable_name =~ "Digilent JTAG-HS2 210249854606A"} -index 0
stop
ps7_init
ps7_post_config
targets -set -nocase -filter {name =~ "ARM*#0" && jtag_cable_name =~ "Digilent JTAG-HS2 210249854606A"} -index 0
rst -processor
targets -set -nocase -filter {name =~ "ARM*#0" && jtag_cable_name =~ "Digilent JTAG-HS2 210249854606A"} -index 0
dow C:/ecg_full_release/project_1/project_1.sdk/2026_3_29/Debug/2026_3_29.elf
configparams force-mem-access 0
----------------End of Script----------------

00:30:58 INFO  : Context for processor 'ps7_cortexa9_0' is selected.
00:30:58 INFO  : 'con' command is executed.
00:30:58 INFO  : ----------------XSDB Script (After Launch)----------------
targets -set -nocase -filter {name =~ "ARM*#0" && jtag_cable_name =~ "Digilent JTAG-HS2 210249854606A"} -index 0
con
----------------End of Script----------------

00:30:58 INFO  : Disconnected from the channel tcfchan#5.
00:31:20 INFO  : Connected to target on host '127.0.0.1' and port '3121'.
00:31:20 INFO  : 'targets -set -filter {jtag_cable_name =~ "Digilent JTAG-HS2 210249854606A" && level==0} -index 1' command is executed.
00:31:24 INFO  : FPGA configured successfully with bitstream "C:/ecg_full_release/project_1/project_1.sdk/design_1_wrapper_hw_platform_0/design_1_wrapper.bit"
00:31:32 INFO  : 'targets -set -filter {jtag_cable_name =~ "Digilent JTAG-HS2 210249854606A" && level==0} -index 1' command is executed.
00:31:32 INFO  : 'fpga -state' command is executed.
00:31:32 INFO  : Connected to target on host '127.0.0.1' and port '3121'.
00:31:32 INFO  : Jtag cable 'Digilent JTAG-HS2 210249854606A' is selected.
00:31:32 INFO  : 'jtag frequency' command is executed.
00:31:32 INFO  : Sourcing of 'C:/ecg_full_release/project_1/project_1.sdk/design_1_wrapper_hw_platform_0/ps7_init.tcl' is done.
00:31:32 INFO  : Context for 'APU' is selected.
00:31:32 INFO  : Hardware design information is loaded from 'C:/ecg_full_release/project_1/project_1.sdk/design_1_wrapper_hw_platform_0/system.hdf'.
00:31:32 INFO  : 'configparams force-mem-access 1' command is executed.
00:31:32 INFO  : Context for 'APU' is selected.
00:31:32 INFO  : 'stop' command is executed.
00:31:33 INFO  : 'ps7_init' command is executed.
00:31:33 INFO  : 'ps7_post_config' command is executed.
00:31:33 INFO  : Context for processor 'ps7_cortexa9_0' is selected.
00:31:33 INFO  : Processor reset is completed for 'ps7_cortexa9_0'.
00:31:33 INFO  : Context for processor 'ps7_cortexa9_0' is selected.
00:31:38 INFO  : The application 'C:/ecg_full_release/project_1/project_1.sdk/2026_3_29/Debug/2026_3_29.elf' is downloaded to processor 'ps7_cortexa9_0'.
00:31:38 INFO  : 'configparams force-mem-access 0' command is executed.
00:31:38 INFO  : ----------------XSDB Script----------------
connect -url tcp:127.0.0.1:3121
source C:/ecg_full_release/project_1/project_1.sdk/design_1_wrapper_hw_platform_0/ps7_init.tcl
targets -set -nocase -filter {name =~"APU*" && jtag_cable_name =~ "Digilent JTAG-HS2 210249854606A"} -index 0
loadhw -hw C:/ecg_full_release/project_1/project_1.sdk/design_1_wrapper_hw_platform_0/system.hdf -mem-ranges [list {0x40000000 0xbfffffff}]
configparams force-mem-access 1
targets -set -nocase -filter {name =~"APU*" && jtag_cable_name =~ "Digilent JTAG-HS2 210249854606A"} -index 0
stop
ps7_init
ps7_post_config
targets -set -nocase -filter {name =~ "ARM*#0" && jtag_cable_name =~ "Digilent JTAG-HS2 210249854606A"} -index 0
rst -processor
targets -set -nocase -filter {name =~ "ARM*#0" && jtag_cable_name =~ "Digilent JTAG-HS2 210249854606A"} -index 0
dow C:/ecg_full_release/project_1/project_1.sdk/2026_3_29/Debug/2026_3_29.elf
configparams force-mem-access 0
----------------End of Script----------------

00:31:38 INFO  : Context for processor 'ps7_cortexa9_0' is selected.
00:31:38 INFO  : 'con' command is executed.
00:31:38 INFO  : ----------------XSDB Script (After Launch)----------------
targets -set -nocase -filter {name =~ "ARM*#0" && jtag_cable_name =~ "Digilent JTAG-HS2 210249854606A"} -index 0
con
----------------End of Script----------------

00:31:38 INFO  : Disconnected from the channel tcfchan#6.
00:38:30 INFO  : Connected to target on host '127.0.0.1' and port '3121'.
00:38:30 INFO  : 'targets -set -filter {jtag_cable_name =~ "Digilent JTAG-HS2 210249854606A" && level==0} -index 1' command is executed.
00:38:34 INFO  : FPGA configured successfully with bitstream "C:/ecg_full_release/project_1/project_1.sdk/design_1_wrapper_hw_platform_0/design_1_wrapper.bit"
00:38:41 INFO  : 'targets -set -filter {jtag_cable_name =~ "Digilent JTAG-HS2 210249854606A" && level==0} -index 1' command is executed.
00:38:41 INFO  : 'fpga -state' command is executed.
00:38:41 INFO  : Connected to target on host '127.0.0.1' and port '3121'.
00:38:41 INFO  : Jtag cable 'Digilent JTAG-HS2 210249854606A' is selected.
00:38:41 INFO  : 'jtag frequency' command is executed.
00:38:41 INFO  : Sourcing of 'C:/ecg_full_release/project_1/project_1.sdk/design_1_wrapper_hw_platform_0/ps7_init.tcl' is done.
00:38:41 INFO  : Context for 'APU' is selected.
00:38:41 INFO  : Hardware design information is loaded from 'C:/ecg_full_release/project_1/project_1.sdk/design_1_wrapper_hw_platform_0/system.hdf'.
00:38:41 INFO  : 'configparams force-mem-access 1' command is executed.
00:38:41 INFO  : Context for 'APU' is selected.
00:38:41 INFO  : 'stop' command is executed.
00:38:41 INFO  : 'ps7_init' command is executed.
00:38:41 INFO  : 'ps7_post_config' command is executed.
00:38:41 INFO  : Context for processor 'ps7_cortexa9_0' is selected.
00:38:41 INFO  : Processor reset is completed for 'ps7_cortexa9_0'.
00:38:41 INFO  : Context for processor 'ps7_cortexa9_0' is selected.
00:38:47 INFO  : The application 'C:/ecg_full_release/project_1/project_1.sdk/2026_3_29/Debug/2026_3_29.elf' is downloaded to processor 'ps7_cortexa9_0'.
00:38:47 INFO  : 'configparams force-mem-access 0' command is executed.
00:38:47 INFO  : ----------------XSDB Script----------------
connect -url tcp:127.0.0.1:3121
source C:/ecg_full_release/project_1/project_1.sdk/design_1_wrapper_hw_platform_0/ps7_init.tcl
targets -set -nocase -filter {name =~"APU*" && jtag_cable_name =~ "Digilent JTAG-HS2 210249854606A"} -index 0
loadhw -hw C:/ecg_full_release/project_1/project_1.sdk/design_1_wrapper_hw_platform_0/system.hdf -mem-ranges [list {0x40000000 0xbfffffff}]
configparams force-mem-access 1
targets -set -nocase -filter {name =~"APU*" && jtag_cable_name =~ "Digilent JTAG-HS2 210249854606A"} -index 0
stop
ps7_init
ps7_post_config
targets -set -nocase -filter {name =~ "ARM*#0" && jtag_cable_name =~ "Digilent JTAG-HS2 210249854606A"} -index 0
rst -processor
targets -set -nocase -filter {name =~ "ARM*#0" && jtag_cable_name =~ "Digilent JTAG-HS2 210249854606A"} -index 0
dow C:/ecg_full_release/project_1/project_1.sdk/2026_3_29/Debug/2026_3_29.elf
configparams force-mem-access 0
----------------End of Script----------------

00:38:47 INFO  : Context for processor 'ps7_cortexa9_0' is selected.
00:38:47 INFO  : 'con' command is executed.
00:38:47 INFO  : ----------------XSDB Script (After Launch)----------------
targets -set -nocase -filter {name =~ "ARM*#0" && jtag_cable_name =~ "Digilent JTAG-HS2 210249854606A"} -index 0
con
----------------End of Script----------------

00:38:47 INFO  : Disconnected from the channel tcfchan#7.
01:05:50 INFO  : Connected to target on host '127.0.0.1' and port '3121'.
01:05:50 INFO  : 'targets -set -filter {jtag_cable_name =~ "Digilent JTAG-HS2 210249854606A" && level==0} -index 1' command is executed.
01:05:54 INFO  : FPGA configured successfully with bitstream "C:/ecg_full_release/project_1/project_1.sdk/design_1_wrapper_hw_platform_0/design_1_wrapper.bit"
01:06:42 INFO  : 'targets -set -filter {jtag_cable_name =~ "Digilent JTAG-HS2 210249854606A" && level==0} -index 1' command is executed.
01:06:42 INFO  : 'fpga -state' command is executed.
01:06:42 INFO  : Connected to target on host '127.0.0.1' and port '3121'.
01:06:42 INFO  : Jtag cable 'Digilent JTAG-HS2 210249854606A' is selected.
01:06:42 INFO  : 'jtag frequency' command is executed.
01:06:42 INFO  : Sourcing of 'C:/ecg_full_release/project_1/project_1.sdk/design_1_wrapper_hw_platform_0/ps7_init.tcl' is done.
01:06:42 INFO  : Context for 'APU' is selected.
01:06:42 INFO  : Hardware design information is loaded from 'C:/ecg_full_release/project_1/project_1.sdk/design_1_wrapper_hw_platform_0/system.hdf'.
01:06:42 INFO  : 'configparams force-mem-access 1' command is executed.
01:06:42 INFO  : Context for 'APU' is selected.
01:06:42 INFO  : 'stop' command is executed.
01:06:42 INFO  : 'ps7_init' command is executed.
01:06:42 INFO  : 'ps7_post_config' command is executed.
01:06:42 INFO  : Context for processor 'ps7_cortexa9_0' is selected.
01:06:42 INFO  : Processor reset is completed for 'ps7_cortexa9_0'.
01:06:42 INFO  : Context for processor 'ps7_cortexa9_0' is selected.
01:06:48 INFO  : The application 'C:/ecg_full_release/project_1/project_1.sdk/2026_3_29/Debug/2026_3_29.elf' is downloaded to processor 'ps7_cortexa9_0'.
01:06:48 INFO  : 'configparams force-mem-access 0' command is executed.
01:06:48 INFO  : ----------------XSDB Script----------------
connect -url tcp:127.0.0.1:3121
source C:/ecg_full_release/project_1/project_1.sdk/design_1_wrapper_hw_platform_0/ps7_init.tcl
targets -set -nocase -filter {name =~"APU*" && jtag_cable_name =~ "Digilent JTAG-HS2 210249854606A"} -index 0
loadhw -hw C:/ecg_full_release/project_1/project_1.sdk/design_1_wrapper_hw_platform_0/system.hdf -mem-ranges [list {0x40000000 0xbfffffff}]
configparams force-mem-access 1
targets -set -nocase -filter {name =~"APU*" && jtag_cable_name =~ "Digilent JTAG-HS2 210249854606A"} -index 0
stop
ps7_init
ps7_post_config
targets -set -nocase -filter {name =~ "ARM*#0" && jtag_cable_name =~ "Digilent JTAG-HS2 210249854606A"} -index 0
rst -processor
targets -set -nocase -filter {name =~ "ARM*#0" && jtag_cable_name =~ "Digilent JTAG-HS2 210249854606A"} -index 0
dow C:/ecg_full_release/project_1/project_1.sdk/2026_3_29/Debug/2026_3_29.elf
configparams force-mem-access 0
----------------End of Script----------------

01:06:48 INFO  : 'targets -set -filter {jtag_cable_name =~ "Digilent JTAG-HS2 210249854606A" && level==0} -index 1' command is executed.
01:06:48 INFO  : Memory regions updated for context APU
01:06:48 INFO  : 'fpga -state' command is executed.
01:06:48 INFO  : Context for processor 'ps7_cortexa9_0' is selected.
01:06:48 INFO  : Connected to target on host '127.0.0.1' and port '3121'.
01:06:48 INFO  : 'con' command is executed.
01:06:48 INFO  : ----------------XSDB Script (After Launch)----------------
targets -set -nocase -filter {name =~ "ARM*#0" && jtag_cable_name =~ "Digilent JTAG-HS2 210249854606A"} -index 0
con
----------------End of Script----------------

01:06:48 INFO  : Launch script is exported to file 'C:\ecg_full_release\project_1\project_1.sdk\.sdk\launch_scripts\performance_analysis\performance_analysis_using_debug_2026_3_29.elf_on_local.tcl'
01:06:48 INFO  : Jtag cable 'Digilent JTAG-HS2 210249854606A' is selected.
01:06:48 INFO  : 'jtag frequency' command is executed.
01:06:48 INFO  : Sourcing of 'C:/ecg_full_release/project_1/project_1.sdk/design_1_wrapper_hw_platform_0/ps7_init.tcl' is done.
01:06:48 INFO  : Context for 'APU' is selected.
01:06:48 INFO  : Hardware design information is loaded from 'C:/ecg_full_release/project_1/project_1.sdk/design_1_wrapper_hw_platform_0/system.hdf'.
01:06:48 INFO  : 'configparams force-mem-access 1' command is executed.
01:06:48 INFO  : Context for 'APU' is selected.
01:06:48 INFO  : 'stop' command is executed.
01:06:48 INFO  : 'ps7_init' command is executed.
01:06:48 INFO  : 'ps7_post_config' command is executed.
01:06:48 INFO  : Context for processor 'ps7_cortexa9_0' is selected.
01:06:48 INFO  : Processor reset is completed for 'ps7_cortexa9_0'.
01:06:49 INFO  : Apm configuration has been updated and stored to 'C:\ecg_full_release\project_1\project_1.sdk\design_1_wrapper_hw_platform_0\apmconfigs\apm_default.json' for the project 'design_1_wrapper_hw_platform_0'
01:06:49 INFO  : Context for processor 'ps7_cortexa9_0' is selected.
01:06:50 INFO  : Performance data for 'PS' will be exported to the file 'C:\ecg_full_release\project_1\project_1.sdk\design_1_wrapper_hw_platform_0_Traces\Traces\Run_きる-19_01-06\PS_Trace_きる-19_01-06\trace'
01:06:50 INFO  : Created tracing project 'design_1_wrapper_hw_platform_0_Traces'
01:06:50 INFO  : Added tracing folder 'C:\ecg_full_release\project_1\project_1.sdk\design_1_wrapper_hw_platform_0_Traces\Traces\Run_きる-19_01-06\PS_Trace_きる-19_01-06' into  'design_1_wrapper_hw_platform_0_Traces'
01:06:51 INFO  : Attempting to open tracing file 'PS_Trace_きる-19_01-06'
01:06:54 INFO  : The application 'C:/ecg_full_release/project_1/project_1.sdk/2026_3_29/Debug/2026_3_29.elf' is downloaded to processor 'ps7_cortexa9_0'.
01:06:54 INFO  : 'configparams force-mem-access 0' command is executed.
01:06:54 INFO  : ----------------XSDB Script----------------
connect -url tcp:127.0.0.1:3121
source C:/ecg_full_release/project_1/project_1.sdk/design_1_wrapper_hw_platform_0/ps7_init.tcl
targets -set -nocase -filter {name =~"APU*" && jtag_cable_name =~ "Digilent JTAG-HS2 210249854606A"} -index 0
loadhw -hw C:/ecg_full_release/project_1/project_1.sdk/design_1_wrapper_hw_platform_0/system.hdf -mem-ranges [list {0x40000000 0xbfffffff}]
configparams force-mem-access 1
targets -set -nocase -filter {name =~"APU*" && jtag_cable_name =~ "Digilent JTAG-HS2 210249854606A"} -index 0
stop
ps7_init
ps7_post_config
targets -set -nocase -filter {name =~ "ARM*#0" && jtag_cable_name =~ "Digilent JTAG-HS2 210249854606A"} -index 0
rst -processor
targets -set -nocase -filter {name =~ "ARM*#0" && jtag_cable_name =~ "Digilent JTAG-HS2 210249854606A"} -index 0
dow C:/ecg_full_release/project_1/project_1.sdk/2026_3_29/Debug/2026_3_29.elf
configparams force-mem-access 0
----------------End of Script----------------

01:06:54 INFO  : Context for processor 'ps7_cortexa9_0' is selected.
01:06:54 INFO  : 'con' command is executed.
01:06:54 INFO  : ----------------XSDB Script (After Launch)----------------
targets -set -nocase -filter {name =~ "ARM*#0" && jtag_cable_name =~ "Digilent JTAG-HS2 210249854606A"} -index 0
con
----------------End of Script----------------

01:06:54 INFO  : Disconnected from the channel tcfchan#8.
01:16:50 INFO  : Performance data for 'PS' has been exported to the file 'C:\ecg_full_release\project_1\project_1.sdk\design_1_wrapper_hw_platform_0_Traces\Traces\Run_きる-19_01-06\PS_Trace_きる-19_01-06\trace'
02:16:49 INFO  : Performance data for 'PS' has been exported to the file 'C:\ecg_full_release\project_1\project_1.sdk\design_1_wrapper_hw_platform_0_Traces\Traces\Run_きる-19_01-06\PS_Trace_きる-19_01-06\trace'
02:16:49 WARN  : channel "tcfchan#8" closed
