memory_initialization_radix=2;
memory_initialization_vector=1101111011011101110011111110000000010000001000100010001000000010 0000000100000001000111111111000000100001000100010010000000010000 0011000100010010001000000010111011111101111100001110000011111101 0001000100010011001000110011000011011101111011101111000000001111 1111111100000001000100110011000100010001000111111111000000000001 1111001000100001111111111111111111011110111111101111000000000001 0001000100010000001000100001111111101110111100000000000000010001 1111111100001111000000010010111010111101111111101111111000001111 1110110111100001000100001111111111100000000000010001111111110000 0000111111110001000100011111111100000000000100010001000100010000 1100101110111101000000000000111100100001000100001111111100000000 1110000000000001000000000001000100110001000011101111000100100010 0000000000000001000000100000001000100010001000010000111111111101 0001000100010001001000110010001000001111000000011111000100000001 0000000000010000111100010000111000001111000011101101110111101101 1110110011001100111011110001000100110011000100010000111111110000 1111111011101110111011011110111011111111000000100001001000100001 0000000100000001000000010000000000000001000100010000111111011101 0000000000001111000000000010001000010010001000100001000100010000 0001000000000000000100001111000000000001000100010001001000011111 0000000000010000111100001111000000001111111111100000000011110000 0010000100100010000100001111111111110000111100000000111011101111 0000000000000000000000000000000011101110111111110001000000010000 0001111011100000000100010000000111011101111000000010001000010000 1110110111011110111011011110111111111111111100010010000100100001 0010000111111111111111111111001000010001000000010001111111111101 1111000000010001000100010001001000100010001100010001001000010001 0001000100100010000111101101110011101111111111101111111111111111 0000000100001110110111011110111100000000000100001111111100000001 1111000011110000111100000001001000010000000011110000111100000000 1111111011111111000000011111000100011111111100010010001000100010 0000000011111111111100000000111111111111000000010010000111110000 0001000100000001111111101111000000010001001000100000000011111111 1111111100010000000100001110000000000001000011101110111000010001 0000111100000000000100010010000000001111111111011111111011111110 1111111111010000110100000001000000001110101110111110000011101110 0000000111110000001000010001000100000001000100001111000011111110 0010001000010010001000100000111111111110111000000001000000100001 1111000100001111000000000001000000001111111011111111000100000000 1101000100000000111100010010000100001111111011101110101111001110 0011001100110011001000101111111111101101110111101110000011110000 0000000111111111000000000001000000001111000100010001000100100011 0000111011111101111000000000000000000001000000100000000011110000 1111110111001111111111111111111000000001000011111110111100010010 0001000111111111111111100000000000010011000100000000111100000001 0010000100100001000000000001000100010010000000011111111111101101 0000000000010000000100100011000111110000111100000001111111111101 1110111011101111000100010000110111011101000100010001001000001110 1111000000100011000100000001001100110011001011111110111000000001 0001000100100000111100001111000000011111000100011111111111110000 0010000000000001001000000000111111111101111111111111000000011111 0000111011100000001000100011000011011011111000001111000000001110 1111000100010001000100001111000000001111111111111110111011100001 0010000100010001000100000000000011110000111011110000000011110000 0000000000011111000000011111000011111111000100010000001000010001 1111111011011110000000000001000011111111111011101111000111110000 0000111100000000111111111110111011011111000000000000000100000000 1111111111101111000000000000111011001111001000000000000100110010 1111111011111111000100000000000000010010000100001110111100000000 1110110111001110111111101111000100100001111111001100110011111111 1110111011111111111011101111000000010001001000010001001000000000 0011001000000001000000000000000000010001000111111111110111101111 1111111100001111000000100010001000000000000000000000000100010000 0010001000010000000000000001000011110000000111111111111111110000 1110111111100000000011110000000000001111111011101110111111101110 0000000000000001000100000001000000000000111100001111111100001111 0010000011110000000000010001111100010000000000000001000000000000 0000111111111110111100010001001000001110111011111111111100010001 1111111100000001000000010001000100010001000011101110111000000001 0001111111100000000100100001000100011111000000011111110111011101 0000111111011111000011110000000000000000111100001111000011011111 0001000100000000000011111100111000000000111111101111000100001110 1111000000001111000000000000000000100000000000011111111011011111 0000000011110000111111101101110011100000000000100001001000010000 0000000100000000000011111111000000010001000000000001000011111110 1101111100000001000100010001000111111111111111110000000100000001 1111000000000001001000010010000100000000111111111111111011001110 0001000111011101111011110001000011110000000100010000101010001001 1111000000010001000100010000000000010001000011101111000100011111 1110111000000001000100100010001000100001000011101101111011101111 1111000011101111111111110000000000010001001000100001111111111111 0010000100000001001011111111111011111111111000000001000011111111 1111000100010001001000011111111011011111000011111111000011110000 0000111111111111000100010000111111110001000000011111111111110000 1111000000100010000011111110111100000010000100010000111111101101 0000111111110000000011100001000100100001000100011111111011101111 0000111111111110110010111110110010101010111100001111111011101110 1111110111000000111000000001000100001110110111101101111011110000 0000000000010001000000001111000000010001000011101110000000001111 0000110111011110111111110000111111111110111011101110001000110011 1111000011111110000000100010000100000001000011110001001000010000 0011001100011111111011110000000000001111111111100000111111011111 1111000100100000111011011101111100001111000000000010000011101110 1101110111110001001000010001110110111011000011110000111111110000 0001000011111111111011100001000000010011000111111111000011111110 0000000100100001000011101111111100000001000111110000000111111101 0000000100100010001100100000111100000000000100010010001000010001 0001000011101101111111110001000111111100101111110000000111111111 0010000011101100110100000001000000010000111111011110111111100000 1110000100010000111111110000000000010000111111110001000100010010 0001000100010001000000000000000000010001000000000000111100000000 1101111011101111111100001111000100100001000000010001000000010001 0000000100010000001000000000001100100001000100010000000011111101 0001000011110000000011111101110111111111000011110000000100010000 1111000000100001000000000000111100000000111011111111001000010001 0001000100001111110111101101111000001110111111111111111111101110 0010000011111110110000000000111000000000111100000001000011110000 0011001000100001111100000001000011101111111011110000111111110000 0001000100000001000011110001000100000000000011110000000000010001 1110111011100000001000010000000100010001000100010000000011111110 0001000100010001000000010001000000000001000011101111111111110000 0000000100100001000000000001111100010001000011111111000000000000 1101111011111111111111111110111000000000000011110000111111100000 0010001000101111111100001111111011011100101011101110111100011111 0001000011111110111011011111111111101110111100000000000000000001 1111000000001110110111101101111011110001111011101111000000010000 0000000000010001000000000000000011111111111100000000111111101111 0001000011111111000000000000111000001111000111111111000000100001 0001000011111110111100000000111100001111000000001111000100001111 1111111111001011101010111110111100000000111011011111000000010000 0001000000010000111011110010000111011111000000001111111100000011 1111111011011110110110101101000100000000000011111111000000001111 1111111111111111000000010010000011100000000100000000000000000001 0010001000011101111100010010111011100001000000001111111000010010 0010000100001110111000000000000011110000000100001111000100010000 0001000011100000000000011111101011100000000100011111000100011111 0000000100100001111100000001000111111111000000000000111111010001 0001000100100010111011110001000011101111000100010010111111110001 0000000000010010000100010010000011101111000000010001000000010010 0001000011001111000100100000111000000010111011001101000000101111 0000000011111101110110111110111100000001000011111110111100000001 0000000000101111000000100001111111110000000000000001111100000001 0011001000010001111111101110000100011111110111110000000111110000 0010000100000001111111100000000011011101111100010001111011110001 0000111111111111111111101111000011101110111100010000111100100011 0001111111011111001000100010000011110001000000001111111000000000 0001000111100000000100001100111000000000110111110000111111101101 0001000100011111111000010010000100010011001000001101110111111101 0001111111110001001100101110111011111110110011100001000011011101 0001111111110001111111110000000000011111000000010001000011100000 0000111000010000000000001111000000001111110111110000000000000011 1101111100000001111111111111111111110001000100001110110111110001 0001000111001110000111111101111000010001110100000011001011111101 0011001011110000000111111100000000101111101100000010000111111111 0000000000000010001000011111000000010000110111001111110111010000 1100110011101110111111110001001011101110000000001111000011111110 0001000111111111110100000010000100000000000000000000111011011111 0001000111110001000100000001000100001111000011110000000011110001 1111111100001111000011111111111011111111111011011111000000010000 1110111011001110111111110000000100011111000000000000111011011111 1111111111110000111111111101111111101111110111111111111011111111 1111111111101111111011011100110011101111000100000000111100000010 1111111111110000000000001111111000000001000011110000000000000010 0010000000000000000100010001000000000001000100000000000000000010 1110111011101111111000000001000100100010000011100000000100100010 0001000100010001111111101110111100000000111100010010001011111111 0000000100010010000111101110111011110000000011110001000011111110 1111111100001111111000000000000100001110101111111111110111100001 1111111100011111111100000010111111100000111100000001000000001101 0001000000010001000000010000111000000000111111100000000100000001 0000000100000000001000010000000100010010000000000001000100100001 0010000011110010111111100000000100011110110111111111111111101111 0000000011111111111111101111000011111111000000010010000011111111 1111000011100001000011111110000000010001000100000001000100010000 0000000000010000111111111110111100001111111111111111110111001111 0000000011110000111111100001000100000001001000010001001000011110 1110111011011111000000000001000011101111000011111111000000000010 1111111111110000000000001101101010011101111011111111000000001111 0000000011100000000111101110000100100001000100100000111011101111 1110111011100000000100010001111011011110110111011111000100010001 0011001000000001001011111100111100010001000100110010111111101111 1111111011110000000100000000000100000000000111101100110000010001 0000000000000000000000010000111111110000001011111111111100000000 1111111111111111110100000010000011111111000011111111000000010000 0000000011110000000100011110000000110000111100010001111011101111 0000000011110000001011111111000100101111000000010000110011001111 0001000100010001000111110001001000010000001000010000111100001111 1111000100000001000111110000111111101110111111111110000100000000 1110111111110000000000000000111111011100110111101111000000010000 0001000100010001000111111110000000000000000100010000111100000001 0000000100100001000111110000000000000000000000001101110111100000 0001111111101111000100000010001000010001001011111111000100011111 0000000011111111111111110000000011110000000011111111111111100000 0001111111101100110010111010110011001101111100000001000100000000 1111000100001111000000001111000100000000000100100000111000100001 1100111011111111000000000000111111111111111100000010001000011111 1111000111111110000100010000000100001111000100100001111100010001 0010000100001111111100000000111100010000000000001111111100010010 0010000100011111111111110000111100000001000111111111111000000000 0000000000000000111111101011101011010000000000001111000000000000 0001000100010010000011110000000100011110111000011111110111110000 0011001000100001111111111111001000010000000100011110110011111111 0001000000010001000100001111111111110000001000110000111100010001 0010000011111111000100010000111011100000111111100000000100100000 0000000011111111111111101101111011111110111011110000001000100001 0010001000010001000000010000000100000001001011111111000000010000 1111111100000000000100100001000000000000000100010010000100010010 0001000100011111000011101110000000001110111000000000000100011111 1111111011011110110111011110111011110001000100010001000100010001 0000000100010000000011110000000000010001000100001111111011111111 1111001000001110111100011111000000010000000000001111111100000000 1111000000010001000100000000000000000001000100010000111111111100 0010000011110000000000001111000000010001111111101101110011110000 1101110100000001000011111110111111110001000000000000111100000010 0000000100001111110111101101111111100000000000010010000000010011 1111111011001011110011110001000100001110111011110000000000000000 0000000100000001000100000000111100000001000100011110000100100001 1111111111110000000100010000111111110000000000010010000100100001 0010000111110000000000010001000000001111111111111111111111111101 1111110111101101111111101110000100010000000000000000111100000011 0000000000010010000100001110111100000000000100000000111111111111 0010000100000001000100100001000011111111000000001111111011111111 0001001000000000000011110000000100001111111011011100111011001101 1111000000010000110100000010000100010000000000000001111011111101 0000001100110000000000010000111100000000000100011111000010111101 0010000000010001000111111111110011101111111100000001000100100010 0000000111110000001000000000001000010001000011110000000011101111 0000000111111111001000100000111011001100110111100000001100100011 0001000011111111111011100000000100010001000100000001000000001110 0001001000010010000100010001111111111110110010111111110011010000 0011000100100010001011110001111100001111000000010000000011111110 0000001000010001000000010000111000000000000100110001000011101011 0011001011100010001011111110111111101101000011100000111011011110 0010000111110010000111011111000100011111000011001011110010101011 1111111100010001000011111110111100000000000100100001000111101101 0001111000000000000100100001111011101101110011111111000100010000 0000000011110000000100010000111110111101110100000000000100100001 0010111100010010111111101110000100010001000000000010000000001111 1110111011110000000100001111111100010000000000000001000011111111 0001111111111111000000010000000000010000110100000001110111101111 1111111011001101111111110000111111111111111000000000000011110000 0000000011111111000000010001000100001111111111101111111111111111 0000000000100001000100010001000011110001000011110001001000010000 0000000000010001000000001110111111111111111011101100111011110000 0001000100010001000100010001000000000000111111100001000111111111 1111000100010001111100000000000100000000000000010001000100000000 1111000011110001000000000010000100000000000000010000000011110000 1111110010001000101111100000000000001111111100001111111111110000 1110000000000000000011100000000100010001000000000000000100001111 1101111100010000111100000000111100010001000011110001001000011111 0001001000100001000100010000111100000000111111110000000100001111 0100001000001111000000010001000100011111111000010001111011011110 1111000000000000111111101111000100010000111111111111111011011111 0001000100000000000100010000000000000001000011110001000100000001 1101111011101110111011111111111100001111111111100000000000000001 0000110111110000000100000000000000011111000000001101110110101011 1110111100000000111111101101110011001111000000001111000011111111 0001001000100001000000011111000000010000000000010001000100010001 0010111100001111000100110010000100001110111100000001000100011111 0010001000010000000000010000111111101111000000110011001100100001 0000001000100000111111110001001000100001001000011111000000010000 1101000000011111111111110000111011101111000000010000000100010001 0000111011000000000100010000110100000001000000000000111111110000 0001000000000001000011111111111011100000111111111110111000010010 1111110111011101111100001111000000000001001000010000111100000010 1101101111001100111011110000000000001111000000001110000000000001 0001000011111110111100010001000000010000001000100001000000001111 1111001000100000000000000000000000010001000011111110111011011100 0000000100010001000100000001000011111111000000000001000100010000 0000111111100000000100010000111100010001001000010000000011101111 1111111111111110111111111110111100010000000011011101110111100000 1111111100010001000000010001001000010001000011110000000100010000 0001000100000000000000000000000100001111000011110001000111011101 1011101111011110000000000000111111111111000100010001000100010001 0000111100011111000100011111000000010010000100001111111100000000 1111110011011100110111111111111011111111000011110000001000010010 1111000011110001000000001111000000010001000000000000000000010001 0010000100000001111111111110111011101110110011011110110100000000 0001000011110001000011110000000000001111111111100000000100010001 0001001000100010000100000001111100001111000000000001001011101101 0000000011111110000100010001000111110000000011100001111111111111 0000000111110000111100001110000000000001000111101101111111100000 0000000000000001000000001111000000010000000000000000000100000000 0001000100100001000011110000111111111011110111101110000100010001 1101101010101100111000000000000100000000000000010001000100010001 1111111100010001000000010000000000000000000000000000000000100001 0001000100011111111111100000111111111111111111111110111111101111 0000000011111111000100001110110111100000000000000000001000110010 0001000000000001000111111110111100000000111111011110000111111111 1100101111100001000000001111111111011010100110101111000000010001 1111000000000000000100000001000000000000111100000001000100100010 1111110110101010110100000001000100001110111011101111111111111111 1101111011100000000000001110000000000000000000000010001000010010 0010000100000001000100010001000100100000111100000000111111111110 0001000100010010000100010010000000000000110011100000111000010000 1111000000010001000100001111000000000000000000001111000100010000 0000000000001111000100010000000011111111111000001111111011010001 0010001000110001001000010000000000001111000011111110111011110000 0000000100010001000100100001000100010001000000010001000100010001 0000111011100000000100010001001000100001000000010001000000010010 1110110110101101000000000000000100001111110011001101111100010001 0000111111101110111100011111111011110000000000001111000000000001 1110111011111101111100000000111111100000111000001111111100000010 1111000111101110000000010000000100010000111100010001000000010001 0000111111101100110111111110111111111110111011111111000000000001 0000111100000001111100001111000011111111111111011100110011101110 0001000000010001000100100001000000010001000000000001000100000000 0000000100000000000011111110000011110000000100001111110111111111 0001000100010000000000100001111100100010000111110000000000001110 0001000100010000000011111110111100010000111011110001000000000001 0000111111110000000011111111111100001111111011011111000000000001 0000000111101110000011111110000000010001111100000001111100000000 1110111000001110111000000000101111110000000011100001001000001111 1111000000001111000000000001111011110001111111100001000100000000 0010000100011111000100010001000000010001000000000001000011110000 0010001100100010000100000001001100110000111100001111111011001011 0000111100000000000000001110111100010000111100010001111011001111 0001000100001111000000000000000000010000111000000001000000000010 1111111111111111111111100000111100001111111111110000000000000000 0001111100101111110111101110111100000000111000000000000000010001 1111000000001111101010111101111011101101111000000010000100100000 0001000011111110111011011101110111011111111111111111000000000000 0000111111110000000000010000000100010010000100001111000000000010 0001000000010001000100000000111111101111111111111111000000100010 0001000111111111111100000000111100000001000100000000000000000010 0000000000000001111100010001000100010000000000010001000111111111 0000000000000001111100001111000000001111111100000001000100001111 1110000100001110100010001000100010001011110100000000111011110001 0000000111101111000000000000111111110000000000001111111111110000 0000111111100000000000001111000000010000000000000000000000010010 0001000100010010000100010001000100010001000100000000000000000001 0001000000100000000000001111000100101111000000010010001000001110 0001000100010000000011111111111111101110111000001111000000000000 0000000000001111000000000000000000000000000000000010000100000001 0000000100101110111011110000111100000000111111111111111000000001 0000000100100000000011111111111000000001000100100001000100110011 0000000011111111111111101101110100001111111011110000001000100001 1111000000000000000100000000111011001010100011010000000100001111 0000000000010010111011100001000011110000000100100001111000010001 0000000011110000000100000001000111111101101011000000111111111111 0011000100100001111111110001000010111101000100100001000100001111 1111111000001101111100100010001011110001001111110000001000010000 1101111011111111000000000001111111110010000111111111000100000000 0000111100000001000011111010101111100001001000011111111100011110 0001111011111111111000010010000111101111000000010001000000010001 1110111100001111110011110001000111110001000100000000111000010001 0000000100110010111111111111111100000010001100010000000000010000 0001000111111110001000100010110111001111111111110011000100010000 0001000000001111000000010010000111111100101010011100000000000000 0000000100100001111100000000000011110001001000010000000100000001 0001000100000001111111101111000011111101111000000000000000001111 0001000100110001111111110001000011110010001000000000000000011111 0000000100001111111100010001111111010000000100000000000100010000 0000000100000000000011110000111100001111111111111111111111110000 0010111100000000000011011111000100011110111100000000111100010000 1101110111010000000000001111111000000001111111010000000000011111 0011111111100000000111100000001000001110000100100000111000000000 0000111100000000111100010000111111001111000100010000111100000000 0000001000010000111100100001000011111110000000010001000000010001 1111111111101111000000100000111011100001000111111101000000000001 0010000111100001111111011110001000011110111100100001111111010000 0001111100010010000011000000001000011100000000010000111100000001 0000111100010010000000000010001000101111000000000000000100100010 1110111100001100111100010010111000000000000011101101111111101110 1110111100010000111011110000111111101111000100001111111111111111 0001000100100000000000000001000111111110111111110000000111111111 0001001000001111000000000000000100001111111100001111111100000001 0000001000010001000100011111111111001110000100011100111100010000 1110111111110000000000000000111111110001000111101110000100010001 1110110011001101111011011110111100000000000011111111111100000001 0001000000010001111100010001000100001111111000010000111111110001 0001000011101101110011010000001000100010001000100010001000011111 1111000000011111111100011111111100000001111100010001111111010000 1111111111110000000100100000111000010000111100001111111000000010 0000111111110000001000010001000000000000000000001101111000010011 1100100110111110111111011101111011101111000011001111000000001110 0001000000010000000000100001111111101111110100000010000000000010 0000000100010000111100010001000100001111111100000001111100000010 1110000000000000000000010001000100100001111100000000000000000011 1110111011100001000100001110000000010000001000001110111011111101 0001000011101011110111111110111100001111000000010000111111110001 1111000100000000000000010000000000001111000100100000000000010001 0010000000000001000100100001000100001111111111111111111100000000 0001000000000001000100000000000111111111111111111111111000000010 1111000000010010000100010001000011111110111111101111000000000000 1110000000000001000000010000000000001111110110111011110011101111 1111111111101111111100000001000100010001111100000000000011111110 0010001000001110110011110000000100010000111111111110111011101111 1111111100010001000011110000111111100000111100000000000000000000 0001000100010001000011110001000011110000000000000000111111111111 0000111111110001001000100001001000000000111011111111000000000000 0000000100010000111100001111000100100001000011101100101110111101 0001111000000010001000011111111100001110111100001111000000000000 0010000100010010000100100010001000001111111111111111111100001110 0010000100000000000100100010001000010001000000000000000011110000 1111000111111100110011011110111100010001000100010001000100100100 0000000011100000000100000001000100000000111111111101110011011111 0000000011100000001000010000000111100000111100010010000100001111 0001001000010010001000001110111011110000000011111111000011110000 1111111100001111000011110001000100000000000100000000000000000000 1111000000010001001000100000111111111111111011011101111100000000 0000111111001101111000000000111100000001000100010001000000000000 0001000100010001000000000001001000000000000011100000000000001111 1101110010101000101000000010001000000000111100000001000100010011 1111110111101111000000010000000100100010000000001111000000010001 0011001100110010000011101111000100001101111000000000000011110000 0001000100110011000100001111000011111110110111101110000000001111 1110111111110001000100010001000011111110111000010001001000010000 0010001000001111000011101111111011111111111100000001000000010001 0010001000110010001000001110111111101110110111101111111100000001 1111111100000001000100010001000000000000000000001111111100000000 0010000100001111111111101111111111110000000000000000000100010011 1111111111101100101111100000000000000000000000010001000000010000 1111111111111111111100010000000100000000000000000000111100011111 1111000000001110110011011111110111111111000011110001000000000001 0000000100010001000000100010000111111110000000100000111000000001 0000000011111111000000011111111011010000000000000000000100100001 1111000000000000000100010001000000000000000000000000000000010001 0001000100100001111100000001000100001111111000000001111100000010 0010000100000000000011111111000000000000000000010010000100100010 0000000100010001000100010000111111110000111111110000000000000000 1111111011001101000000001110110111100000111111110001001011110000 1111111011111111000011101111000000000000000000000001111111101111 1110111011111111000000010000111011111111000011101100111000000000 1110110011011101111011001111000000010000111011110000000111111110 1100111111111110110011111111111111111111110100000001000111110001 0000000100010001000011110001000000000000000000000000111111110000 0000111111110000000000001111111011100000000100010000000011111111 0001000000000000111100000001000100010000000000010001000000000001 0000000100100001000000010010000111111110111100010001111100010010 0001111100000000000100100010000011011111000000010001001000001110 1110000101000011000000010001111000000010000100000001001000011111 1110000100100000000000010000111000000001000000011111000011100000 1100101111001100110011001110000100010001000011111110111100010010 0000000011110001000000000001000011011110000100000000001000010000 1100100110011011111000000000000000010001111100010000111111101111 1111000111111111000011100000001000001111000111111111111100100001 0000000100010001001000000000111011110001000100001111000011110001 1110000000100010001000010001111111010000000100011111110011110000 0000000000001110110100000000111100001111101011110000000100000001 0001000100010010000111111110000011110000000100011110000000010001 0001111100010010000100010000111111101110000100000000001000011111 1111111100000000000100100010000111111111111111110000000100001110 0001001000011111000011111111000000100011000011111110111111110001 1101110111001110111111111101111011110010000100010000111011100000 1111111000000001000100000000111111100001000111101111111100001111 0000111111111111000100001110111111111111000100010001000100001110 1110111100010001000000000001000000011111000000010001000011110001 1100110111111111111111111111110111100000000100100000111011100001 0000000011111111111100010010000100010001000000000001000000010001 0001111111011111000100010000111100001111000000000001000000011111 0001000100001111111100010001000100000010000100010000000000001111 0001111100000001000100010000000100100001000011111110111100000001 0000111000010001000011101101111000000001000100010001111011100000 0000111100000001000011111110110011010000111100010010111111100001 1110111111111101111011110001000111111111111100000000000011111111 0001000111101110111111101111111100010001000011110000000000000010 1111111111010000000100001110111111101111000000010010000100001111 1111110111100001001000010001000011111111111000000001000100001111 0001111100110010111011101111000000111111111100001110111100010011 0000000000001111111011110000000000010000000100010000111111110000 0000111000000010000100000000000000001111000000100001111100000001 0000000100010000000100100001000100001111000011110001000011110000 0001000100010000000000110010000000000001000000001110111011101110 0000000100010001000000001110111000000010000100000000000000000001 0001111100000000000000001111000000000000000000000000000000011111 0000000000010001000011100010000111001101111100001111111111111110 0001000111111110000000001110000011111110110000000010000100010001 0001111100000001110111000000000000001111000011101010101111100000 1110111000000001000000000000000011110000000000010000111111110010 1101101111110001001000100001000111110001000100001111111011110000 1111000000001111000100001111000011110000111111011101111100010001 0010111000000001000111110010001000000000001000011111111011111101 1111000000010010000000000010001000000000000100010000000011101111 1111111100000001111111110001111111011111000100000000000100010000 1101110111111101111100011100110111011111110010111101111111110001 1111111100010000000000000001111111101111111100001111000100000001 0000000100000000000000001111111111010000000000001101111011101111 0000000100011111111100000001000111111110110111101111111100000000 0001001000010001000000010001000111110001001000010010000100010001 0001000100011111111011101101110011001111000000010000000000010010 0001000100100001000111111100110011001101110111011010110111100000 1111000100000000111100000000000100000000000000010000000111110001 1110111100000000000100001111111011001101110111101111111111011101 0001000100011111111011101110000100010010000100000000000000010001 1111111111111111000000010010000100010001000100001111111100001110 0000000000000000000100010001000100000001000000001110111100011111 0001000011111111111111101100110011011110111111110001000100100001 0001111100000000111111110001000011101111000100011111111111100000 0000000100010001111100000001000111110000000000010000000000000001 0001000100100001000000000001000100100001000100001111000100100001 1110111000001111000000000000000100100011001000010000000111110001 0000000000000001000100100001111110111100111011111110111111101111 0000001000010001000000010000000000000000000000011111000000001111 0010000100010000000111110000111100001111111100010001000011111111 0000000000010001000000000001000100010000111111100000000100010001 0000000000010000000000010011001100110010000000000000000000000010 0001000011111111000000000000000000000000000100010000111111111110 0001111100000001000100001111000100010000111100001111111000000001 0001000100010000000011111110110100000001000100100001000011101100 1101101111001111000000010001000000001101101111001100110011001110 0001000100000000000011001101000011111101111100100001000000001111 0010001000010010000011010000001000100001001000101110000000000000 0001000100000000000000000010001000000000110111001110111111111111 0010000011101110000000010000111100100001000100010000111011101111 0010000100000001000111111111000000001111110100000000111011110000 0000111100000000000011110000000100100001111011011101110011011110 1110110111110000101110010001001011001111111011100000111111101100 0011000100010000111011010000000000000001000100010001111111101011 0000110111100000000011110001000100000001000011111110111111101101 0001111100000000001000010000111000000001001000010010000100010000 0001000000000001000100010000000000010000110100000000111111010000 1111000000100001000011101110000000010000000000100001111111101111 0001000000001111000000000000000000011111111111111111111100000001 0001111100000000000100001111111000010001000011111110000100011111 1110000000010001000000010000111111011111000000010001000100010001 1111111111011111000000001111000011110000111111001110000100100000 1110000011100001000011011101000011111111000100010000000111111111 0001000100000001000111101110001000010001000100000001000111111110 1111111100010000111100000000111000001110111000000001000000000000 0000000100011111000100101111000100110001000100001110000100011110 0000000000000000000100010000111000010010001000000000000100001110 0000111111110000000100001111111111111111111100000000001000001101 1111110111100000111011001101110011011110101011001111000011010010 0000000000000000000011111110000100010000000011110000000000000000 0001111111010001000111111110000100010000111111101111111111101110 0001001000100010000111110000000100011101110111100000000000011101 1101110111101101101111110010000010111101000000100001001000000001 1111000000001111111100010010111111010000001100110010000100010011 0001000011001100101111011111111111111111000000000000111100000001 0000000000010000001000001111000100011110111100010000000000001110 0000001000011110101010011100111100010001000011101110000000000010 1110110111101111111000001110000000000000000000100001000000100010 0001001000100010000100101111111111101111000000010000111011111110 0001000100000000000100010010001000001101000000100010111100001111 1101110111101111000000100010000011110001001000011111111100010011 0011001000010010000000001111000000011111111100010001000011101101 0001000100010010001011110000000100011101101111110000000011111101 1110111100001111000000010001000011111111000000011111111111110000 0000000111111111000000010000000100010011001000101111000000101111 0001001000011111110110111101111011110000111111110000000000000001 0000000011111110000011110000000011111101000100010001000000010001 1111110111110000000100100001000011101110000100100001000000000000 1100000011011101111011110000111100000000111111011101111111111101 1101111111101111111111111101110111111111000000001111111100000000 1101000011111101110000001111000000010000111100001111111111111111 0001000000010000000000010000111111111110111100010000000000011111 1111000100010000000011111111000000010001000000100001000011011101 0000000100011111111111110000000100000000000100001111111000010000 1111001000100010000100001110111111110001000000000000000100100010 0000000000000000000100001111110011001111000000000000111000000001 1101101110011000101011100000000100001111110110101101111111111110 1110000000100000111011011110000011100000000100100000000000010000 1111111100001111000100000000000111111110001000100001000000010001 0001000100000000000100100010000111111111000000010001000100010000 0010001100001111111000001111000100000010111011011110000000010000 1101111111110000111111100000111100010001001000000000000000001110 1111000000000000000000000000111100000001000100001111000011111101 0000000100010001111111110000000100001101110111110000001000010000 1110111111111111001000000000000011100000000100000001111011111110 0000000000010000111111111110110110111101111111111111111100000000 0000111011101110111111111111111111101111111111101110110100000010 0001000100010000111111110001000100001110111000000000000100100001 0000000100001111111011101101000000000000111100001111111011101111 1101111000000000111111110010001000001110000100010000000100010001 0000000100011111111100000000000011011110001000100001000100010000 0001001000010000000011110000111111011100000000010001000100100010 0000000011100000000100010001111011010000111111001001101111110000 0010000011110001000011111111000111111110000000110010111111101101 0001000100100010111111110001001000001110111100010000000100010000 0000000100100010000100000001000100000001111111101111000100100011 1111111111011110000100100011111111100000001011111111101111001110 0000000000001110111011110001000011111111000000010000000011101101 0000000100011111000000000000000011110000000000001111000100100001 1100101111001101111100000000000000010000000100011111111000000000 1111111100010000000000000001001000011110111011100000000000010010 1111000011011101111000000010001000100001000111111111000000100010 0001001000010001001000100001000100010001000011101110111100010001 1111111011110001000000001101111100001110111000000000000000010001 0011001000110010000011111111000100100010000100001110110111100000 0001000000000010000100010000000000001110110111011110000000000001 1110111111111111111011101110111100010010000100000000001000100010 0000111111001101110111000000000100010001000111110000001000010000 0000111100001111111111110001000011100000111100010001000000001111 1110110111011101111111111111000000000000111111111111111100010001 1101101111001101111011111110000000000000000100010001111000010011 0000000011110000000000010001000100001111111100010001000000001111 0001000011111111111111111111000100001111110111010000000100010010 0000000100000000000011111111000000010001000000011110111011110000 0000000000000000111100000001001000001111111000001111000000000000 1101101110111100000000001111000011100001000100000000000000001111 1110111100000001000011110000000100000000000000101100111011101110 0000000111100000111100100000110010111111110111101111000100010000 0010001000010001000100010001000100001111000100000000000011101111 0010000111110000111100000001000000000001111100000001000000010001 0001000011100000111100000000111100010010111111111101000100000000 1110110011110010001000000010001000001110000000000010000100100000 0000111000010010000100000000001001000001111100010000111011100000 1111111111111111000000001111000100010000000100001111111000010001 1110111011010000000011101111111011100001111100001111000000000000 1111111100000001000100000000000011101110111011101111111011110001 0000000000100100000111111110000111111111000100001110000000000001 1111000100010001000100010000000000000000110000000000000000000000 1111111011110000111000010000000000011111000011010000000100010000 1111111000011111000011111111111011100001000000010000111111010000 1110111100000010000011100000111111100000000111111111111100000000 1110110111101111111100001111111000000001111011110000000111010001 0001000000000001000011111110110100010001000100010000000000100001 0000000011111110111000010001000111100000010000010010000100101111 0001111111101111110111111111111111111110111111110001000111111110 0001000011101110101111101111001000000000101111101111000000000001 1111111000010001000100000001000100000001000011110000000000001111 0011111100100000111111010001001000010000000100000000111000100000 0000111111100000000100100000000000001111000000000000000000010000 1111110100010000000000001111000100000000111111111111000000000000 0000000000010001000100000000000111100000001000100000110111111110 1111000011111101111111100001000100010001111100000000111000000001 1111000100000000000011111110111011110000000000000000000000010010 0001000111011011111011101111000111010000111100000001111100100001 0000111100001111111011111111000011111110000011110000111000010001 0001001100000000111111101101111100000001000000001111000100001111 1101000000001111111000000001000100110001111100000000111011010001 0000000000010000111111110001000100011110111100100010000000010001 0000111100100001110100010011111100010000000011110000000100100001 0001000100010001000011110000000000010000000011111101111100010000 1110000000100001111100010010111100001111000000000010000100011101 1111111100001111000100000000001000101110111111101111000011110000 0000111111011110000000010000000000110010000111111111000100000000 0011000111110000111111110001000000001110110111111111001011111110 1111111111100010000100010000000100010001000111110000111011110000 1111111100000000111100001110000000000000000000010000000011110000 0000000000000000000000000001000011111111000000011100101011110010 0010000100011111000111110000111011101110000000010000111100010001 1100111100000000000011111111000011111111111111101111111011100000 0000000000010000000000000000000011101101110110111100110000010000 1111111111110001000000010000000100001110111111011101110100011111 0000000100001111001000000001000000010000000000010001000100100010 0010001000001111111011100000000000000000111100010001000000000001 0010000100000000111100011111111111100001000100010000000000011101 0000111100010001111100100001000100000001110111110000000111110000 1110111111010000000111100001000100010001001100010000111000000000 1111000011111110111100000001001000011110000011001111000000000000 0000000000000000111111111111000000010001001011101110000100010000 0000000000011111111100001111000011110000111011101101101111100000 1101000000000001000000000000000000010001111111110010000011100010 0001000100011111000011111111111100000000000011110000000111101111 1110111111110000000000011110000011100000111100010001111011100001 0010111100010001000011101111000011110000000100010001000100011110 0000111011111111000000000001111100000000111111001111000011011011 1111111000000001000000010000111100000000000111100000000000001110 0000111100111111111111010000000000000000111011010001001011010000 0010000000000000111000001110111100001111001000100000111000000001 1110000111111110111111110010000111111111000000010000111100100001 0000000100010001001000011111000000010001000000001110000000101011 1101001000001111000100001100000100010000000000011111110111110000 1111000100011111110111101111000000010000000011110000000000000000 1100000011111111000000010000111111110001001000010000110011111111 1111000011110000111100000000000000100000000111111111111100000001 0000111111111111000100000000111111011110010000010000111100010010 0000000000000001000100001111001011111111001011100000111100010000 0001001111100000111100001110000011110010000100001101110011100000 0000000100010010000110101111001000100100001000011110110011000000 0001000011100000000100001110111011111111000000000000000100100001 0011000000000001111100001110000000001111000111110000110111110001 0001111100010010001000010000111000001101111011101111111100010100 1111111111110001111110101010111100010000000100011111000000001101 1011101011110001111100000000000011100000000100010010111011010000 1111000100001100111111110000000111110000000000001101111011111101 1111000011111111001000100010001000110000111011011110111011110001 0001010000010000000011111111000011111111111000001110111100000001 0001000000001111110111010010000100000000000011101101000100000001 0000000100001111110100011111000100001111111100011111001100110000 0000001000100000111000001111000000001111000000101111000000010010 1101000000001111000100010000000111111111111100001111111100001111 1111110110111101111100000001000011100000001000100000001011111011 1111111000001111111011101110111000011111000100010001001000101111 1111111000000000111011101111000011110001111100110000000011111111 0001000011001101111100001111111011111111000100000001000000000000 0000000000000001001011111111111100011111110111101110000100100001 0011111111110000111000000001001000100000110011001111110111111111 0010000010111110111100010000111000000001000111111111111100010001 0001000000000000000011111111111100001111111011010000000100100001 1110000110100001000100011110111011110000000000011110111011101111 0001111100000010000111110001111111100000111100011110000100100010 1111111100001110000000011111000100001111000000010000111011110000 0000000100011111110111111111111111111111111100000010000000010001 0000111011110000000000010000110000100000000000000000000100011111 1101111011110010111100100000000000000000000000100001001000010010 0001111100001111000100000010001011110000000100010000000100011111 1100111111110001000000001111001000001110000100101111000111111111 0010000111111110000100010011111111101110111000001111000100010000 1100000100010001111100001111000011101111111100010001000101000011 0001000111111111000100000010000000001101111000000001001000011101 1111000000000000000111101111111011110000000111100001000100011111 0001111100000000111111110000000000010001111111101100110100010001 1111111100000000111100001110111011110010000100000011111011101011 0010000111110000110111110001111111110001000011111110111011101111 1111000100010001000100001111000000010000000111110001000111111111 0000000000010001000000010010001000010001111100001111111111101101 1111111111111110111111101101111100101111000000000000000100010000 0000000100010000111100000001000111100000000000010000000100010010 0011001100011111111011011101111011110001000000000000000011110001 0011001000010001001000010001001000001110000000001101111111101101 1110111111110001000011110000000000001111111111110000000100000000 1110001000100000111100000000111111111110111100000001111011110010 0000000011011011101110101110111100011111000100010001001100010000 1101000011110000000000000000000000001101111011100001000000100001 0000000111110000000011110010000000010000000000000000000000000001 1111111100100000000000001111000011100000111000011111000011111111 1111000000000001000100010001000000001111111011111101111100001111 1011110111011111000000001111110111110000000100010000000011111111 0011000100000000000011111101000000010010000100000000000000010000 0001000011111111111000001111001000001111000000010000111000011101 1111111111101111111011101110111100010000111100010000111111111111 1111111011100000111100000001000111110000111111101111111100001111 1111000000101111111111110001111111111111111100001111111100000001 1101000100010000111111100000000100001110000011110000000000010010 0000111111110000001000000010111100010000000100001100110100010001 1101111100001100000000001111110111110000000111110001000111100000 0001000000001111111000000000000011100000010011101110000111110001 1111111111110000000000010010000011111111000000001111000011010000 0000001000011110000000000010111100010000000011100000000011100010 0000111111111111111100000001000011101111000111110000111100011111 0010000100010000000000001111000011100010000100010000000000010000 0010000111100010001000100000000000000001000000010010000100011110 0000000000000000000100000010000100000000000100010001000011110000 0000000111110000111100000001000111101111111111110000111100011111 0100111111001111000000100001110100000001001000010000000000010010 1111000000000001001000001110000111110000000111110000111111101111 1110111111111111111000010011000010111111000000010000000000010010 0011001100100000000100001111000000000000111100001111111111111111 0001000000000000000111111111000100001111111111010000000100000001 1111000000010000000000100000000111110000000000000000111111101110 1111000011110000001000101111111111111110111111100000000100110010 0000110011110000000000001110000000010000000111111110000000000000 0000000011111111111100000010111100000000001000000000110100011110 1111000000000001000111111110000111111110000000011111000100001111 0000000000001111111111011101111011110000000000010000000011111100 0001000011100000111000000000111100000000000000000001000011100001 1110000000100010000000000001000000011111111111110000000000010000 0001000100001101111100100000111111110000000000000000111100010001 1111000111101101111000010000000111111110111011100000110111100001 0000111000010000000100100000111011100000001000101110111011110000 0000000100000000001000010001000011111110001000011110000000010010 0000000011110000000000010001000111111101000000000000110000001111 0000000100010001000100000000111011111111000000011111110100000000 0000000011111110111100000000000011111111001000000000000011111110 1111000000010000001000011111000000000001111011110001000011011110 0001000011111110000000101111000000011111000111110001000011100001 1101111011111110111111110000000100000000000000010000111000000010 1111000100001110111100110000000000010001110111100010111100010001 0010111000010000111100000010000000001111000100010001000000100010 0001000100000001000100001110111111111111000011110001111111101111 0000111011001111111100010001111100001110001000100001111100101111 1110111011101111000000000010000000101111111100000001101111110000 1100111000001111111111110000000000010001000000000000111100100001 0000111111110000000111110000000100000000000000010001000100010010 0001111100001111111100010001001000010000111000100001000011110001 1111111100001111111100000000000000001110000000011111111100001111 0000000000011101000000110000000000101111000000001111111100000000 1111111100100001111111110001000000000001000000001110000100011111 1101001000100001000000010000111111110001000011111110111111111110 0001001000010000000011110001001000010001111100000001111111100000 1111000111101101111011110001000000010000000000001111000000001111 1101111100010000111100000000000000100000111100000001000100010001 0000001011110000000000000000111111111111001000001110110100000000 0001000011110001000100001111111111100000000000011111000000001110 0000110111101110000000010000000100000001000100011111000100010000 0000000111100010000100000000000000010010001000101111000111111101 1111000011100001111100000000110100000000000000010011001000010001 0001000000000000111100011111001011110001000100001101000000100001 0010000000011111000000011111111111110001000000000000000011101111 1111111100101101000100000001000011010001001000011101000000001111 0000111000100001000011110000111111111111000100010001000011101110 1111110100000001000100010000000011110001000000011110000000000000 1111000000000001111000000000111111110000001000001111000100100000 1100100111011101111011100000000000000000000000001111110111011110 1100000011111111111111110000111111110000001100000000111100101111 0001111011101111111100000001000000000000000111101101111111101101 1110111100101110111011111110000011111101111100001110001011111110 0001110100000000111111011101000100010000000000000000111100010000 0000001000010001001000000000000100011111000000010000000011111110 1110110011001110110000001111000011110000000111110001000000010010 0001000011101110111111001110000100011101000000001111000011101111 0011000000001101111111110000000011110000000111111110000011111110 0011000000001110000111110000000100010000000100010000111100010000 0001000000010000111011111111111111100000000100110001111100100001 0000000011100000111111110010000000010001000011110000111100000000 1111111100000000000011101110000000001111000100010001111111110001 0001111100011111000011110000000000000001111111110010000000001110 1111111100010000111111110000000011111101111100010010111111111111 0011111111111111101011111110000000000000000111100010000100010001 1111000100010000000011111111111111110000000000101111000100000000 1110111111111111000000010001111111001101000000010000000100011110 0000000111111100111111111100111111110001111111110001111111101100 1111000100011110001000010000001100010001000000011111111111101111 1110111000001110000011100001000000110000000100000000000000010001 1111111100010001000000010001000100010001000111110001001000011111 0000001000101111000011110000111000000001110111100001000100010001 1110000011110000001111110000111100011111000100000000000000101111 0000111111011110000100100001000000011101000100001110000000100001 0001000100000000001011110000000000000001000000000000111111100000 0001000111011011100011011100000000001111111100000010000011110000 1110000000010010000100000001111000001111000011110000111100000000 0000111011011100000011110010000100010000000000011111111100010000 0001000000010000111111111110000000011111111100000010111100010000 1111000100000001000100010000000011111111000000000001111100011110 0000001000100001000011110001000100000001000000010001000100010001 0000110011101111110111101111000100000001000100010001000000000001 1111111100010001000100100001001000000000111000001111000111110010 0010000010001110000011110001000100010000001000001110111100010010 0001000000001110110100000000111011111111000100100000111100100001 0001000011100000000011110000000011010001111100010000000000000001 1111111000000001000100011111000000010000111100000000111011011111 0000000011111111110011001110000111110000111111110000001011110001 0000110100010001000100010000111111110001000100100000111100001101 1101111111110000000011010000000100001111110100001111000000011111 0001111000000011000111110001111100000001000000001101111000001111 0011111111101100000011111101110111001111000011111111000100001110 1101111100010000111111110000000100010001000000011111000100000000 0011111100000000111100000000000000100010111100001111000100010000 0000000000000000111100000001001000100010000100000000000100000010 1110111100000010111111110000000011111111111100010001000000001111 1111111010111110110000000000000100001111111000101111111111111111 0010000100010001000011110001000011110000000000010010000111110001 1111111100000001111111111111111111110000111100010010001000000001 0001111110111101111011111111111111111111111100000000000011101110 0000101111110001001000010001000100000000000000000000111111011111 0000000100000010000000000000111100010000111100010000000000001111 0010000100000000000100010000000011100001000100000000111111111111 0001000011110001000011111110111011111111111100011110000000001110 1111000100010010000100011111000100000001000000001111000011101101 0001000000010000001000000010000100100001000000011111110011110000 1101111100010000000100001110111100001111000000001111000111111110 0011111111110000000011101110111011110000000100000000111000001110 0001001000001111111100001101111011110000000000000000000000100000 0010111100100001000000100000111000010010000000001111000011101110 0000111011110001111000011111111100010001000100000000000000001111 1110001000010001001000100000000000001110111011101111000100001110 0001000000010001001100100010000100010001111111100001001011111110 0000101111001110111110101101101100000001111110110000111111001011 0000110100001111111100010001000100010000111100001111111100010001 1101110100000001111111101111111100000000111111111101111111110000 1110111000010000111011101111111100001111000000110001111111100001 1111111000000001000111110000000111111111000011110001000111111111 0000000100010011000000011111111010111110111100000000000011110000 0000000111110011110011110001000000001111000000011111000000011111 1110000000000010000100001110111100000010000000100001101111110001 1110000100001111111011110001000100010010000100011110000000001111 1110111100010001111111101111111000011111001011110000001000110000 1110000000010000000011110000111100001111111111110001111011101110 0000000100010000001100001111000000000001110100100001111111110000 0001000000000100000000011111000011111111001000010001000100011110 0010111100100001000000001111000111111110000000001111000000010000 1111111011011111000000100000111111110000111111111111111011101110 0000000000000001111111101111001000000000111100011111110100000000 0011000011101101111100011111000111110001000000100001000000001110 0000111011001111000100111111000000001111101011100010000100000001 0000000100001111111111100000000100010000000000011111111000000001 0000000100000001111111110000000000000000000000010001111100010001 1111111100001111000011110001000111110001001000100000000111111110 0010111010110000000100000000000000000000000000110001111100001110 0000111111110001000100010000000000101110000000110001111111101111 1110111111110000000011111101111011100000000100000010000000100000 0001111100010000000000011101000011111111000011011101110111110001 0000000100010010111111101111111011110000000100011111110111111111 0000111000000000000100101110000000010010000100010001000111111111 1111111100010001000011111111111011111111000000010000111100000010 0000001000100001111100000000110111101111111100011110110111110000 1111000100001111111100000000111011010000000011110000110111111110 0001111100001111000000000001000000000000000011110000000111000000 0000111000010010001100011111111111111110110100000001000000000000 0010001011111110111111111110111011010000000000000000101100001110 0001000011110000000000000000000011111111111100000001111111011101 1110000111111110111000000001000100010001000100011111111100000001 1110001000010000111011101101111100010000111100001101000000001110 0000000100110000111100001100110111110000000011110001111111100010 1111111111011111000000000011000111011111001000010000000011011101 1101000111111111101110111110111011010001000100010000000000011110 0010000000010001111111110000000011110011001100100010000100010010 0000111111001110000011011001111100011111000111110001000000001111 0010010000001111000111100000111100010000000000000000000111100001 0001001000000001000011110010000100001111111111110000111010001011 0000001100011111000000010010000111110000000100010010000100011011 0001111100001101111100100010111000011111001000100010000111001101 0100001100000000000000010010000000000000000000010000000111111110 1111110000001111111000000000000000000001000011111100100111110001 0001111100011111000011110000111000100000111011011111000000001111 0000111111100001000011110010001000000000000011111110110100001111 1110000000001110111100010000000011111110110110101010111000010001 0010001000100001111010111001101011001100111011111111000100001111 0010000011011111111011101110111100000000110111110001000011001110 1111111111100001000011110000000100010010000100001110111011000000 1101110111100000000000110010000100000001000100001111000000010010 1111000011100000001000011111000000010000000100000000000010110000 0001000100010000000100010010111100011111000000000001111011011110 0000001000010001111111101110111100100001000000001110111100010001 1111000111110000111111111111000000010000000011111111111010111100 0000000011110000111100011101100010001010110100000001001000010000 0000111100010000000100001111000011101100110111001011111000100000 0000111000011111000000011110110111110000111100000010000000000011 0001111100010010111111110000111100001110000000010000111000000001 0001111000010000111100001101111100000001000000001110110011110000 1111110100000000000000110001000100100001000011111111110011101111 0001000000001110000100100011111111100000000100101110110000000000 1111000000001111111111110000111100000001000100010001000011111111 0011000011011110000000001100111011111100111100010001000000001111 1111111100000001111000000000000000010001000011101111111011110010 1111000100101110111100000001001000111111000100001111000100010000 0001000000010010000011110001000011011111110011111111111011001110 0000000000011111101111011101111111110000000100010000111111101111 0000000000100001001011110000001000000000000100001110111111110011 1111111111100001000000011111111111101111111111110000111111110000 0001000111110001000000111110001000010001000100000000111000000001 0011000000000001000111011110000011111111111100011111001000001110 1111000000001111000100001111000000100000000011111110111111001111 0001111100001110000000000001000111111101000000010000111100010000 0010001011110001000000000000010000110001000011111111110011110001 1110110000010000111011110000111111101111000000100001000100001110 0010000000001110000100010010111111111111111100010001111111010001 0000111011110001000011101111000000001111001011100001000100000001 1111111011111110000000010001000100000001000011100000000000001111 0000000000010000001000010000000111111101000000010000111111011111 0001111111110000000111111111111011110000000011010000111100011111 0001000011110000111111101110000000010010001011101110000000100000 0000111011001101000000010011000100001110101111010000000000000001 1110111111011111001000001111000100001111111111100000000000010001 0100110100111110001000001111000000010010001100000000000000011111 0000111100000000000100001111000100100001111100001111111011100001 0010000100000001000011110000110011101110111111110001000011010000 0010000000010000000111111111111111101111000100010000111000001111 0001000000000000001100000001000100000001111111111110000011010000 1111000000000001111000010010111100000010001000001111000000011101 1101111000000000110111000001001011110001001000011111000100001101 0001111100001111000100010001000100011111001011010000111011111111 0001001100101111000000100010000011101101111011010000001000101110 1101000000000001000000000000000000011111111100011110000011111111 1111000000000010000000010001000011111111111100001101000000000000 1111111100010001000011011110111011100001000000001111000000001110 1110101100001111110011111111111100000000001000000001000111110001 1110000100001110000100011101000000000001000000100010000011110000 1111111100100010000000000001000000101111111100000000000000010000 0000111100010001111011101111000011110010000111100001000000001110 0001000011100000000100010000000111111111000111110000000010110010 0010001000001111110011100001000100000000000011011111111111010001 1111111111100001001000100001111111110000000111111110111100010000 1101111000001110000111111110111100001111000011110000001000010000 0001000000010000000100010000111111110010000000010010111111110001 0000000000100001000100100001000000010001111000001110000011100000 1111000100010001000000000001000000010001111100000000111100100000 0000111100001111001000000001111111111111111100001111000100000011 1111000100001101000000001100111011001011111011010000000010110001 0001001000010000001000000001000100000010111100000000111100011111 0010111000000001000011110000000000001111000000011111111100010000 1111111100011111000000011111111111011110111011101111000011110001 0000111111111111001000001111111111001110000000000000111111110010 0010000000010000000111111111000000000000111000011100000011111100 0010001000110001111111110000001000011111111011110001000111110010 1111000100001110000000011111000011111110111011110001111100010001 0001001011110001000100100001000000010000001011110000000011111111 0000000000000001001011110001000000010000000000001110000000010011 0000000111101111000011111101110100000001000000001111111011111110 1111110111111111000011011101111111001110111000011110111100000000 0001111011110001000011111111111100000001001000100001000111110000 0001110011110001000000110000000000011110000100001110000100011111 1111000000010000000111110000000000000000000011101101000100100000 0000000000001111111000000000111100001111000111111111111111101111 0000000100100000111100010011000111101110000011110000000100001101 1111111000011111000011111110111011100000110111100010000000000000 1111111100000000000000001111000111110001111100000001000000010000 0000111111101111111011111110110111101110000011111101000100101111 0000000100010001000100010000001000010001001000010000110100000000 1110000011110010000000011111000011110000000111110001000000000001 0000000011110001001011101111111011101101111011111111110100000001 0000111100011111111011101111000000100001111100000000000000101110 0000000111110001000111110010111011111110000000000001111100010011 0001111111100000001000010000111100010000111100000001111100000001 1111000011110000111100000000000011110001000000000000000000101111 0000111100000001000111111110000111101111000011111111000111100000 0000000100000000000111110001111011110000000100001111111100000010 1101001000100010111100011111000100011110111000001111000100010000 1111111111110001000111111101001000010000110011010000000000000000 1110111111101111000011111110111111110000000011111110111100000001 1110111100000001000000001110111111110000111000001111000000000001 0001111111111111000100000001000100000000000000001111001000010001 0010001000000000000100100001000011110000000011100001000100001110 1110110111101111000000010001000100100000111100000000000000000000 0000000100100001001000001110110111100000111100000000000100000000 0001000100100000000100010000000011111101111111111110000000000001 0000000111111110111111111110111111100000000100000010001000000001 0010000000000000000111100000000011111111111011110001110100010000 1111001111110010000100011110000011110001000000000000000000011111 1111111100000010000111111111000111010001000011111101111000011111 0001000000011111000100101110000000010000000000000001000000000000 0000000011101110111011111111111100001111000000001110111000000000 1111000000001110111100000001000100000001000000000010001000011111 0000111011110000000000010000000111110000000100001111000000000000 1110001011100001111100010001111111111111111100001011000000000000 0001000100010000111000001110000011110001000011011110000100001111 0000000100011111111111110000000011111110000000000000001000101111 0001111100000001000011110001000011111111000000001111111111101111 0001000000001111111111110000111100001110111100001101111000010000 0000001000001111111111111111000011110000000011110000000100001111 1111111100000000111100000011000000001111000000000010111100100000 1110111100000010000100011111111111001111000000010001111100010001 0001000111000010111111110000000011110000000000010000111000000001 0000000011111110111100000000000011110000111100011101000000110001 0100000000010001111111111110111111111111001000011111000000000001 0000000000000001000000100010111100000001000011101011110100000000 0010111111101101111011100001000000010010000000010001000101001111 0000111011110001000011101111000111111111000011111111001000011101 0011000100001111111100001111000100000001001000001111000011110000 1111001100011110111111111111000100100000111111001111000100000011 0010000100010000111011101111000100100000000000000000000000100010 0010001011100000000100000000000000000000110111111110111111110001 1110111111101111000000010000000000000000000011101110001000010010 0000111100001111000100100000000100010001000011110000111111101110 1101110100000000000100011110000000100000111111111110001011111111 1111000011110000000000011111000000000010000111111111000000010001 0010000100010010000111111110000000000001111100000000111011110010 0000111111110000000100101111001000010001000100010001001000000000 1111000100100000000100010000000000011111111111110001111111100000 0000111111010001111100000000000011111111110100010010000000010001 0000111100001101111011111111110111111111000100000000000100011111 0011000111011101000111101111111000010001111100010001000111110001 1110111100010001000100001110111100010000000000001111111011100001 1111000100001111111010101101101111011111000000010000111011110001 1111000000011111001000110000000100010001111100001111001011111111 0000000100011110110000011110111100010000111100000000000111101111 1111000000010000000100010001110111100001000000000000111000011110 0001111011100000111100000001000000000001000000010001111111101111 0000111011101111001000010001000111111110111100010010001100011110 0001001111111111000011101101111111100000000000000001111000001101 1111000011101111111111110000000011111111000000000001000000001111 0010001000001011101111110000111100001111001000001110111000010000 0000001000101111001000110000000000000010000000000000000111100000 0010000011101101000011111111000100011111001000010001000100011111 1101110111001110001000001111111111110000000000001101101000000000 1111111010111110110000000010000111111111000100000010000100001111 1110111011110001000000010000111100000000111111110000000011010001 0001111000000010000000000000000000001110111011010000001011111101 0001001000011110111100100001111100000010111011100000000100000000 0000111100010000111100000000111011110000000111110000111000010001 1111111100110010000011101110111111111111000000000000111000000000 0010000111100001111011110001111000001111111000100000000100010001 0000000000000001000000010000000011100000110100000010001011111100 1111000100000010000100000000000011111111000011111101111100010001 0010000000001101111000010000000111111111000000001110111111110000 0000000100000000001100000001000100000000000000000001111111110001 0000111100001111111100000000000011001110111000000001111111111111 0010000100010000111100000000000100010001111111101110000000000000 0000000100011110111111101100111011011111111111101101111111111111 0000000100100001001000010001000011100000111011110010000000000000 0000000000010001000111100000000000010001000111110000111100001110 0000000011111110000000101111111100100010000111100000111111111110 0000000111100000000100010000111100100000111100011110111100000000 0001000111100010111100010010000111010001000000000000000000000001 0000111100001111000010111111111111001101111111101111111000010000 0001000100000000100100001111000100010001000111111111111100000000 0010000100000001111011111111111000101111000000001111000000000000 0010000111110000111100010010000000010010111000000001111100100010 0010111011100000000100111111000100100000110111110000111100000000 1101111111010010000100000000000011111110111100110001000011111111 0001001000110010000100101110110100010010001000110000111011001110 0000000000001111111011100000000011111111000100000001000000000000 0000000011111111001000000000111011101110000000010001111111011111 0001111010111011111011101111111100001110110100001110111000001111 0000000000000001111111110010000100001111111111111111111000010001 0001000000000001001000011111000000011111000000001111000000100001 0000001011111111001000000001000000100000111100000000000100010001 0001000100100000000011110010000100000001111111111111000100001111 0010000000001101000100011111000011111110000111111111000000001110 1110111100010000001000010001000100000001000111111101000000010000 1111111100011100111111101110111100000000000000000001000000001110 0011000111101110000011111110111100000001000111110001000000001110 0000001000010010111111110000000000000001111100010010000100000001 0000111100000000110100010001000011100001000000010001001011110001 1111000000011101111100000000000000001111000000100000000000000001 1101111011110001000011111110111011011111111100000001111111110000 1100111000001111111111110000111111001101000011011001111000000001 1110111011100001000000000000000011111110000100001111111100000000 1111111000000010111111100000001100100001111111111101111100000000 1110111000011111111111110000000011110000111111100000111100010001 0001110111100000111011111110110111101111000100100001000100011110 1111000011100001000100001110111100000000000111110000000011110000 1111000000000001111111110000000000000001000111110001000000000001 1111000111110000111100000000000111110000000000100011000100001110 0001111100011110000000001110110100000001111100010001000100000010 0010000000100001000000001111000111110000000000011101000000010000 1111101111010000000000000000001000010001000100100010000100011111 0001111100000001000111110000000000000010000100011111111111100001 1110000000010000111100001111000000000000111111111111001011110001 0011000111100001111111000001000000100001000000000000000000000001 0100000011100000000011111101111011111111000100010000000000011111 1110111111100001000100011111000000010000111100000000000000000000 1110111000000000000100010000111100010001000100010001000100001110 0000000111011111000000001110111100000001111100010001111111111110 1111111111100001000000000001111000000001000000000001111111111111 1111000000101111111011111101111000000000000011110001000000000000 0010111111110001000000000000111111110000000111110000000100000010 0010111100100001000111101111111100100001000111111110000011111111 1111111100001111111011101111111111100001000000100010001000011111 0001111111001110000011111110111000100000000000000010000000100001 1111000100000001000011111100111111100000000100110000001000000011 0000111100010000000011110001000111110001000000000010000100000000 0001111111100000111111111010111011110000000000011111000100000000 1101110111111110000011110000000000000001000000000000001011111111 0011000100011100111110101101111011101111000100001101111011101111 0001111100000001111000010000111011111111111000010000000011110001 0001001000100001111100001111111011010000111100000000000100100001 1100111011101110111111111111000000000000000011111111111011111110 0001111100010001001000010010000011110000000100010001000100010000 1111000000011111000111111111110111011101111111011111111100000010 1111111111110001000111110001111100000001000100010001001000100011 0001000000000001000100001111111011101111000000010000000100000001 0010000100000000001000010000110100000001111100001111000000011111 0000000100010000110111001111000011101110111111100000000000110010 0001111111011101111011101110110111101101111111011101000000000001 1100111100000001000111110001000000100010001000010001000100011110 0001010000010000110111011010110111111110111000011111001000010001 1110111100010000111111111111111111110001111011111111111100001110 0000111100000000000111011101111111101101111111111111000000010010 0011000100010000000000000000000000000001000100100010001000000000 1111111100000001000000000001000100000001111000000000000000100000 0000000011101111111000001110111100010000000000000001111100010011 1110111100001110000000001111000000010001000000010000111100000000 1111000111010010111111111101111011011101000000000001000000000001 0001000111100000001000001110111000010000000011110000000111100000 1110000000010000111000000000000100001110111111110000000100000010 1111000000001100111011101111111011111110111111100000111111110000 0001000000001111110011100010000000000000111100010000000011110000 1110000011101110111000001111111100101111000011101111110100000000 1111000100000001111011111101111011110000111100010000000100000001 1010000000000000111100001111000000010001000100000000111111100000 0000000000001111111111011111000000100000000100011111111000000001 0010001011110000000100000011111100010000000000000010001000000000 0000000100010001001011011111000000001111000000011111111011110000 1110111011110001111111111111000000011111000000010000000100010010 0000111111010010111111100000000100000000000011110000000000101110 0001000000001110110111110001111111110001000100110001000000011110 0001111011001100111000011110000011111111000100111111111000000000 0010000011001110110000000001000100010010000100010001000011011111 0000111011110001000100010010000111111101000000010000000100011110 1111111111110000000011011111000100010000111100011111110111011111 0010111100000010000000010001111111110001110111100000111000000001 0001000100001111000100011111111100010001000100000000111111111111 0000000000100010000100011111111111111111111011111110110010101100 1011110011111111110111000001000111100001000100010000111100000000 0001111111101101000100000001111000010010000011011111000100010000 0001111111110010000000010010000000011111111011110010000111101110 0000001000000000000000001111111100000001000100000001000100010001 1110111100000000111000100000000111110000111100000000111111110001 0000000100100000000011111110000000000000001011111110000011010000 1010110111111111111011101111000000010001000100001111111000000000 1110000100100001000000011110101100000000000000100001000111101110 0001000100000001000100011111000000000000000011111111111011110000 1111000000100001111011111110111000010000000000010000000011101110 0001000111110000000000010001111100001111000100010001111111110001 0000000011100000111111110001000000000000000000001110000011100000 1100101111100000000100100001000100100001111111111111111111111111 1111111111110000000100001111000100010001000011111111110100001110 1111111011110000111100000000000100010000000011100000000000001101 1111000000000000110011001110000000011111111100010000101111111111 0001000000000001000000001111110111110000000000100001000000100001 1111000011110000111111110000000111111111000000000000000000010010 0010001011111111111100000000000011100001111100000001000000011111 0000000011110000000000000000000000000000000000000000000000000000 0000000000000000000000000000000011110000000000000000000000000000 0000000000000000000000000000000011110000000000001111000000000000 0000000000000000111100000000000000001111111100000000000000000000 0000000000000000111100000000000000000000000000000000000000000000 0000000000000000000000000000000000000000000000000000000000001111 0000000000000000000000000000000000000000000000000000111100001111 0000000000000000000000001111000000000000000000000000111111110000 0000000000000000111100000000000011110000000000000000000000000000 0000000000000000000000001111000000000000000000000000000000001111 0000000000000000000000000000000000000000000011110000000000000000 0000000000000000000000000000000000000000000000000000000011110000 0000000000000000000000000000000000000000000000000000000000000000 1111000000000000000000000000000000000000000000000000000000000000 0000000000000000000000000000111100000000000000000000000000000000 0000000000000000000000000000000000000000000011110000000011111111 0000000000000000000000000000111100000000000011111111000011110000 0000000000000000000000000000000000000000111100000000000000001111 0000111100000000000000000000000000001111000000000000000000000000 0000000000000000000011110000000000000000000000000000000000000000 0000000000000000000000000000000000001111000000000000000000000000 0000000000000000111100000000000000000000000000000000000000000000 0000000000000000000000000000000000000000111100000000000000000000 0000000000000000111100000000000000000000000000000000000000001111 0000000000000000000000000000111111110000000000000000000000000000 1111000000000000000000001111111100000000000000000000000000000000 0000000000000000000000000000000000000000000000000000000000000000 1111111100000000000000001111000000000000000000000000000000000000 0000000000001111000000000000000000000000000000000000000000000000 0000000000001111000000000000000000001111111100000000000000000000 0000000000000000000000000000000000000000000000000000000000000000 0000000000000000000000000000000000000000000000000000000000001111 0010111111101100111100010000000011111110110011010000000100000001 0010001011110001001011011101000000100001000100101110111111111111 0001000000000000000011010000000100001100000011110000000000010001 0011111100100001000011110001001011101111000000010010111000000010 0000110000001101000000000001110100010000000011100000110111111111 0001000111101111000000000000110100010000111111101110111111100001 1110000000100001000100010001001000110000000100010000111100000001 1110000000001111001000011111111111110001111100010011000011110000 1110111100000000000011110000111100000001000011110001000000000001 1111111111011111000000000000111100001111111011011111111111010001 0000111100011110000111100001001000000001000000010000000100000001 1111111111101111000000010000111100000010001011111110000011110001 1111000011110000000000010000000000010001111111111111111000000000 0000000100000001111111111111111011111101111000000000111100000000 0010111100011110000011110010000100010011000100011110111100010001 1110000000100001000100010000000000011111111011100000000111111111 0010010011100001000100101111000000000000000000000001000000011111 1111000000010001000100010010000111100001001011110001111100001111 0000000100101110000011101110000111111111000000010010000000010000 0010111000000000111110110000000011111100111011011110111000010000 0000001000100000110111011110111100010001000011011110111100100001 0000111000011110000100000000000100100000000000010010000000000001 0001001111110001000100001110111011110010000011100000001000000000 1101000000001111001100010001110111111111000011110000111111110000 0001111111001110000100011110000100000000000011101110000000010000 1101000100101111000000011110111100000010000011110001000100001110 1111001000011101101011010001110100000000111011111110111100011111 1111000111101101000100000000111000001111111100001111000000010001 0010000100011111111110100001000011110000000011101101000000010000 0000001000000001000100000010000100010000111111101111000100010000 0001000000010000000011110010000111010001000100001111111100011111 1110111011100001000011110001000000000000000011110001000111110001 0000000011100000000011100001001000010000111000010001000000100010 1111000011111111000100110010111000000000000000001110000100101111 0001000100010000111111110000111111111111110011011111000000001111 1111000000011111000011110001001000010001000011101111001000010010 0001111100000000110011111110111011110000001000100000000000100001 0010000011100000000000010001111100011111111011100000111100011111 1011000011100010110100000010000000001111000000000001000000011101 0000111011101110000011110010000111101111000011111111000000010001 0001111100000000111111101110000000000000000000010000111111111111 1101110111101111110111100000111111100000111111100000111100001111 0000000100100000000100010001000000000010000000010000000000010001 0001000111111111000011011110111111111110000000010000000011111111 0001110111101111000000000001111011110001000111101100111011100000 1111000000010000000011101111111011110000110011011100110100000001 1111000100100010001000100001111111101110111100000001000100010000 1111111100000001000100010010000100001101111100000001111011101101 1110111100011110000100100011111111101100111100100000000000000010 1100000100000001000000000000111111100001000000100001000100000011 1111111111101111010000001110000100000000111111110000000100100001 0001001000001111111100001111111011110000111100000000111100000001 0000000100010000111111011110111100010010111111101000111100001111 0001000111110000000000001110000000010000001000100001000111111110 0000000100001111000000001110000000000000111100000000000100010010 0010000011101111000100001111111000010000000100000001000000010000 0000000100000001111100001110111111011111111100000000000100000001 1101110100000010001000011111111011011111000011110001000000010001 0000000100000000000011101101110011110000111100101110000000100000 0001111111110000000011101111111111111110111111110001000100001111 0001000100010000111010111101000011110001111011110001111100100000 1111001000100000001000100000000100000000111000010001001000010001 1111000100000010000100100001111100000011111111111111111100000000 0000000111110000111111111010101111111111111111110001000100010000 0000111011001101110111101110000100001111000100000001000011110000 0001000100100001000000000010000111110000000000000000111100010011 0000110111111110000100000001000011101101000000010010000011101110 1110001000010001000011111111111100011111000000011110000000000010 0000000100000001110111111111000000010010000011110001000100001111 0001000100101111000011110000111000000001000000100010000100010000 0001000100001111111111111111000100101111001011101111111011110001 0000000000010010001000010001111100000000001000010000111111110001 1111000011010000111100000000000011111111111011010000001000010000 1111110011001110110100000000000111110000000011110001000011111101 0001000100010000000000010001000000000001000111111111000000000000 0001000111111101111000000001111111101110111100001111000111101110 1110101111011111000011111111000011001101111000000000111111101101 0001111000000001000010101101111011101111111011101110111100000000 0010001000100010000000010001000011110000000000110000111100000001 0011000100001111000000000000000011111111111011110010000011010000 0100110011001111000111110001001000100000111100000001111000000010 1111000100010001000100010001000000010001001011000000001000000001 0000001000010001000100001110000100101111000100000001000100000000 1111111111111111111110101101111111111111111100000000000111110000 1111000100011111111000000000111111110001000000000001000000010001 1111000011101111111011111111111011101111111000001111111100010001 0001001000101111001000110000111011100001000100000000000100000000 1111000100000000111000000001000000010000111111110001000100100000 0000000111110000000100000001000000000000000111110000000011101110 0010001000100000000100011111111100101111000011011111111111010000 0010000000011110111100000000000000000000110100010001000000011111 1110000000000001000100000000000011110000000000000000000000000000 1111000011100000111111101110000111111110111111110001000100001110 0000000100010000111100100001111100001111111011011110000000000000 0000000100100001000011110000111011100001000111100011000111100000 0001000111111111111111111111000000011110111111101111000000010001 0001000100010001111111111110111100000010111000010001000000000001 1101110011100100000100000001000111111111111011110000000000000000 0001111111111111111111111101000011101110000100000000110010111101 0000111000010001000100100000000111100000000111111111111000010001 0010111100010001000100100001110011101110110000010000111000101111 1100111000100001000000010001111100000001111100001111000000000000 0000000000101110001000010000000000101111111100010000000011110000 1110111111100000001000000010000100100000000011110000111100000001 1111111100001111111100000001000011011101111111101111000100000001 0000000000000000111111111110000000101111111100011111000011001101 0001000011110000111100001111000000000001000000001110000011110001 0001000100000000111100000010000100010001000000000001001000001111 0000000011111110000100010001000100000000111111110001000011001111 0011001011100000000100000010000000000001000100001111111100011110 0001000000011111000100100000000011110001000100010000000100001111 0011001100100000000111111111000000010000000000010000000000100010 0000000111110000111111100000111011101111000100010001000100000000 0001111000000001001000000000000011111110000011111111111111111110 1111110000101101000011111101000011110001000000000001111100100001 1111000100000010001000010001111011100000111100000000000011101110 1111110100001111111100000000000111011111111100010001000000001111 0010111100001110111100100010000011110010111100010001000100010000 1111111100010011000011111111000000100001000011110001000111110000 1111111000010000111100001110101111001111000100001110000100011111 0000001000010000000000001111000100001111111110111101101100000000 0001000100100000000100010001111000010000000100001111000100011111 1111000100010000111111101110111111111111111111100000000011101101 0000000100000001110100000000001000010000111011101100111111110001 0000110100001111000011110000111100000000000011111101110111111110 0001010000000001111011110000000000011110000000000001000100000000 1111110100000000111100001101000000000001000111110010000000101111 0001111111011111000000010001111011111111111011110000000000100001 0001000000010001111100000000111100000000000000000001001011100000 1101111011111111111100010010000011110000001000010001111111101111 0000000000000000110111010001000011111110111011111111111111111110 1101111000010000110100000000000011110000000111110000111100010000 1111000011101110000100010000000011100000000100000000000000000000 1110000111101110000000010000000000010001000100010010000100001111 1111111011110000111100000010111111110000001000100010000011110010 1110110100000001001000011111000000010010001000100000111011111111 1101111011111111000100010000111100010000111011100001111111111110 0001111100010000110011111110000100100000111111110001000000010000 1111111011111111000100000000000000000000000011100000000011101111 0000000000000001001000000000000011101111000000000000111011110000 0000111011111111111100000000000000100001000011111111000000000000 1110000011101101111100000001000100010000111100000000000000011111 1011111100000000000000000001000011111111000000000000000011100000 1111111000010001000111110000000000010000111111110000000000000010 0000000000001111001100100010000100001111000111101101110000000000 1101110000011110111111111111000100001111000000000001000111111110 1101000000010011111100001111000011110000111000010001000000101111 0000111110111110111011100001111100010001000100000000000011101101 0001000100100000111000001111000100100001000011110001001000100000 1111111100000001000000010000000011111110000000101111000011110001 1111111011111110001000010001111000110001000011100001000111110010 1101000100000000000100110001000011110000111111111111000100000000 1100110110110001000000011101111111101111111111111111111011101110 1111000000000000111000010000000100100010000111110000000000010001 1100111011111101000100010001000111110001000000010001111111101111 1101111011011111111111101110110111111110111011101110111100000000 1111110111111110000111010000001000000000111100000000000011111110 1101111000001110000000010001111011110001111011010001111111111110 1101000011101111111000010000000100001111000011110010001000010000 0000000000000001001000100001111111110001111000001111000011111110 0010000100010000000111111111000011110000000011110001000000000010 1110110100010000000011110001000011111110111100100001000111101111 1111111011110001111111110000000000001111000011011111000100010001 0000110100010000000111111110111100000010111100000000111111110000 1110111111110011000000100010000111110000111011101100111111111110 1111111100000000000011101111000000000000000000010000111011110001 0011000100011111111100000010000100000000000011101110000000100000 0000000000100000111111100001000000000010000011100000000000011111 1110000000010001000011110000111100010001000100000000110111001101 1101000100010001000000000000000011110000000000011110111100010001 0000001000000000000011110000111100010000000000001111111000010000 1111111011110000000011110000000100010000111111111100110111111110 1111111000000001111100000000000111000001000000001111110000010000 1111110100000010111100001110111000000001111111101111000000010000 0001000100010000001000010001000000100000001000010001000011111111 0001001000001110000100100010000100100000000011111111000000010011 0000000100000010000000010000000100001101111100001111111100011111 0000111100011110000111110000111100100001111100010000111111001110 1110000011111111000011111111110100011110111100010000110110111111 0000111011111111111011110000000111111111000100001111000000000000 1101000011111111000000000000111111110000111000001111111100010011 1101111011011111110100000000000011101111111111011100111011101110 1111111100010000000011110001111000000001110100000010111111111111 1110000100000001111111110001110111110000000111111111111110111111 1111111111111111000011110010001000011111000011110000111111111110 0001111100001110000100010000000100100001111100000001000000010010 0001001011010000000000000001000100010000110011101110111011101110 1111000100000001000000001110000011111111111100000000000011111111 1100000000001111111100000000111000010000000111011111000000000000 0001001011110001111100000001111100001111000000010001000000000100 1110000000011111000011111110111100000001000000000001111100000001 1111111000000000000000000000111000000000000000000000110010100000 0001001011110001000011111111111000001111000000011110000000010001 1110000000000001111011100000000000000001000111101111000100011110 1110111100000000000011101111000111111110111100100010000000001111 1110000000011110111000000000001011100000000000010001111111111110 0000110011100000111011110000000000010000000100010000000000010000 1111001000010001111111110000000011111110001000001111000011100001 0001000011101111000011101101110100100001001011111111000011110000 0001000100000000111011101111001000110010000100000001001000010000 1111000011110000000000001111111111111111000011111111000011110000 0001000000000001111111001111111111110000000011000001000100100000 0000000100001111000100010000001000000001000011101110001111101111 0001000000001110001000100000111111110001000100001110000100010001 1111111000000010001000000000000011111111111111101111000100000000 0001111100000000000011110000111111101110111100000000111100001110 1111111111111111111111110001111100010000001011111111000000001110 0001000011111111111100000000111100100000000011100000000100010100 1111111000000011000011110000000100000001111000010000111100111111 1111000100001100111100011111000000000000001000001111000111110000 0010111100010001000111110000111000000000000011111110000000000001 1110111000010000000000000000000000011111111000010001000011101111 1111111000000001001000011111111011101111000011111111000000000001 0001111111101111000100100001000100010001000000100001111111111111 1110001000011111000000110001110011110010001011110001111011100010 1101001000010000111100100001000100000000000000000000111011110000 0000111111100000111000000001000000010000111011111111000000011111 0001000111111110000100110001000100010000000100000000000000110010 1110000000001111000100001110111011110001111100000000111111110000 0000111011101110111011100000111111110001111111011110000011111111 1111000100010000111111110000111011010000000100001110111111110001 1100000000101111000000010001001000010000111111010001110100011101 0000111000101111000000001110111111100001000000011101000111001110 1101111100000010111100000000111111111111111100000000000011111111 0001000100010000111111100000000100000001110111111111000000011111 0001111000001111111100010001001111110010111100010000000100001111 0001000000000000111011001101000100000000111100001111111011111110 0001111100000000001000000000111100000001111111110000110100010000 0010000011111111000100010000110111011111111111101110111100011100 1101000011110001000100010001000100010000111100110000000100010001 0000000000011111000100010001000000101111000000000000000000010001 1110111000000000000100010001000000000000001011110000000000001111 1101111011101111000011111110000000001110111111001111000100000000 0010000000001110001000000000000000001111111111001110000100100000 0000001000100000000000001111111011110000111000010000000000010000 1111111011110000000011010001000011111111110111111111111100001111 1111001000011111111000011111000011111111111100001110111100010010 0000111111100000000000010001001000000000001000000000111011011101 0000000111111111000100100000000111111111000000010000000000010000 0000000100110011001100011110111100001111111111110000000100010010 0001001000100011000011111111000011011101000011100001111111110001 1111111100001110000111110001000100011110111000001111111011110000 0001110000001111000000100011000011110001000111110000111011111111 0010001000100001111100001111111100010001000100100001111111111110 0000000100100000000100001111111100010000000100001110000100010000 1111000011111110111100101111111111010000111000000000111000001110 0000000100000000000000000000000000010000000111011111111111111101 0000111111111111000011111111111011101111000011110000000011101110 0001000011110001111100010000111100000000111100001111111011110000 0000001000110010001100010000000000001111111011110000000000110010 0001000011110000000100001110110111110000000111001001110111011101 1111111000000000111100011111111011101111111110111111111111101110 1111110100001111111111110001111000100001000111010000101100001110 0000000100001111111000010000110111100000000011100011000000000001 0010111011111111000000010001001000000000000100010000000000010001 0010001011111111000111101111111100011111000111100000000100011111 0000111011111110000011111111111111100000000000000001000000000001 0010000001000001000100010000001000000011000000010001000000010000 1111111011101011111000000001000100000000000000010001000100000001 1101111011110000001000000001000000000000111111100000111000011110 0000001000001110000011111111000011110000000000000000000111010010 0001000000001111111100100011000100001110000011110000000000001110 0001000100000000000000000000001000110001000000101111111100001110 0000000111011111111011110010000100010010000000010001111111100001 0001000000000001111100001111000000011110111100010000111111110000 1110101111111101110100000000111111110000111100010010001011111011 1110111111110000000000000001111100000000110011110001110100010001 0000000011101111000100000000111110110001000000100010000000001110 1111111100001101111100001111111100010000000100000001001011111110 1011000011001110000100010001000000010001111111111111000011110000 1111000100000000111100000001111100000001000100010001000000010000 0010000100010000000000010010111000001111000000010000111011110000 0000000100000001000100011100000000000001000011110000001011110001 1111111011110001000000000000000011110001111011110000110111110000 0000111100010000001000001110000011001110111100000001000100101111 0001001111111111000000011111111000000000111111110000000000000010 0001000011111101111111011101000011111111111100010001000100100000 0000110100001100111111111111111011010000000000010001000000010001 1111001011110010000111110000111100001111111011111111000000010000 0000000100000001000011011110111100000000111000000000000000010001 1100111100000000111100001111000011011101000011100000111111110010 0011111100010001111100000000000011110000000111111111000100010000 0010000011011111000011101101111111111110000100001111111111101111 1110111111110000111100010000000100001111111100001110000000001111 1111101100000001000111110010000100001111000100101111111100000000 0001001000000000111111110001001000100000000000001111000011111111 1101110100010000000000000010111100001111110000000001000000010000 0000000011111111000000001111111111111100111100011111000000000001 0001001000000001001000000011000100010000000111100000000100001111 1111001000010010000100010000111100001111000000100001110100010010 1111111000010000110111001101111100000000000000000000111000000000 0000000011101111000100010001000011110000111000011111111100001110 1111111000011101000000000000111000000001000000000001000000011101 0010000011110001111011011011111111110001000100000000111100010001 0000000011011111000000010000000011111111000100010000111100101111 0010111111111010110011111111000000010001111111110000001000010001 0010000100001111000000000001000111110000111111011111111011111111 0010000011110001101111110000000111110000000100000010000100000001 1110000111101111001000001111000000001111111100001111111111011101 0001000000000000000111101111110111101111111100001110111100000000 0010000100011111110011001110111011110000000000000001000000010001 0001111011010000000000000001000111100000000100010001111111101101 0010001000100001000111101111000000010000000000001111000000001111 0001111100001110111000000001000111111101111000010000000011110001 0001111000100001000100100010111111111110111100000010000000010001 1111111111101101000100010000000000001111000000011111111000001101 1101111111110001111111110000111100000000000000000000111000011101 1101101111111111000011110010000011110001001000010000111011111100 0010001000010000111100000011111011111111000100100011001011110001 1101111111110000000100000001111000011111111100010001111100100001 0001111011100000000011001110000011111111000000001111000100000000 1110000011110000000011111111000000011111000000001111111100001111 1101111100000000000000010000000100000000000011101111000000011111 0001000010101100110100000010001000001111111100000000000000001101 1101110000001111111100001100110111100001000011101110111111011111 0000111111111110000000000000000100011111111111101110110111100000 0000111100100010000011111110000100000001000100010000111000011111 0010000111110000000100001110000011111110111010111100111000001110 0001111011110000000000010001111100110010001000011111111100001111 1111000111110010000100011111111111110000000111010010000000010001 0010000100000001001100001110111100000001110100000001000000010000 0000001011111111111111101110000000000010111100000010000100010000 1111000000011111111111111110000000001110101111101110111100001111 1111110111010000000000010010000011111111111100101111000100001110 0010111100010001000011111110000100101111000100001111000100010001 1111111100001111111100000000000000010000111100000011111100011111 0000111100000010000011101111111100000000111100010001001000011111 1111110111010000000011100010001000011111000000011111000100001111 0001000111111111000111111111111111111111000011111111000100000010 0011111111111110000011101110000011110000101111111110000000001101 0001000100000001000000001111111100000000000011111111000000000001 0000000100010001000111111111110011110001000111101110110000001111 1011000011101111000100000000000100100001000011110000111111011100 1111101110011111000111110000111000000000111000100010000100010001 0010001000010001000000010001000011110001111111111111001011110001 0000000000100010001011111110111100000001111111111111111000010001 0000000000010010000111100000000000011110000100011111000100101111 1110111111101110110100000000000000001111000000000000000011100010 0001000100011110000100110001000000000000111100001111000000000000 0000110100000000110111101111111111110000000000100001000100010001 0000000100100000000111111111111100000001000011110000000100001111 0010111100011111000000001110000011010000000111110000000011100000 1101000011111100111000010010111100010010000000000010111111010001 0001000111111110000100000000000011100010000100010001000111100001 0010111011110010111011110000111000001101000011010001111000000000 0001001000100000001000100000111000000001111100000000111100010000 0000000100001111111011001111000000000001000100001111000100000001 0001111111101111111111101111110111110001000000001110000011111111 1111111100010001110100001110111111110000111000011111000111110001 0001000100001110000111110001000000000010000100000001001000000001 0001000000001111111100011110111100010000111011110000001000000010 0001000000000000000000000010000000001110111100000000000011111101 0010000000000000000000000000000000001110000000001110111100111111 1101000000010001111011100011000111101101111011011110000000000010 0000000000010001111000000001000000000000001000010000000100011111 0000000100010000000000010001111011111111000111011111001000001110 0001000000010000000000001111000011100000111111001110111100001110 0001000100001110111000001111111100010000111100000010000100100010 0000111000000011111111101111000100011111000100000001111100011111 1110000000010001110111110000111111111111001000000000111111100000 1110000000010000001000010000111011101111111111111111110010111110 0001000000000001000011110001000111111111000100101111000000001111 1110000011111110000000011111111100000001000111001100111111110010 0001000011110000111111101111000011101101111111101111000000000010 0001111111101111111100000000000000010000000000000001000100100001 0010000100100010000011110001000000010000000100100000111111111111 1111000000011110001000010001000000000000000100010000000100100000 1111111000000001000111111111111100000001111111100000000000000011 0000000100010001000011111111000100001111110111010000110111100001 1110111111111111111100001110000100010001000011111101000100000000 0010000011111110111000011111000000001111111100010001001000000001 0010000000010000000011111111111100010001000111101110111011101111 0010000100010000111111011110111100010001000011110001000100010010 0000111100010001000000011110111011100001000011111110000100010000 0010001011111100000100000000111100000001110111110001000000001101 1111000100010000000000000000111111011101101111011111111011101111 1110000011111111000100000000000111110000000000001101101111100000 1111000000010010001000100000111100010001000100010001110011110000 0001000000000001111011110000000000010001110111100000111111101110 1111111100001111111111110001111100000000000000000000111111101110 1110000000001110111111110000000000010010001000001111111000011111 0010001100011101000000010000000011110000101111011111000011111110 0010111100010000111011100000000111110000000011110010000111111111 1111111100011111000100000000111111100000110111010000001011110000 1101110111011101110111111110111011100000000000010001000000100000 1111000000011110111100001110111000000000000000001111111100011101 0001000000001101000000001110101111001110111111110001000000001110 0010000011110000000100010001000100000001000100000001000000000000 0001000000001101000100001110111111111110110011110000000111111111 0000000000001110111111111111000000000000000000010001000100001110 0001000111110000111011001110000100000001000100100001000100100010 0001000011101111110111110001000000000000000100010000001000010011 1101111100000001000111110000000100001110111100000000000000000000 1111111100000001111000000000110011100000000011111111000000001110 1110111100001110000100010001001000010000000011110001111111111101 0000111100010001000100010000111111101110111011100001000000110010 0010000100010010000111111111111100001111000011110000000100001110 0000000000001100110100000000111100000001000111110000000100000010 1111111111101101111100010000000000000000000000010001000100011111 0000000000000001000100100010000100100010000011101110000000100000 1011111000011111111100011111000000100001000011011110111100000000 1110111100000000111100010000000000010000000100000001000000001111 0001000000001111110100000000111100000000111100100001000100100010 1111000100011101110011001011111100000000000100010001000100010001 0001000000010000110110111000110111101110110011101111111100010010 0001000000000000000000010001000011110000111100010001000000000001 0001000111100001111011101111111111110000000000000000000000010001 0000000011111110000100001111000000001110111111110000000000000000 1100000011111111111000000000000000000000000100000000000000010010 1111111000000001000111110001000000010010001000010000001100010001 0001000011101101111000001110000100010010000000011111111100001111 0000110111101111000000001111111111111111000000000000111000010000 1111111011101110000000011111111111101111111111110000000000000000 0000000111110000000100000000000100011110111111111110110111101101 0000111011111110000100010001000000010000111111110010000000001110 0001000011111111000000100000000000010000111100001110000011100001 0000000011111101111000000000000000011110111111111111111100100000 1111000000000000001000010000000000011111111100000010000111101111 1111111000001111111100000001000111111110000100010001111111111111 0000000000010001000000000001111100000000000100100000000000000000 1110110111110010000100111110000011110000000000001110111100010010 1111000000000000000100010010001000010001000000010000111100010000 0000000100010010001000010000000100011110000000010001000100000000 0001111100010000000100100010000000010000111000010010001000001110 0000000000001111110111011111000011111110111100000001111011110001 1100111011011111111100000000000011101110111100000001000111001100 0000000000001111111100010010000100010000000000100001000000011111 0001000011001100111111111111000000001111000000111111111100011111 1110111011101101111011110000000011110001000100010010000100100000 1110000000010001000000000000110111001111000100010000000011100000 0010000100010000000100010000111111111111000000000000000100010001 1111111100000001000100010000000100000000000011111111000100011111 0010000000001110111111110010000011110001111111111101111111111110 0001000100010000000011111111000000010000000000001111111111100001 0000111100010010111100010010000100001110111000011111111100000000 0000000100010001000011110000111100000000000000001110111000100011 1101111000010001000011101110000000000000111111010000111111110000 1110000011001101110111101101111100001111111100001110000000010010 1111111100010010001000001110000100010000111000000000110100000001 1110111111001011110111111110000100001111111011110001111111110000 0010000000100010111111101110110100001110000100001101111111110000 0000000000100001001100100000000011111111111111111110000011110011 1101000011010000000111111100111011001111000011100000111111111111 0001000000000000000011111101110011100000111000000001000111111111 0000000100000000000000001111000100011110000000010000111111100000 1111111011011111000100001111000100010000000000100001111111010001 0000111100000001000000000000000011111111001000010000111111101111 0011000111101101101111011110111100100000000000001110000100000000 0001000011011111111100010010110111110000111100000001110011110010 0000111011110010111100100001111111011101111100010011001000010000 0000000100100000000011111111000100010001000000000001001000011111 0010000000100001111100000000000111100001000100000001000111111111 0000001100001111000000011110000100010010110111111110110100010000 1110111111111111000011111110110011011111000100000001000000100010 1111000000001111000011111111000000010010000100010000111100010000 0000000100010001111111101111000011110001000100100001000000000010 1111110111111111000011110000000000001111000000011111111100001100 0001000100000000000100011111111100000000000100010000000100100001 0000000011110001000011100001001000100000111111110010000011011101 1111111011110001000000000001000011101111000000000000000100010010 0000000000000000000100010001000111110000000100100001000100001111 0010001000011111111111111111000000000001111011110001001000001100 0000111000000000000111111111000011100000111100010001000100000000 1101111000000001111011110001000011111110111111111110001000100000 1101000000011111111100000001000100001111000111011011000111110000 0010000100001111000100101110111000000000000000001111111011001110 0010000011110000000100010000111111011111110011011111111111111110 0001000011111111111111110000000100101111110100010000111111101110 0000000111111111000000010001111111110001000011110000000100010000 0001111111110000111100010001000100001110111111110001000000000001 0000001000101110000100100000110100000001000000011111000100011111 1110111011101110000100010001000011111111101111010001000100011111 0001000011111111111100001111000011110000001011111110110110111100 0000000100001110111000000000000100010001000100001111111111111110 1111000000001111111100000000111011110000000000000000111111111111 0000000111111111000011101111111000000000111011111101110111011011 0010000100011111000100100001000000000001000011111111111111011010 1110111011110000000111111111000000011101110011101111000011111110 0001111100000000111111111101111100001101000100000000000000000000 1110111100000000000000000010001000010001111111011101111100010000 1110000011101101000011100000000000000000000000001110111100001110 0000000000001111000000011101111111110001001100001101111111101101 1111000100011111000000100001111100000001000100011110000000011110 0100111111100000110111111110000100000000000011111111000011001111 1110110100000010000100011111111000011111000100100001111011010000 1110000000010000111111010000111000001111000011111110110011111111 0001000000001111001000010000111000000001000100010000001011101111 0001000000010001000000000000000011101111000011100000000100000001 1111000000011111000011110000111100000000000100000000111100010010 0000000000100000111100000001000011110000000000011111000100001101 1111000000010000000100000000111100000000111011100000111100000000 0000000000001111000000010000000100010001111100000000111100010001 0001000100010001000100010000111100000010000100001111000100001111 0010000000001110111111101101111011011101111100000000000011110000 0001111100000001111111101111111100001111111100000000111111111110 1110111000010010001000010001111111101100111000000000000000010010 0000000000000000000100101111000111101100111000100001111111100001 0000000000011101000000100001001100011111110100011111111111110001 0000111100001110110100010000001000001111000011111111000100010001 0000110010111110000000001111000111100000111100010001001011011111 1111000000100000111111101110111100000000000000010000000011101111 1111000011110000000100010000000000010010000100011111111100010001 0000000000101101111111111111000100100000111100000000101100010011 0000111000011111000011110010111000000001000011111111111000000010 1111111100010000000000000010000100001111111000011111000000000000 1111000100010000000100100001111011011101111100010001000100010011 1110111100000000000100001111111100000000111111110000000011110001 1110000000001111000000000000000000010000111111110001000100000000 1110001011111111000011001101111111111111111000001111110100000010 0010111100100000000111111111111111100000000011111101000000000011 1111111000100000000011011110000000010000000000010000110111110000 0000111000010001111111110001000111110001000100010000000100001111 0000000100010001111100011111000111110001111011110001111100011111 0011000111101111000000001101111111111111000000010001000000010001 1111000011110000000011100001000100011111110111010001000000000000 0010000000010010000011110000111100101110111100011111111000010001 1110000011111111110100000000000111100011111000000001000100010001 0011001000010000111111101111111111110001000111111110000000100000 0001001001001110111100001101000000101111110100010001000100100011 0000001000100000000100011111111100010000111100010001000000010000 1111000000001111111111101111000011110000000000011111110011000000 1110000011010001001000011111110111011110110011110000000011111110 0001000100010000000000101111111011111110000011110001000100001111 1111000100001111111100100010000000000000000011111101111000000001 1110000000000001000100010000110011110000000011110000000111110001 0001000100010010000011111111000100000000000000010001000011100000 0001001000011110110000001110111100010000000100100001001000000001 0001000011100000000011101101111100010000111100001111000111111110 0001000011110000110100000001000111111011000100010000001100111110 1111001000100001000011111110111100001111000000001111111100000001 0010000000000001001000011010000100100000000000000000111111100001 0010000000000010000000000000111100000000000111010000111111110000 0000000100000000000000011111000000000011000111111101111100100001 1111111000001111111000010001001000010001000011001100110100000000 1111001011110001000100000000111000010000111111111111111100010001 1111111000000000111100000010000111111110111100010001111011111111 0000000100000010001000010001000011001111111111110000111011111110 0001111100001101111100010000111011100000000100100001000000010000 1110000100011111111011100000111111111110111000001110000000001111 0000000100001111000100010000111000001111000111110000111011111111 0010000100011111000111000000000000101110111011101111000000010000 0000000111011110000000001110000000000001000000000001111011110010 0010000100010001000011101101111000010001000100100010000100011111 0000000011101110000111110001000100010001000000010000111111001101 0000111100010000111000001111000100010001111011000000000111010001 1111111111100000000000000001000011110000000011100000000011111110 1110000000010000111000010001111011110001000011110000000100100001 0000000000000000000000000010111011100000000000100001001000000001 0001000011010000001011110000000100010000000011110000111011010000 0010001000111111111000000001000100010000000000010000000000100011 0011001011110000111100001111111000011110111100010000000000011111 0010001000110000000000000000000111110000000000001111000100100001 1110111111101110000100011111000000010000111000000001000011110000 1111111000100010111111100010000100000000111000010000000011110000 0000111111110000000100000000111111110000000000000000000000000010 1111000011110010000111110010001100011111000111111111001000001111 1101111100100000111100010001000000001111000000000000000100010010 0010000100001111000000000001000011100000001000100000000000001111 0011000000000000000100010000000000000011111100001110000000000010 0001000000100000111111111111111000000010111100000000000100010010 1111000100011111000000000000000011111110000100011110111000010001 0000000111101111111100010010000000011111000011110001110100000000 0000001100010010000000000000110100011111111111111101110111111111 1111111000001110111000010010001011110001001000000001000000000000 1110111011110000111111110000000000000000000000001110000000010000 1111111111110000000000000001000100000001111100000001000000000001 0010000100010001000000000001000011111111111100001110000011110000 1111000011110000000100010000111100010000000011001110111111100000 1111111000000011001111111111001000000000000000001111111111111110 0000001000010000111111110000111100001111111100100010001000001111 0000111111001111000100101111111000100001000111011011000011011111 1111000100011111000100001111000000010000111100000001000011111111 0001000000000000111011110000000000000001000011101111000100001111 1111111111110001000000000001111000001111111000010000000000000000 0000001011011110000011110001111000100010000100010000000000101110 1101111100000000000000100000111000000010000111101111000100100010 0001111000010000111011100001000100001110111011100000111111101110 0011111100001111000000000000110011110001000000000000000100100010 1111000011101111000111110000000100001111111111101111000111111110 0000000100010001000100001101111011100000000000010001111111111110 0000001000100000000111110000110111101110000011101011111100000001 0001001000110000000100001111111100000000000100000001000111110000 1111000100011111101100000010000011110001110000010001001000010001 1111000100011111111000010000000011011110000100100010001100011111 0001110000010000111100001110111000001111110011101111000000000000 0000111100001111111100010010000011110000000011011111111111100000 0001111011110001000000000001000000000010111111100000111011110000 0000000111111111111111101111000000001110101100000010000000010001 1110111100011111110111110000000000001110000011101110111011110000 0010001000010001000011001101111011110010000100000000000000010001 0000000000000001000011110000111000001111000000000010000100100001 0001000000000000111100000001000000010000000100000010000000010001 1110000111111110111000000001001000001111000100000000111100011111 0010000100001110000000011111111111110001110100001110000011111110 1111000000000001000100011100000011111110111111101111001011111111 0001000111110001110111100001000100011111000000001111000000000000 0000000100011111111000001110111100100001111111001101000000000001 1111111000001111111111101111000000001111000000001111111100010000 0010001000001111000000001110110111111111111100011111000000101111 0001000000001101000000011111000000000000111011011111000100101111 0001111011111111000100000000000000001111111111110000111111111111 1111000000011111000000011111111100000010000100100010000100001110 0000000100101001110011110000111000010001001011101111000000000001 1111000111101110111111111111111000000000000000000000111011111110 0001000111110000000011011011000000010000111100001110001011110001 0010111111110010000000010010000000011111000000000001000100010000 0001001011110010000000010000000011010001000111100000000000000000 0001000011101111111100001111111100000000111111011110111100000001 0000000000011111000000001111111000010001111100000010001000011111 0010111100010001111100101111111111011111111111110000000000000000 0001111010001110111111100000111011011101111011101111000000000000 1111110011111111000000001111000000000001000100000000111111100000 0001000111001111000011101110000000011101111111110000111100101100 0000000000001111111000000000000000010000000100000001000111111110 1110001000010000111100000001000100010001000000011111111111110000 1110111000100000110000000010001000100001000100011111000011111110 1110110100000001111100000000111011110000001000001101110011101111 0000000000101100111100000000101111110000000100011110000100010001 1100000000010001000000010010000100001111111111100000111111110000 0000001000011111000011111111111011101111110111011110000000001110 0000111011111101000000000000000011110001000000010000111111101101 0001000111010001000000000000000000010010000111111111000000010000 1110000111110001000000010001000011101111111100010010000100000000 0000111011100001001000110001000000001110111111011111111100000000 0000000011100010010000011111000100000000111100010000000111110001 1110111000010000000100000001000000010010000000101110111011101111 0000000100010000000100000000000111110000000000001111111100000010 0001000111010000000100000000111111101111000011100000000100000001 0010111100011110110100001111000000010001000000010000000100010010 0001111000011111111111100000111100000000111011111111000000011111 1100000000001110000100010001111100000001111100000000111111110001 1101111100011111111110110001111111111110000111111110111100000000 1111000000001101000100001111111111010001000011111111000111100000 0000000000100001000100100001000100010000111111111111000000000001 1111000000001111111011111101111111111101000100011110110011111111 1100111111110001111100000000111100001111000100001111111011011011 1111111011100010000111110000000100100001000011101110111000000000 0001001100011111111111111110000011000000111111110000000111100001 1111111000001111111111101111000100000001000000010000001000000001 1110000000000000000011110000000000010001111011110000111000000000 0000111011001100000011011111111100100001000000000000000100001111 0001111100000001000111110000111000100001110100000001000111100000 0011000011101100110111001111111000000000111100000000000000001111 0011000000000001000011101111000111110000111100101110110100001101 1110000011010001111111010001000000011110000100000001000011100000 0001000100100001000100010001111100000000000011111111000011110010 1111111111110001000000000001000100100000111111110000000000011111 0010000100010001000000010000000100010010000000011111000100101100 0000111011101111111111100000000011100000000111101110000011111111 0010000011101111100011001101000000000000111100000010000111101000 0010000000010001001011110010000000010000000011101111000100000001 1111111111111111111100001110111100010000000011110000000100010000 1111000100001111111011101111000000010010001000010001000000000000 0001000011111111000000000010000111111110111100100001110110111101 0000000000010000000011110000000000000001000100001110111100001111 0010001000010001000100000000000100011110110111100000111100000000 0000000000000000111100010010001000011101110000010010111111111100 0001000011100000000011110001000000010010111100010000000011110001 0000000011110001000100011110111111100001000000010001111011110001 0000000011110000001011111111000011111110111011110000101100000001 0010000100001111101110101001110011110000000100000001000100010000 1101110011110000000000010011111100000000001000010000000000000001 0011000011110000111000001111000111110000000100001111000000000000 1110111011111111000111110000111011100000001011111110001000000000 1110111100001111000000000001000100010000110111101111001000011111 0001000100100001000000010010001000000000111111110000111000001101 0000000011101100110111100000101111001100111011011110000000010001 1110111111101111111100010001000100000000111111000000111100010000 0001111011001011101111001110111100011110000100001110111111011110 0000000100010001000000010000001011111111000011110001000100001110 0001111100000001000000011111000100010010111100100000101100000001 1111110111001101000011110010111111001110000100000001000111110000 0010110111110000000000100001000000000000000100000000001000001101 0000111100000001000100000000111100000001000100001111001000001110 0001000011100000111111111110000000001110110100010000111100011111 0010111111011111111100000001111111110000000100000000001011101110 0010000100100010111000100010000011111110000011111111000000001111 0000000011111110110111101110000000010000000000100010111100000000 1111111111101111000000100000000100000001001011110000000000000001 0001111100001010101111110000000000000001000100001111000000010000 0001111111101111000000000000000011111111111110111110000011110001 0000001100000000111100100000000011111111000100000010000100100001 1111000000001111001000010000000011110001000100001111000010111110 0000111100000000000111110000000000001110000000011111000000010001 0000111100001110111011110000000111110000111111110000000000010000 0001000111011101000011110000000011110000000000100001111100001111 1110000000100000000000000000000011111111111111111111000011111111 1110111100100010000100011111111011101110111111101101111100100010 1101111100010010001000010000111100001110111100001111110100010001 0000110011110000111111110001111111111111000000001111111111101110 0001000000000000000000010001000000001111000000001111110111100000 0001000111010001111100010000111100011111000000010001000100101101 0001000011111100110011001110111100000001000000000010000000001111 1111111100011111000000000000000000011110000111100000000000000001 0001000100011110111011100001000111110000000100000001000100001110 0001001111111101000000010000000000000000000000000001111111111111 0001111100000000111111110000111100000001000000000001000111111101 1101110100010010000100010001111100001111000111110000000100000001 1111000011110000111011110001000011110001000011101110111000011111 1111111111011110111111011111111111110001000100001110110111011101 0010111111100010111100001111000000000000000100000001000011111110 1111000111111110000100010000111111110000110011000001110111100000 0001000011110000111000000001111111111111111111111111111100010000 1110001100000001000111110000111100010010000011111111000000010000 0000000000001010000111111111111010110000000100001111001011110000 0000111000100000111100100001000100010000111100000001000011100001 1110111011111101111111100001111111110000000011101111000011100000 0001111100011111000100000000000000000000000011010000000011111111 0010111011110001111111010010111111111101111011101111001000000001 1111000000000000000000000000000100001111000000100010000111110001 1111000100100001000000000001000000000001001000001111111011110011 0001000000010001000000010010111100000000000100000001001000100010 1111110100000000000011110001111100000000111100000001000100010010 0000001111110001000100100001110111100000111010111101111111100000 0001111111100000000100100000000000000001000000000000000011110001 1101000111101111000000100010000111101111000011110010111100010000 0000111011111110111111111111110100001111000011110000000111110000 0001111000001111000100010001000100010000111011011111111111110001 0000000100010000001000110000000000000001000100001111111100001111 0000000011110010000111110001000100000001000100000000000011110010 0001000000000001000000000000000100001111000011101111111000000001 1101000011100001001000101111000111111110111011010000111100000000 0000111111110001000111110001000100110000111100010001000100000000 0011000111110000000111101111000000001101111011101110111011111110 0001111111111111110011010000000011101111111000000000000100010010 1111000011111110000000001111000011110000111100000001111100001111 0010000011111110001000111110000000010000111111110000111100010000 1111111111110000000100000001111100000000111100000001000100000000 0001001000001101000000010000000011110000000000001111111000010000 0000001100101110111100000001111100000001000011110000000000010010 0000111100000000000011100001000011101101110111111111000000000010 0001111100101111000000010000111011110000000000000000111100010010 1110111011100000000011110000111011001010111000001101000000010001 0000111100001111000100100001000000100001111000010011000000011111 0001001011110000000100001111000100001111000000000001000111100001 1011110100000010111111100000111011101101000011110000111100001111 1111000011101111111111110000000111110001111011110000111111110000 0000111000010001000111100010001100000001000000010000001011100100 0000111100000011001000010000111100000000110111101111111100000010 0000110011100001000000010000001011100001000011111110000000000010 1111111111100000000111011111110000010001001011110001110100011101 0011000100010001111000000000000100100010001000100010000111100000 0010111100000000000000000001111011110000000000001110000100000000 0010000111111101000000010000000011111110110111111110111000100001 0000111111110000000011111110110100000000000100010000000011110001 1111000000001111000000010001111000001110000011101011000011110001 0001001100000000000100100000111100001111000000110001000100010001 1111111011110000000100010010000111111111000011101110101111101111 0001111100000000000100010000001000101110111011101110000000100010 0001000111101111111111111110111011011101111100010000000000010000 0010001100010011111100001110000011110000000000001110111011010000 0000111111101111000000010010000000000000000011110010001111010010 1111000000101110000100100000000000000000111111100000111000010001 0001111111110000000011110010000000010001111100000000000000000010 0010001000000010110111011111000000010010111111111111000000010001 0001001011110001000100001100000000100001000000100001000011110001 0001111000001110000000001111000000001111111111111011111011101110 1111111100001111000000000000000011110001111100000000110100001101 1100111100000010000000000001000100000000000011011110001000000001 1111001000010001111100010000111100011110111100001110000000101101 0001000000101110000100001111000011100000111011110000000100010010 0001000000011111111000000000110111101110111100100001000100010000 0000111111110001111111011101110011101110000111111010111111111111 0001000100010001111100001110110011011111000111110000000000001111 0001111011110010000011001110111000010000000011101111001100010000 0001000100000010000100100001000000010000000000010000111000011110 0000110100010001111111100010001000000011000100000000000011100000 1101110111100001001000000001000100001110000011110001111100010000 0001001000010001000000000001000000000000111111110000000000010000 0010000011111011000000010001000100000000000000010000111100110000 1100111111101111000000001100111011010000111100010001001000010010 0000000100000001001000011111111100001111000011111110111100010001 1100111011110000000011110001000000000001111100001110101111011110 0010111100010001000100101111000100000000111000100001000100010000 0010000000110001000100000001111000001110001000100001000000001111 0001001000100001000000000000000000011110111100000001000111110001 0001110000001110111000001111000000001111000000011110110011101101 1100110011011101000000001101111111010000000000010010000100010001 0010001011110000110111110000111100000000111011110000111011111111 1111000011101110110111100001111100010010111111110011000100000000 0001111111111110000100011110000000010001111100010001000100010001 0000110100000001001000000000111011010001111100100001000111111111 1111000011111111111100001111000000010001111100001111111100011111 0001001000101111000000010001000000000000111100000000111100010000 1110001100001111000000100001000100010001000000000000111111100000 0001111100000000111111100001000100011110000111111101111011100000 1110000000100001001100100010111000000001111011011101111011110000 0000000000010010000011111111110100000000000100011111000011100000 1111000000000000000000010000111100000000000000000001000100010001 1111110111001111111100010000111000000000000111110000111111110000 1111000000010001001000100000111100011111000100011111000000000000 1111111011101111000011110000000100001111001000011111111000000000 1111001000000000110111100000111100000000000111011101000100010000 0001000000010001001000100001000000010001000100000000000111101111 1111000000000000110110110000000100000000000000001110100011100001 0000111100001110000011101110000000000000111100001111110111111111 1110000000000000111000011110110100001110000000011111111111110000 0001111011010001000000001111000100100000000111111101000111111111 0001111000010010000100100010000000000000000011110000110111110001 0001110111101100111011111110000000001110111000010001111100000000 0000000000000000000000000000000000000000000000000000000000000000 0000000000000000000000000000000000000000000000000000000000000000 1111000000000000000000000000000000000000000000000000000000000000 0000000000000000000000000000000000000000000000000000000000000000 0000000000000000000000000000000000000000000000000000000000000000 0000000000000000000000000000000000000000000000000000000000000000 0000000000000000000000000000000000000000000000000000000000000000 0000000000000000000000000000000000000000000000000000000000000000 0000000000000000000000000000000000000000000000000000000000000000 0000000000000000000000000000000000000000000000000000000000000000 0000000000000000000000000000000000000000000000000000000000000000 1111000000000000000000000000000000000000000000000000000000000000 0000000000000000000000000000000000000000111100000000111100000000 0000000000000000000000000000000000000000000000000000000000000000 0000000000000000000000000000000000000000000000000000000000000000 0000000000000000000000000000000000000000000000000000000000000000 0000000000000000000000000000000000000000000000000000000000000000 0000000000000000000000000000000000000000000000000000000000000000 0000000000000000000000000000000000000000000000000000000000000000 0000000000000000000000000000000000000000000000000000000000000000 0000000000000000000000000000000000000000000000000000000000000000 0000000000000000000000000000000000000000000000000000000000000000 0000000000000000000000000000000000000000000000000000000000000000 0000000000000000000000000000000000000000000000000000000000000000 0000000000000000000000000000000000000000000000000000000000000000 0000000000000000111100000000000000000000000000000000000000000000 0000000000000000000000000000000000000000000000000000111100000000 0000000000000000000000000000000000000000000000000000000000000000 1111000000000000000000000000000000000000000000000000000000000000 0000000000000000000000000000000000000000000000000000000000000000 0000000000000000000000000000000000000000000000000000000000000000 1111000000000000000000000000000000000000000000000000000000000000 0000000000000000111100010001000011100000000000000001111100010000 0000000000000000000000010001000000100000111000100010000011100001 0000000000101111000000001111110111100000111100000001001000011111 0001111111110001111011111111111100000000000000010010001000000000 0001000100011111111100001101000000100000000100001111000111110000 0010000100101110000000100000000111111111000011111110001000000000 1111111000000000000100000000111000001101111111100001000111101101 1111000000001111000000010001001100100010000000000000000000000001 0000000011110000111111100000000100010000000100010000111100010001 0001111111111100111011111110111011110001111111110000000100000000 0000000111100000111100001111111100010000000000000001000100000010 0001000100110010001000001110000000000001000111010001000100010001 0000111100000000000011111111111000010001111011111111000000011111 1101110110111100110111101111111111101100111011100000000100001111 0001001100100000001000010000000000000010001000010010001000100001 0000000000000001000100000000111100000000000011111111000011110000 1111111100100001000100010000111100000000000000000000000000000000 1111111111100001000100000000111100001111000111111111000000100001 0010000000001100110100000001000011111101000111110000111100001111 1110111111101110000011101010110010101100111000000001000000001111 0001111100000000000011010000000100011110111000010000000000010001 1111111100000000000000010010111111110000000011110000000100000001 0011001111101111111111110001000111111110111100000000000000100001 0000000000000001000000000000000100000000111100001110111100010000 1100111100100001000100001111111111110001000111110001000100000001 1111000000010001000000010000000011101110111100001111111000001111 0001000111111111110111010000000011111111000000010000000000010000 1101111000000001000011111111000011110000000000100001000100100001 1101101111101011100111010001000011111101111000000001000000010001 0000000111101111000011100001000100001111000000000001111100000001 0000000000010000110111100001111100100001111011100000000100001111 1111000011110001000100011110000000010000111100001111111111110001 0000000000000000000000000000000000000000000000000000000000000000 0000000011111111000000000000000000000000000000000000000000000000 0000000000000000111100000000000000000000000000000000000000001111 0000000000000000000000000000000000000000000000000000000000000000 1111000000000000000011110000000000000000000000000000000000000000 0000000000000000000000000000000000000000000000000000000000000000 0000000000000000000000000000000000000000000000000000000000000000 0000000000000000000000000000000000000000000000000000000000000000 0000000000000000000000000000000000000000000000000000000000000000 0000000000000000000000000000000011110000000000000000000011110000 0000000000000000000000000000000000000000000000000000000000000000 0000000000000000000000000000000000001111000000000000111100000000 0000000000000000000000000000111100000000111111110000000000000000 1111000000000000000000000000000000000000000000000000000000000000 0000000000000000000000000000000000000000000011110000000000000000 0000000000000000000000000000000000000000000000000000000000000000 0000000000000000000000000000000000000000000000000000000000000000 0000000000000000000000000000000000000000111100000000000000000000 0000000000000000000000001111000000000000000000000000000000000000 0000000000000000000000000000000000000000111100000000000000000000 0000000000000000000000000000000000000000000000000000000000000000 0000000000000000000000000000000000001111000000000000000000000000 0000000000000000000000000000000000000000000000000000000000000000 0000000000000000000000000000000000000000000000000000000000000000 0000000000000000000000000000000000001111000000000000000011110000 0000000000000000000000001111000000000000000000000000000000000000 0000000000000000000100000000000000000000000000000000000000000000 0000000000000000111100000000000000000000000000000000000000000000 0000000000000000000000000000000000000000000000000000000000000000 0000000000000000000000000000000000000000000000000000000000000000 0000000000000000000000000000000000000000000000000000000000000000 0000000000000000111111111111000000000000000000000000000000000000 0000000000000000000000000000000000000000000000000000000000000000 0000000000000000000000000000000000000000000000000000000000000000 0000000011110000000000000000111100000000000000000000000000000000 0000000000000000000000000000000011110000000000000000000000000000 0000000000000000000000000000000000000000000000000000000000001111 0000000000000000000000000000000000000000000000000000000000000000 0000000000000000000000000000000000000000000000000000000000000000 0000000000000000000000000000000000000000000000000000000000000000 0000000000000000000000001111000000001111000011110000000000000000 0000000000000000000000001111000000000000000000000000000000000000 0000000000000000000000000000000000000000000000000000000000000000 0000000000000000000000000000000000000000000000000000000000000000 0000000000000000000000000000000000000000000000000000000000001111 0000000000000000000000001111000011110000000000000000000000001111 0000000000000000000000000000000000000000000000000000000000000000 0000000000000000111100000000000011111111000000000000000000000000 0000000000000000000000000000000000000000000000000000000000000000 0000111100000000000000001111000011110000000000000000000000001111 0000000000000000000000000000000000000000000011110000000000001111 0000000000000000000000000000000000000000111100000000000000000000 0000000000000000000000000000000000001111000000000000000000001111 0000000000000000000000000000000000000000000000000000000000001111 0000000000000000000000000000000000000000000000000000000000000000 0000000000000000000011110000000000001111000000001111111100000000 0000000000000000000011110000000011111111000000000000000000000000 0000000000000000000000000000000000000000000000000000111100000000 1111000000000000000000001111111100000000111100000000000000000000 0000000000000000000000000000000011111111111111110000000000000000 0000000000001111000000000000000000000000000000001111000000000000 0000000000000000000000000000000000000000000000000000000000001111 0000000000000000000000000000000000000000000000000000000000000000 0000000011110000111100000000000000000000000000000000000000000000 0000111011110000000000000000000000000000110111111111001000001110 0001001000011111110111110010111011011111111111111111001000000001 1100000100011111000000000001000100000001000111101111000011110000 0000111000011111111000001111000000000000111100010011010000000010 0000000111111111110000001111000011110001000100000000000100011110 1110111111111101111000000001110111010000000011111111000011110000 1110000100110000000000001101110111101111111011111101111111110001 0000111100010000111011101111000011100000000000010000001000001101 0000000011110000111111111110111100000000000100000000000111111111 0000111011110001111111110001000100100001000000010001000011011100 1111111111001110111100010000111011101111000100100001000000010000 1101111011100001000111111111000000010000000100010010001011111111 1111000000010001000100000000000000000000000100010000111111110000 1110000011110000111100000001000100000010000100010000001011111110 0000111100000001111111111101111000000001001100001110000000100000 1100110011011101101111101111111000010001000011111111111111101110 0001001000010001000011110000000111111100000011110000111111110000 0000110100000000000011111111001000100000000011110001111000010001 0000111111101110111000001111111100000001111011110010000011101111 1101000000001111111000000001000100010000000100011111111100000000 1100111111110000000011110000000000000000000000000000000011110000 1110111111101111000000010001000000000000000100010001000100010000 0001111111011111000011110000000011111110111100000000111100000001 0000000100001111111111111110000000000001000000000000000000010000 0001000000000000000000000001000000001110111100000001000000000000 0010111111100000111111111111000000000000000000100010111100011111 1110000100000000000100011110000000010001000111111101111000000000 1111000000000001000100000000111111111111000000000000000000000000 1111001000001101111100010001000000100001000011110000111011111111 0000000111011110111100001101001011111111001000010011001000000000 1111000100000000111000000000111011110000000000001111000000001110 0000111011010001000011011111111111100010001000010001000100010001 1110000000000000111011100001000111110000000011111111111000000010 1110000000000000000000011111000100000010111111110001000011100000 1101000000010001000111101110000100011110111110111111111011110010 1111000000001111000000000100000000010000000000000000000100000001 1111000111110000110011111111000000000001000000100011111100111110 0001000100010010000100000001001000000001111011110000111011111111 0001000111010001000111111111000000011111000000000001111100011111 0000111100001110000000110010001011110000000100001110111011100001 1111111111110000000011011110000111111101111000000000001000000001 1101111110111100110111111110110111010000110011101101000000011111 0010000100100001000000001110111111110000111100000010000000101111 1111000011111101110000000001111111111110000000001101000000000000 1101110110101011111000010000110111110000111000000010001011110001 1011111111010000001000100000000111100000000100000000000000010001 0000000100110010000000000000111100000001000000100010000000010001 0010001000100000000000010001000011111111001000010000000000011111 0011000100011111111000001111000011100001001000001111000100000000 0000111100000001000100001110000000000001000100100001000000010010 1111000100001111000111100000000111111110000011100000000100010001 1110000000000000000000010000000100100011000100000000000100010010 1110101010100001000011111100110100001111111111001111111011001110 0000111111101011110111111110111111111110000011100000111100010001 1101111000001111000111111101000000001111000000011111000000001111 0000000011101110111111111110000100011111000100000001111100011111 1111000100000000000000000001111000001110000100001111000100010010 0000111111101111111111011110111111111111001000010000111100100001 1110110000010001111100001101001000101110111100100001110111010001 1111000111110000111100001110111100001111111111101110111000000001 1101111111110010000011001110111000000000000000010001111100101111 0000000000000001001111111111000100110001111100001111000111100000 1111110100000010001000001110111100011111000100001111000011111101 0010000111111110110111100001000011101101110000000010000011010000 0000000100010001000100000000111100010000110111101111000000010000 0001000000100001111111111110111111101111001000110000000000010000 0010000000001110000000010001000100011111110111011101111000001111 0011111000001110000100010000000111101110000000000010000100000001 0000000011110001000111110000000011110000111100000011000100010000 1111110111110000001000000000000000000001111100001101000100000001 0000001000000000111100001111000011101110111111101101000000000001 0000111100010001111111111110000000100000111011101111101100010000 0000000011111111110111111111000000001111000000000000000100001111 1111000011110000111111110000111100101101111000001100111000011010 0001111111101110111011111111111011010001000100100010001000100000 1110111011101111000000001111111011100000000000011111111100001111 0001000111111111000000010000001000010000000011101101111111111100 0010000111111111111111110001000011101100111011001110111100011111 1101110011001101111100001111110011010010000100100010001000010001 1101111011101101111011100000001000110001000000100000001000011111 0001111100000001111100001110000100000001111011100001000111011110 0010000000100000111011110010000111110001001000010001000000100010 0001000100100010000100101111001000010010000011111111111100001111 0001000111110000000100000001111011110000111111110010000011110000 0001000000010001111100010000000100000000111111011101111100011101 1111111100011111000011110000111011111111000000100010000111111110 0000000000000000000100000001001000000001001011111101111011110010 1111001100011110111011101110110111100000000000010001000000000000 0000000111111111000100001111111011000010111111110000000000100010 0000000000100010000000000001111100000000111100001111000000010010 0000000000000000111100001110000011110001000111111110000011010000 0001000000000000000000010000111111011110000000101110000000010001 0001000000000000000000010010000011111111111111111111111100010000 1110000011101101000000001101110000010010001011111111000100000010 0010000000010001111100011111111000000010001000010000111100011110 1110000011011110000000010000000000000000111000000010000100010001 0000111100000001000111110001111011010001000111110001000000000001 0011001011110000111011001011111011110000000000011110000000001110 0001000111011110111100001111000000010000111100010000000111111101 1111000111100001001011100000000011100001111100110000111111010000 1111000000000010000011110001000011100000111111100000000011111110 0000111000001111111100010001000100010001000100000010111011100001 1110000000000001111111110001000000010000111111101110111111110000 1111000000000000000111100001000111110000000011011101000100100001 1110111000000000111100010001000000000001000000001111111000001111 1111000000000001110111110010000000100000111111111110000100001111 0001000100010001111100000000111111110000000100010001000000000010 0000001000100000000100000010000100001111000000011101111000010001 1111000100010000111000000000000100010001000000000001000111101110 1011000011111111000000010001000100010010000000000001000000000000 0001000000101111000000011111111011111100111000000001110111100000 0000000100010001000000000001000000010000000000001110000100110010 1111001011100001000000001110111100000000000000001111000111110000 1111000011100000000011111111111111111111111011111111000000010001 1100111100000001010000100010000011111101000000010000111100001111 1101111000000001111100001111111100000000000011110000111111111101 1101000000001111111011110000000100010000000000000001111100000001 0001000100100001001011111110000100010001000011111111111100001111 1101110111010010111100100000111100011100111100000001110111100001 1110000000010001000000001111000011111101111000000000111011100001 0000000100001111000011100000111110101110000000000000110000001111 1111000000000000000000000001000011111110111000001110111100010010 1110000100010010111100010000111100011101000000000000111000011111 1110111111101101110100001101000011011111111011101111111011110001 1101000011010001000010111110000000101111000100011111111011100001 1110000000010001111000100001000111111101111000100001000011100000 0000111011100001000100010000111100001111110000010010000011110001 0000111100110001000100000000000000010010000111110000111111011101 0000000000000000000000000000000000000000000000000000000000000000 0000000000000000000000000000000000000000000000000000000000000000 0000000000000000000000000000000000000000000000000000000000000000 0000000000000000000000000000000000000000000000000000000000000000 0000000000000000000000000000000000000000000000000000000000000000 0000000000000000000000000000000000000000000000000000000000000000 0000000000000000000000000000000000000000000000000000000000000000 0000000000000000000000000000000000000000000000000000000000000000 0000000000000000000000000000000000000000000000000000000000000000 0000000000000000000000000000000000000000000000000000000000000000 0000000000000000000000000000000000000000000000000000000000000000 0000000000000000000000000000000000000000000000000000000000000000 0000000000000000000000000000000000000000000000000000000000000000 0000000000000000000000000000000000000000000000000000000000000000 0000000000000000000000000000000000000000000000000000000000000000 0000000000000000000000000000000000000000000000000000000000000000 0000000000000000000000000000000000000000000000000000000000000000 0000000000000000000000000000000000000000000000000000111100000000 0000000000000000000000000000000000000000000000000000000000000000 0000000011110000000000000000000011110000000000000000000000000000 0000000000000000000000000000000000000000000000000000000000000000 0000000000000000000000000000000000000000000000000000000000000000 0000000000000000000000000000000000000000000000000000000000000000 0000000000000000000000000000000000000000000000000000000000000000 0000000000000000000000000000000000000000000000000000000000000000 0000000000000000000000000000000000000000000000000000000000000000 0000000000000000000000000000000000000000000000000000000000000000 0000000000000000000000000000000000000000000000000000000000000000 0000000000000000000000000000000000000000000000000000000000000000 0000000000000000000000000000000000000000000000000000000000000000 0000000000000000000000000000000000000000000000000000000000000000 0000000000000000000011110000111100000000111100000000000000000000 0010000100001101111000000000000000001110111100110010000100000000 1111000000100000111100001101110100010001111100010000111000010000 1111000000010000111011110000111100000000111111011100111100010000 0010000100010000000000001111111100000001111100101111000000000010 0000000000000010111000000000111100011111000000100000111111110000 0011000000010001111111111111000100010000000011100000000100101111 0010000100000000110111110000111100001111001011111111000000100001 0100001000000010000100001111000000100100001000011101111100001111 1110110011110001000000101101111100000000000000010000000000001110 1111111111110000110000001110000011111111000100001101111100010000 0010111111100000000100100010000111110010000000010000000111110000 1111000000000001000011100001000011100001000011100000111011010001 1111000000100001000000011101111111110000110110101100110100011111 0001000111110000000000001111111111110000000011111110111100011111 0011000100000001111100010001000000000000000000010001000000100000 0000000011111110000000100000000011110001001000100010111100010100 0001000111101101000000010010000010111111111000010000000100101110 0001001000100010000000001111111100010000000000000000111111011110 1111000011110001000011110000111111110001000011111101000100001110 1111000111111110111100010001000100000000000000100000000000001111 0000000000000001000011101101111000000000111111001011000011110001 1100000000010001000000010000111011110001000100011110111111010000 0000000000000000000011101101000000000000111100000000111111110000 0000000011110010000111111011110111110000000100000010000111111101 1110000111110000000000010001001011111111111100011111111111100000 0011111111100000111111110001000011111111000000110000000100000000 0000000011000001000011111110111100000001000100001111110011111111 0000111011111110000000000000111100000000000011111111000000000000 0001000000100000111011011110111100010001111010111111000000001111 1111000000000001111100001101000111110000000000001110000111111111 1111000000100000000011011100111100010000110100000000001000010001 1110110010110010001000101110111000000010000011110000000100001110 0000000000001110110100000000000011110001111011000000111111100001 0001001011111110000011111101000011010001000000010001000011100001 0000000100010001111111110000000011011110000000000000000000010000 0000000011110001000100000001111111011101111011111110000011111111 1111000000111111000011100000000000100010000111111111000000011111 1111111011111111000111100000111111110000000011010000111011011110 0000000000100010000011110000111000000000110000000001001000001111 1111000000100000000000000010000100010011001000010000000100100000 0000000000010000000011111111111100010000000100000010000100100001 1111000100001110111100010001000011110001111111011111000100010000 0000111111101110110011001110110111110000101111100001000000010011 1100110111011111000100000000000000000000000000010001000000001110 1111111111011111000000000001000011110000000000000001001000010000 0001000111111110000000100010000000001111110100000001111100001110 1110110111100001000000001111000000000001001000110011111000100000 1111111111011111111011100000111111110000111111101111110111001110 0000000011101100111100100000000000010001111000011111111011110000 1111000011110001000011100001000111101110000000001110000100000000 0000000100010010000000000000111111101110000000011110111111100000 0010001000010001000100001110000111111101111100000000000100011111 0001111011110000000011110000000100000000111100101111000000010010 0000111111110000000100010001000000000000000000000000000000001111 1110000111110001000100101111000100110000000000001110111100011110 1110111011110000000100000000111100010001000100100001000100011111 0001000100010001110111111111000000001111111011101111111000010000 0001000100010001000000000010000100010011111100000000111011011111 1110111100010001111011100001111100010001000000001101111011111111 0001000100010010000111100000111111110001000011100000000100010010 1111111100010001000000010000000100001100000011111111000011111100 1110000011101111111111101100110000001111111100000010000000000011 0001111100000000110111101011110111101101000000001101111111001111 1110111111101111000000001111000100100000001000000001000000100010 1111111011101111000011110010000111110000000100000001000111110001 1111000011110000111111010000000100001111110111110000111000000010 0000000000011111000111001111000000101110000000000000000011011110 0001000000001111001000000001000011101111000011100000111100001111 0000000000011101000111100010111100100000111100000000000011100010 0000000111111111111100110001111100001110000000010000001011011111 0000000011010000111100000001111100000001111000101110111100010001 0000000100000001001000001111111111110000000000010001110111101101 0000111000000000111100010000111111111110110100011111111111110001 0000000100011111111000000010000100110001111100100001111011101111 0011000011110001000011101111111100000001000100010001000100000000 1101000000011111000000010000000000000001000111100001111111100000 0000001100010000111100011111110111111110111111110000111111101010 0000000000001110110100000001000000001001111100001111111011001110 0001000000000000111100000001000000000001000000011110000100000010 0000111100010010000100010000111100010001000000010000000100010010 0000000000010000111100011111000100011101110111011111000100000001 0000000011100000111100000000001100010000000000000000000100001110 1111000100010000000100001110000100010000111100011111110111100001 1111000000001100111100000001000100001110000011111111111100000010 0001000111111111111100000001111100011111110111110001000100010000 1111111000010000000100010001000100000001000100010000111111101110 0010000011100010111000011111110111101101111111110000000100010010 1111111011110000000100010000111011101111111000011111000111100000 0000111011110000111000011111001011110000000100011111111100000001 0001000100110001000000000000000000000001000011011101111100000010 1111110111110001001000000010110100100000111100001101111111111111 1110111100100000000100000001000000010000000000001110110111101111 1111000111110000111111110001111100011111000100100000111010111101 0001111011111111111100010000111100001110000100000000111100000001 1111000100001110111111100000000011101110000000010001000000101110 1101110000000001000000000001111111001101000000000010000111110000 0010000100010000111011001111001000001111000000010001000100010001 0000000100010000000000010001000000100000000100001110111100001111 1110000111101110111011011100111000000001000011101111000000010000 0001111100001111001011101111000011111111000000001111111111111111 0001111011010001111100011111111111110001111111110001000000000001 0000000100000001111100010000000000001111001011110001001000010001 0000000000010000000111110001111100011111000100011111000100010000 0000111000011111111100010001000100010000000100000001000011110010 1111110011110000000000001111000000100000111011110000111100001100 1111111111101100101100000001111100000001000000001101000000100010 0000000011100001111000011111000000010010111111100010000000001110 0001000000000000000111110000111111101101111100011111111111111111 0000111000001111110011101111111100000000000111110000000000001111 0001111100000000000000100001000100001111111011110001111100010010 1111000011110001000000011111111100100000000011110001000000011111 0001000000010000111100000000000000001110111011111110111011100001 0001001000100010111011010001111111100000000100010001000000000011 1110110100001100111111011111111100010000000011110000000111111111 0001111111111110000100000010000100000000000000010001111111111110 0000111111100000000000001111111111111110111000010001000100010001 1111000000011110000000001111111000000001000100010000111100010000 0000000000001111111111110000111111001111111100000001000011111111 0010001000010000000011110000111100010001000011111111111111110000 0010001100001111000111110001111000010000111100001111000011111110 1110111000001101000000001111110100011111000000000000111100010010 0001000000010001111100010010001000011111111100000001111100010001 1111111111110001000111111110110000000001111100000000000111100000 1101110111011101111011111110111011101110111111101110111111110001 0001001000000000000011111110111000011111111100001111000000100001 1111000000001111111111111111111100100010111100100001000011111001 0011111111111111000100000000111100110010000011111111000100000000 0010000000010000111111111111111000001111111111111110000100010001 0001000111011100111000010001000000000000111111111111000100101111 1110111100000001000011001111000100011111000100010001111100001111 1110111011111111000100100001000011111111111100001111000111111111 1110000000101111111000010000000100010001000100110011001011110001 0000111100010001000000100000111011110000000000010001000011110001 1110000011111111111111110000000000001110000100001111110011110001 0001111000000000111100000001111111011111111111110001000100100010 1110000011111110111100011111000000000000000011111111000000000001 1111000011110000000000001111111100001111000000000000000000011111 0000111111111111000000011111111100000000111000010001111100001110 1110000111110000000011110000000000100000000100000001000011110010 0001000111011111111011111100111100000000000000000001000011110000 0001111011011111111111011111000100010000000000010000000100000000 0000110111101111110011101111000000010001000011110010000100011111 0000000100010001000100000000000000000000000000000010000100010010 0001000000000001000011110010001000000001111011011111111111101100 1110111011110000000000010001000100000001000111111111000111100001 1110000000000001111100000000001011111111000000100000001011111111 0000111111101110000000101111000100000001000000000000000011111110 0000111111111101111011010001001000001111111111110000000100000000 0000000000010001110011001111000100010000110111111110111111111111 0001000111110001111011101100111000001110000000000010000000001110 0001000100101111101111010001001100010010111000011111000100000000 1111111111111111111011111110000000010000000000000000000100000010 1111000000000000111100000000000000001110111100010001000000000000 1111000000000010001000010000111111101111000011110000000100000000 1101111111111111111100000000000011101111000011101111000000001111 1111111011111111000011101110111011100000000111110000000100010000 1110000000011110111100000000000100010010111100000001000011101111 1111000111110001111111111111000000010001000000100000000100010000 1100000000000011000111111101000011110000000000101110000011101111 0010001000001111000011101110000000000000000000001111110100001110 0000111110101111000100011101000111010000000011100001000111110000 0010000111110000000111110001000000011111000000000000000100000100 1111111111010010000100010000111100011111110111101110001011111111 0001001000100001111000000000000100010000000111110001110000100001 0000000011110000000011101100000000000010111100000001001100101111 0010001000011110111000000001000000010001111100001101111111110010 0001110111110001001100001111000011110010111011111100111100001111 1111111111011101000000011111000000010001001011010001110100000010 1110111111110000000011011101111000000001000100011111000000100001 1110110111110001111111111111111011110001000111011110111100010001 1111111100010001111111100000000100000001000100100000000100010001 0000001000000001000011110001000111100000000100001110110111110001 1101000000000000111111110000000000010000111100001111000100000001 1110001000010000001011110010001000100000110111001111111100001111 1110001100001110111011110000000100001110000000000001000011101111 0001111011110001001100110000110100000010111100000000001000100011 1110000000010001000100001101110000011111111011110001000100000001 0001000000001111111011100001001011110000000011111111000100100000 0001111100101110111011110000000000100000111111110011111100000001 0001001100001110000100010000111111110001000000000000111111111111 0010000011101101101111110000000011101110111000001111111000010001 1110111100011111111111111111111111111111001011110001001000000000 0001000100011101000011100001000100011110111100000001111000000001 0000000011011110111100001111000011111111001000000000000011110000 1110111100010001000011101111111111111111111100000001000000010001 1111111000010010000011110000000000001110000000000010000000010000 0000111011010001001000001111000000001100111011111111111100000001 1111111000011111111111110000000000001110000000100000111111110001 0000000100001101000000000000111000101101111000001110000000010001 0000111111111111000011110001000100100001000100000000111100100001 0001000100010010111100000001000011010001000111110001111100011110 1101000011111100001011111101110111110000000000000001000000010000 1111111000000010001000101110110011001110000000011111111000011111 0001111100110000000011111111000000001111000000000001111100000010 1111110111011111111100001111101111100000111100011110111011101111 0000000000011111000011110000000000010000000000100000000000100000 0001111100011110001011111110000000010001111011100000111000110010 0000000000010000000100010001000100000000111100010010000100000001 1111000100000000000000010000111111100000000100011111111100000001 1110000100010010000100000001111000000000001000100001000100010000 1111111111111110000000010001111011101110111000001110000000000001 0001000011001110000011101111110011110001001000011110000000001111 1111111100010001000000000000000111110000001000010000111100010000 1111000100001110111111111110110111000000000100000000111100010000 0000111111101110111111011101110100010000111111110000111111110000 0001111100000000111100000001000000011101111100000000110100010001 1111110111111110000100000001000111111111000000001110111000000001 0000001000100010001000000000000100000001001100010010000111110001 1111000000000001111111100000000000010000000000001111110111100001 1110111111100001111000000000000011110000111100010000000100010000 0010110100000001001000000000111111101111111000100000000011110001 0001111111111110111111101111000000011111111111111111000000011111 0000111100001101110100010010001011111101111000000000000111110000 0000000000011110111100001111111011011110000011110001000100010000 1111000111110001000100010000000100000000111111010000000100001111 1111000100001111110011110000111011111111111111111111000000000001 1111111100010000111000011111000011110010000000000000111111100000 0010001000100000000000001111000000010000000000001110111100010010 0000111111111100110111100000111111111011111000000001111111111110 0000000000001111111100000000111011100000000100000000111111110000 1111111111101011111100010001110111101111000100001110111100010000 1111111111100010111100000001000011110001000000001111000000010000 0001111011110010000100010000000100011111111100000000001100000000 0001000100001101100111010001111000000000111100000000110100000001 0001111011110000000100000001000100010000000100001111000100001111 0000000100100010111100110000111100100000111100000000111000011110 1111000100010000000011001110000011111101000000010000000000001101 0000000111110001000000000000001011110001000100010010000100100001 0000001000100000111111110001000111101111111111101110111100001110 1111111100001101111000010001000100100000000100000000000011110000 1110111000010001000111110000000100010000000100010000000100010000 1110111100000000001000010000000000010001000000001110000100010001 0001111111110000000000001111000000000000000011101111000011101101 1111111100101101000111101111000000000000110100001101111011101100 0010000011101111111100011111111100101111000100011111001000100001 0011000011010001001000001111111100000000101110111111111011011110 1111111011111111000100010000000011111011000000011111000011110000 0000000100100000111011101111000011101100000111111111000000000001 1111000100000000111100010001001000010000001000000000000100010001 0000110100000001000100001111000000100000111100011101111111100001 0000000000010001000000011111001000100000111100010000111100000001 0010111000001111000100000000111111110001111100010010111100011111 0000000000011111111111110000001011110000000100000000000011100001 0000001000100000000011101111111100001111000000001111000011110000 0000111111111110000000000000111111110001000011110000000100010000 0010000000000001111011100000000011111101111011011101110000010000 1111111111110000111111110010000011100000111111111111000100011111 0000000100011101000100000001000000000000111111111100111111111110 0000000000001111111111111111111100000001111111110001111100100001 0100000100100000001000010000000100010010111111111111000011110000 0000000100011110111011100000111011101110000000010000000100001111 0000000100001111000000001111111011110000000011110001001000100001 0001000111111110000111001111000100001111111000010000111100011101 0000111100001100001000001111000011100000000111010000001000001110 0001000000100001111100110010000011110010000000100001000000011101 0001000000000000000000011110000011111110000011101101111111101011 1110000100000000000011110000000000000000111000000000110111010000 1111000000011111000100010010111000010011111111010001000100101111 1111111011111111111100010000111100011111111011110001001000010000 1111001011101111010011110011111100010000111100001110000111110001 0000111110110001111100011111111000010010000000010000001011110000 0001110011111111000100001111000100010000000011101111000100001100 0000111111111101111111110001000000001111000000101111111111110000 1111001000001111111111110000111100000001000011110001000100000000 0010000000000001000011111111000000001111000000010001001000100001 0000001011110000111011110001111100000001110100001110111000001111 0010000011111110111100000000001000011111000000000011000011110001 1110000000000000111111110000000100000000111111100000111111100001 0001000011111100111100101111000100011111000000000000000000100001 1111000000001110000100001111110111100000000111100000001000000001 0001111011110000111011100001000000001110111111110001000011101111 0001000100010000110111110001000111111110000000001110110011111100 0000000100010011111000100001111111100000000100001110001000010000 1111111011110000000000000011111100101110000011111111000000000000 0000111000000000001000001111111100000000110111101110000111101110 0000111011111100000000000000111000011111000011110001111000000001 1111000111111111000100100000111111111111111100001110000000010000 1111111100001110000000000001000000000000111100010000111111111110 0000000000000000000100100001111111101111000000101111111000010000 0001000011100010000111111111000100000000000000000001001000000000 1111000100001111110111100001000111110000110111100000111100000001 0010001000010000111011010001111111100000001000101111000111111111 0000110111111111111111101110000100011111000000001101000000001110 1111111100000000000000001111000011111110111111110000000000000000 0001111011010000111100000000110100101111110111100001000111110000 0000111000000001001000011111001000011111111000100010000100011111 0000111111010010000011110000111000110001111100010000000000001111 0011000011010010001011111110000100100001000111101111000000010001 0001000111110000000000001111000011101010111100010000111100001111 0001000100100000111111110001111111100000000100010000111100000000 1111000100011111110100000001001000011110111111100000000100011110 0000000000000000110100010000111000100000000011101111010000001111 0000000100000000000011100001000100000000000000011110111000100001 0001000000011111000100000000000011110000111100000000000100011111 0011111100010000111011100000111100000000000100010011111100010001 1111000100000000111000010000000011111111000100000000000000000001 0000111000000001111011011100110100000000110000000001000000000000 1110111100010001111011010000000100001011111000000000111000001110 1111111011000001000110111111000000000001000100100001110011101111 1101101100100010000111011101000100001110000000001111000000001111 1110111100000001000000000010000100000001000011110000111111110010 1111000100010001111100010000111000001111111100001101000100000000 1111111111111111111111100001000100010001000100101111111000001111 1011110100010001000000100011000100010001000111110000111111101101 1111000100001111110000100000111111110000001100001110000011101111 0010000100000000111100011110000000001101001000000010000000100001 1111000000100000000100100000111100101110111011010000000100000000 0000000111110000111111110000000011111110000000011100111100011110 1111000100010001111100000000000000010000000011010001000100000001 1111111111100000111011110000000100000001000111111110000011110010 0000000011110000111000001111001100010000000011101110111100010001 0000000011101110111111101110111000001111111111110000000000010000 0000111111101110001111101110000011111101111000100001000000011111 1110111000010000000000101110000000010001001000001111111011110001 0000111100000000000000010011000100010001111000000000111000001111 1111111011110000111111101101111100000001111100010010111100100000 0001000100001101111100001101000011111101111011010010111000011111 1111111011010001111111100001001000000000000000010001111111100001 0000000000001101111011110000000000001110000111011110001011111111 0000000100010000111100000001111000010010111000000001000000000001 0000111100011111111111110001000011101111111111111011111100100001 0000110111110001000111110000000000000011001000010001000011111101 1110000011110000001100000000000000000000000000001111111100010001 0100000000000000001000000001000000000000111100000001000111110001 0001000000101111111100000001111100001111000100000001001000000000 0001000100000000000010111011111111110010111100100000111100001100 0000111000011111111100001111111111111110000011100001111100010010 0010000100100000111010101011111100000001001000010000000011110001 1111000100000000000100010001000011011110000100001111110100000000 1111111100101110000000011110000100000000000011111110110100000010 0000101111101110000000000000000111111110111100010000110100001111 0011000100010001111000000001111000000001000000010001000100011111 0001001000010001001000010000000100000000000100001110110111011101 0001111111011111111011101110111000000001000000001111000011110010 0001000011111110000000010001000100010010000000100001000100011110 0001111011101101111011101111111111111111111100010001001000100001 0000000011110000000000011111111100001111111011110010000100000010 0000000111111111000011101111111100001111000100100000000000011111 0001001100010001111011101111111100001110000100001111111111100001 1011101111101111110100010001000000000001000000000000000000000001 1111000000000000000100100000111011111111111111110000000011010001 0001111100010000000000011111111100000001000100010001111100001101 0010000100010010000011110000000100010010000000010001111111110000 0000000100010001000100001110111011111111001000010001111011111111 1111110011111110111111110000000011111111000011110000000111110000 0001110111111011000000101111000100001110111100000000001000010000 1111000000001111000000001111000000001101111100000001111100010000 1111000011011111111011110000000000001111111100010000111000000000 1110110100001111111111101110111111111110000011111110111000100001 0000000000000000000000001110111100011111001100011111111100000001 1111000100001110111111111110111100000010001000001111000111100010 0001000000000001001000000001000011110000000000010000000011110001;
